att,bi,block,cos_1000_2500,cos_1000_5000,cos_2500_5000,d_in,d_out,ds,fro,kind,layer,proj,rms,s1,s16,s_ratio,side,srank,step
0,0,down_0,,,,320,320,pets,0.24839978568878207,attn1,unet.down_blocks.0.attentions.0.transformer_blocks.0.attn1.to_k,to_k,0.000776249330277444,0.10433047853793545,0.026307491977129432,0.252155384944044,down,5.668655112837729,1000
0,0,down_0,,,,320,320,pets,0.3832593520096896,attn1,unet.down_blocks.0.attentions.0.transformer_blocks.0.attn1.to_k,to_k,0.0011976854750302799,0.169790562936209,0.03806774887348152,0.22420415019051282,down,5.095167028669771,2500
0,0,down_0,0.7002025738464452,0.594077806898832,0.7914172537413139,320,320,pets,0.5279143197600867,attn1,unet.down_blocks.0.attentions.0.transformer_blocks.0.attn1.to_k,to_k,0.0016497322492502711,0.21613819550342392,0.054673185366384935,0.25295475998141587,down,5.965733411786546,5000
0,0,down_0,,,,320,320,pets,0.2715457123309413,attn1,unet.down_blocks.0.attentions.0.transformer_blocks.0.attn1.to_out.0,to_out,0.0008485803510341917,0.13925030282899403,0.02674706569706638,0.19207904868912956,down,3.8027134680696904,1000
0,0,down_0,,,,320,320,pets,0.43854399641333935,attn1,unet.down_blocks.0.attentions.0.transformer_blocks.0.attn1.to_out.0,to_out,0.0013704499887916854,0.2384820993058768,0.045042998604532085,0.1888737089099505,down,3.381541859632782,2500
0,0,down_0,0.7377858452825945,0.6149359404533644,0.8121741005439987,320,320,pets,0.6043287334684277,attn1,unet.down_blocks.0.attentions.0.transformer_blocks.0.attn1.to_out.0,to_out,0.0018885272920888367,0.3296160994599504,0.05909765166328993,0.17929237000291157,down,3.361473221276392,5000
0,0,down_0,,,,320,320,pets,0.26081407231635434,attn1,unet.down_blocks.0.attentions.0.transformer_blocks.0.attn1.to_q,to_q,0.0008150439759886073,0.11971420698842075,0.029278224187933192,0.2445676659810736,down,4.7464690613054765,1000
0,0,down_0,,,,320,320,pets,0.3942744984962249,attn1,unet.down_blocks.0.attentions.0.transformer_blocks.0.attn1.to_q,to_q,0.001232107807800703,0.180925913363109,0.04450323496994144,0.24597490841804256,down,4.748930661198583,2500
0,0,down_0,0.6880928010521121,0.5340523073152738,0.762574820344322,320,320,pets,0.5577019522957622,attn1,unet.down_blocks.0.attentions.0.transformer_blocks.0.attn1.to_q,to_q,0.0017428186009242571,0.2763470282234356,0.06765082109763516,0.2448038668356414,down,4.072815457563075,5000
0,0,down_0,,,,320,320,pets,0.23577738953466956,attn1,unet.down_blocks.0.attentions.0.transformer_blocks.0.attn1.to_v,to_v,0.0007368043422958424,0.11554198406083338,0.018638690231040943,0.16131530354565823,down,4.164133729315836,1000
0,0,down_0,,,,320,320,pets,0.3780966040160084,attn1,unet.down_blocks.0.attentions.0.transformer_blocks.0.attn1.to_v,to_v,0.0011815518875500264,0.1943424528761557,0.033129978358234294,0.1704721632763702,down,3.78503756101569,2500
0,0,down_0,0.7407124272143286,0.5950666979497353,0.7752396693282733,320,320,pets,0.5103832917667476,attn1,unet.down_blocks.0.attentions.0.transformer_blocks.0.attn1.to_v,to_v,0.0015949477867710862,0.25051562041686826,0.05338709512081281,0.21310884739232824,down,4.150718454343433,5000
0,0,down_0,,,,768,320,pets,0.4422707581227437,attn2,unet.down_blocks.0.attentions.0.transformer_blocks.0.attn2.to_k,to_k,0.0008921392087103724,0.3328864347580646,0.012268949323575721,0.03685626100232217,down,1.7651607254795456,1000
0,0,down_0,,,,768,320,pets,0.8384141376588945,attn2,unet.down_blocks.0.attentions.0.transformer_blocks.0.attn2.to_k,to_k,0.0016912312460300785,0.7057089451467681,0.019635484174268563,0.02782377113015752,down,1.411451440273446,2500
0,0,down_0,0.7187705060231138,0.6365979783803906,0.8323094678702544,768,320,pets,1.1772537044397986,attn2,unet.down_blocks.0.attentions.0.transformer_blocks.0.attn2.to_k,to_k,0.0023747312456022544,0.9083037239638683,0.02841819351744024,0.0312871044868365,down,1.6798787711165126,5000
0,0,down_0,,,,320,320,pets,0.26782141502969103,attn2,unet.down_blocks.0.attentions.0.transformer_blocks.0.attn2.to_out.0,to_out,0.0008369419219677845,0.18635893122549838,0.011957348762090586,0.06416300353011756,down,2.065333447701944,1000
0,0,down_0,,,,320,320,pets,0.39692517871833743,attn2,unet.down_blocks.0.attentions.0.transformer_blocks.0.attn2.to_out.0,to_out,0.0012403911834948044,0.25092926191996434,0.022131887600866627,0.08819970788391251,down,2.502157710067146,2500
0,0,down_0,0.7498505612337588,0.5940182018506599,0.7858163620733096,320,320,pets,0.5717251554282015,attn2,unet.down_blocks.0.attentions.0.transformer_blocks.0.attn2.to_out.0,to_out,0.0017866411107131295,0.312587964501905,0.039332160703009336,0.12582749552012784,down,3.345261693854098,5000
0,0,down_0,,,,320,320,pets,0.2772357611657841,attn2,unet.down_blocks.0.attentions.0.transformer_blocks.0.attn2.to_q,to_q,0.0008663617536430752,0.1663234961814273,0.01810839722054861,0.10887455853378522,down,2.778377729351163,1000
0,0,down_0,,,,320,320,pets,0.43787595584900946,attn2,unet.down_blocks.0.attentions.0.transformer_blocks.0.attn2.to_q,to_q,0.0013683623620281546,0.24122293538797882,0.02835357561033537,0.11754096087393999,down,3.2950726981173504,2500
0,0,down_0,0.7271066624824027,0.5697414023983313,0.7867751790308246,320,320,pets,0.6497105963354435,attn2,unet.down_blocks.0.attentions.0.transformer_blocks.0.attn2.to_q,to_q,0.002030345613548261,0.3669717091865671,0.04794467197641263,0.13064950451544954,down,3.1345465982711906,5000
0,0,down_0,,,,768,320,pets,0.32256755041877827,attn2,unet.down_blocks.0.attentions.0.transformer_blocks.0.attn2.to_v,to_v,0.0006506764327077341,0.21105579554108897,0.00305590816775821,0.014479148321531294,down,2.335859882132955,1000
0,0,down_0,,,,768,320,pets,0.4975745848582847,attn2,unet.down_blocks.0.attentions.0.transformer_blocks.0.attn2.to_v,to_v,0.0010036969170063572,0.2851437524962594,0.007224627130385057,0.025336789135788032,down,3.0450095385746807,2500
0,0,down_0,0.7340369163432586,0.5774792526806707,0.7696486910027753,768,320,pets,0.7750764772386156,attn2,unet.down_blocks.0.attentions.0.transformer_blocks.0.attn2.to_v,to_v,0.0015634678585324325,0.4138562952989736,0.021525026441951343,0.052010871131974605,down,3.50743783033872,5000
1,0,down_0,,,,320,320,pets,0.22364449922209736,attn1,unet.down_blocks.0.attentions.1.transformer_blocks.0.attn1.to_k,to_k,0.0006988890600690543,0.09778311781695857,0.025769614791776287,0.26353848565163107,down,5.2310476988366625,1000
1,0,down_0,,,,320,320,pets,0.33381220377897913,attn1,unet.down_blocks.0.attentions.1.transformer_blocks.0.attn1.to_k,to_k,0.0010431631368093097,0.14345963870997638,0.03802717036832065,0.2650722580251151,down,5.414332893526699,2500
1,0,down_0,0.6255569944849834,0.47252796213073467,0.7126121422669821,320,320,pets,0.4625035713671707,attn1,unet.down_blocks.0.attentions.1.transformer_blocks.0.attn1.to_k,to_k,0.0014453236605224083,0.18584430186731937,0.05212651592045507,0.28048487576266923,down,6.193436391421226,5000
1,0,down_0,,,,320,320,pets,0.23544049108863757,attn1,unet.down_blocks.0.attentions.1.transformer_blocks.0.attn1.to_out.0,to_out,0.0007357515346519924,0.1046782101725511,0.020761218316951248,0.19833371513258152,down,5.058825899231037,1000
1,0,down_0,,,,320,320,pets,0.3581903580364676,attn1,unet.down_blocks.0.attentions.1.transformer_blocks.0.attn1.to_out.0,to_out,0.0011193448688639612,0.15065054691011004,0.03563237066599686,0.23652334091596716,down,5.6530959513420544,2500
1,0,down_0,0.7033217685049494,0.5763026706933233,0.76391111004998,320,320,pets,0.4901942362431205,attn1,unet.down_blocks.0.attentions.1.transformer_blocks.0.attn1.to_out.0,to_out,0.0015318569882597514,0.19414255031460245,0.05714980774261422,0.2943703358692084,down,6.375216535183712,5000
1,0,down_0,,,,320,320,pets,0.2289673036372105,attn1,unet.down_blocks.0.attentions.1.transformer_blocks.0.attn1.to_q,to_q,0.0007155228238662828,0.10110632230523302,0.02457868102606389,0.24309736983472255,down,5.128499444729107,1000
1,0,down_0,,,,320,320,pets,0.3520695414952679,attn1,unet.down_blocks.0.attentions.1.transformer_blocks.0.attn1.to_q,to_q,0.0011002173171727123,0.1392556387136713,0.04084779245313485,0.29332954004917183,down,6.3919199915374625,2500
1,0,down_0,0.6313913624839604,0.4819416066393692,0.7064299176848351,320,320,pets,0.4925805158891882,attn1,unet.down_blocks.0.attentions.1.transformer_blocks.0.attn1.to_q,to_q,0.0015393141121537131,0.19346943197030914,0.056485969457633865,0.29196327751818957,down,6.482309240940911,5000
1,0,down_0,,,,320,320,pets,0.2118911280662957,attn1,unet.down_blocks.0.attentions.1.transformer_blocks.0.attn1.to_v,to_v,0.0006621597752071741,0.1068528533662257,0.015024289735373739,0.14060728620769478,down,3.9323602580332517,1000
1,0,down_0,,,,320,320,pets,0.3022995765649034,attn1,unet.down_blocks.0.attentions.1.transformer_blocks.0.attn1.to_v,to_v,0.0009446861767653232,0.13592791490948963,0.027813689132740287,0.2046208768173969,down,4.946041633001147,2500
1,0,down_0,0.6661838464175045,0.5006036191149166,0.7374176776251417,320,320,pets,0.42338698998968544,attn1,unet.down_blocks.0.attentions.1.transformer_blocks.0.attn1.to_v,to_v,0.001323084343717767,0.19599962517688127,0.05212651683610184,0.2659521251076878,down,4.666212747334469,5000
1,0,down_0,,,,768,320,pets,0.4188066583604839,attn2,unet.down_blocks.0.attentions.1.transformer_blocks.0.attn2.to_k,to_k,0.0008448079234952778,0.32627060801127616,0.011763558061039956,0.036054605509036226,down,1.647673856261227,1000
1,0,down_0,,,,768,320,pets,0.6637033054455614,attn2,unet.down_blocks.0.attentions.1.transformer_blocks.0.attn2.to_k,to_k,0.001338808254590351,0.44456388284738924,0.019910463351006102,0.04478650677486773,down,2.228843664310545,2500
1,0,down_0,0.7329901740909991,0.5651537890858503,0.7735238138512641,768,320,pets,0.9893120888964327,attn2,unet.down_blocks.0.attentions.1.transformer_blocks.0.attn2.to_k,to_k,0.00199561939817581,0.608551356519101,0.03798649236867865,0.062421177706283436,down,2.6428478557049453,5000
1,0,down_0,,,,320,320,pets,0.2593213265916698,attn2,unet.down_blocks.0.attentions.1.transformer_blocks.0.attn2.to_out.0,to_out,0.0008103791455989681,0.21654245917582562,0.008207990622294688,0.03790476312837133,down,1.4341360080425762,1000
1,0,down_0,,,,320,320,pets,0.38114974491291487,attn2,unet.down_blocks.0.attentions.1.transformer_blocks.0.attn2.to_out.0,to_out,0.001191092952852859,0.2823275710854367,0.014134746669759434,0.05006505958811242,down,1.822571954924155,2500
1,0,down_0,0.7249626866928925,0.5555849893364146,0.7659824916879173,320,320,pets,0.5342329048491766,attn2,unet.down_blocks.0.attentions.1.transformer_blocks.0.attn2.to_out.0,to_out,0.0016694778276536769,0.3371641957453258,0.026470193478832615,0.07850831675741353,down,2.510604878850594,5000
1,0,down_0,,,,320,320,pets,0.26428055151794094,attn2,unet.down_blocks.0.attentions.1.transformer_blocks.0.attn2.to_q,to_q,0.0008258767234935654,0.14681019762834807,0.01650938225022618,0.11245392021077374,down,3.2405442958997135,1000
1,0,down_0,,,,320,320,pets,0.39918690701913734,attn2,unet.down_blocks.0.attentions.1.transformer_blocks.0.attn2.to_q,to_q,0.0012474590844348042,0.21571281035553733,0.027033392338305182,0.12532121895657847,down,3.424527852971877,2500
1,0,down_0,0.7067617048125938,0.5957893748127401,0.7637893654198206,320,320,pets,0.5592670418442552,attn2,unet.down_blocks.0.attentions.1.transformer_blocks.0.attn2.to_q,to_q,0.0017477095057632976,0.2859520572008181,0.0410919174748606,0.1437021222267431,down,3.8251811129889206,5000
1,0,down_0,,,,768,320,pets,0.3287468396404579,attn2,unet.down_blocks.0.attentions.1.transformer_blocks.0.attn2.to_v,to_v,0.0006631411640863614,0.2693866723025397,0.0024877386898595985,0.009234824680063227,down,1.4892614983908754,1000
1,0,down_0,,,,768,320,pets,0.5178389547902359,attn2,unet.down_blocks.0.attentions.1.transformer_blocks.0.attn2.to_v,to_v,0.0010445737749583536,0.3437546320388484,0.007315058053545086,0.021279882136158088,down,2.269302110329652,2500
1,0,down_0,0.7454217219785387,0.5307340885599316,0.7543487796108582,768,320,pets,0.7625043921299384,attn2,unet.down_blocks.0.attentions.1.transformer_blocks.0.attn2.to_v,to_v,0.0015381077146506567,0.47269941122533293,0.013085901167416886,0.02768334560327793,down,2.602043642923847,5000
0,1,down_1,,,,640,640,pets,0.5181856121671299,attn1,unet.down_blocks.1.attentions.0.transformer_blocks.0.attn1.to_k,to_k,0.0008096650190111404,0.19025839171059394,0.07953977438138767,0.4180618456103492,down,7.417935590689001,1000
0,1,down_1,,,,640,640,pets,0.8320193119729588,attn1,unet.down_blocks.1.attentions.0.transformer_blocks.0.attn1.to_k,to_k,0.0013000301749577481,0.31102476636156917,0.11845626142359142,0.38085797092404183,down,7.156107707525017,2500
0,1,down_1,0.6645246731554765,0.5050094500569974,0.7654823717004775,640,640,pets,1.1873422006809387,attn1,unet.down_blocks.1.attentions.0.transformer_blocks.0.attn1.to_k,to_k,0.0018552221885639666,0.44353213843611733,0.15994582433778853,0.3606183418900676,down,7.166409468424533,5000
0,1,down_1,,,,640,640,pets,0.5509593194812615,attn1,unet.down_blocks.1.attentions.0.transformer_blocks.0.attn1.to_out.0,to_out,0.0008608739366894712,0.25818167227159977,0.0627567207427861,0.24307194306483465,down,4.553949897645774,1000
0,1,down_1,,,,640,640,pets,0.9022404336108181,attn1,unet.down_blocks.1.attentions.0.transformer_blocks.0.attn1.to_out.0,to_out,0.0014097506775169032,0.4344838448771643,0.10033554968822837,0.2309304497077328,down,4.312184219344742,2500
0,1,down_1,0.7217516375916444,0.5840042419545134,0.7915824370590401,640,640,pets,1.2843799100737943,attn1,unet.down_blocks.1.attentions.0.transformer_blocks.0.attn1.to_out.0,to_out,0.0020068436094903036,0.6128305452624874,0.15135966912493629,0.24698453805057313,down,4.392443666371846,5000
0,1,down_1,,,,640,640,pets,0.5068286102278973,attn1,unet.down_blocks.1.attentions.0.transformer_blocks.0.attn1.to_q,to_q,0.0007919197034810894,0.19257738559943152,0.07341175352581633,0.38120651237064584,down,6.926465449798364,1000
0,1,down_1,,,,640,640,pets,0.8004149317482885,attn1,unet.down_blocks.1.attentions.0.transformer_blocks.0.attn1.to_q,to_q,0.0012506483308567008,0.31330342812764017,0.11200783468224125,0.35750593394914637,down,6.526796467444113,2500
0,1,down_1,0.6534905054105613,0.5000007491379914,0.7480974827741069,640,640,pets,1.1405220055457506,attn1,unet.down_blocks.1.attentions.0.transformer_blocks.0.attn1.to_q,to_q,0.0017820656336652353,0.4544374819503632,0.15499808690282008,0.341076810472579,down,6.298817837752518,5000
0,1,down_1,,,,640,640,pets,0.49664795778177057,attn1,unet.down_blocks.1.attentions.0.transformer_blocks.0.attn1.to_v,to_v,0.0007760124340340165,0.23462016686286677,0.055525360739972766,0.23666064806963846,down,4.480914211915169,1000
0,1,down_1,,,,640,640,pets,0.8113667357028678,attn1,unet.down_blocks.1.attentions.0.transformer_blocks.0.attn1.to_v,to_v,0.001267760524535731,0.3559523378296119,0.09562118393461957,0.26863479677549346,down,5.195779330192034,2500
0,1,down_1,0.7088629793388838,0.5672465127670537,0.7728246826571032,640,640,pets,1.146553466934988,attn1,unet.down_blocks.1.attentions.0.transformer_blocks.0.attn1.to_v,to_v,0.0017914897920859186,0.4857827500584505,0.1539041880545992,0.31681690639711085,down,5.570631690995391,5000
0,1,down_1,,,,768,640,pets,0.6234480367607083,attn2,unet.down_blocks.1.attentions.0.transformer_blocks.0.attn2.to_k,to_k,0.0008892618572035154,0.5313439230754368,0.015232436354584305,0.028667753018456376,down,1.3767309868716955,1000
0,1,down_1,,,,768,640,pets,1.1102744207981239,attn2,unet.down_blocks.1.attentions.0.transformer_blocks.0.attn2.to_k,to_k,0.0015836519408648838,0.95495108132991,0.02492742334897672,0.02610335108921141,down,1.351756352225879,2500
0,1,down_1,0.7091461343611623,0.5884877145604649,0.8193909123601719,768,640,pets,1.542574331908946,attn2,unet.down_blocks.1.attentions.0.transformer_blocks.0.attn2.to_k,to_k,0.0022002675995182056,1.294004251564083,0.034818323105507386,0.02690742558490201,down,1.4210874187761018,5000
0,1,down_1,,,,640,640,pets,0.5235006646549797,attn2,unet.down_blocks.1.attentions.0.transformer_blocks.0.attn2.to_out.0,to_out,0.0008179697885234057,0.3254988846993613,0.0315920357505952,0.09705727802961407,down,2.586636878595488,1000
0,1,down_1,,,,640,640,pets,0.8260793756415364,attn2,unet.down_blocks.1.attentions.0.transformer_blocks.0.attn2.to_out.0,to_out,0.0012907490244399007,0.494165334337177,0.05964846170276918,0.12070547559305338,down,2.794467133363565,2500
0,1,down_1,0.7185730619512831,0.5727703159626583,0.783451302501827,640,640,pets,1.2349959581926495,attn2,unet.down_blocks.1.attentions.0.transformer_blocks.0.attn2.to_out.0,to_out,0.0019296811846760149,0.6910319666596828,0.08667885802284275,0.12543393389141153,down,3.193999152296212,5000
0,1,down_1,,,,640,640,pets,0.5055459504499203,attn2,unet.down_blocks.1.attentions.0.transformer_blocks.0.attn2.to_q,to_q,0.0007899155475780005,0.24793110516181982,0.054607313190038344,0.2202519653772253,down,4.157758300790845,1000
0,1,down_1,,,,640,640,pets,0.8174845003094736,attn2,unet.down_blocks.1.attentions.0.transformer_blocks.0.attn2.to_q,to_q,0.0012773195317335524,0.3966460082135968,0.0780422512929772,0.1967554183753461,down,4.247690627797329,2500
0,1,down_1,0.673400416871575,0.5469866739706704,0.7540221787670388,640,640,pets,1.162979154241202,attn2,unet.down_blocks.1.attentions.0.transformer_blocks.0.attn2.to_q,to_q,0.0018171549285018781,0.5035001205541084,0.11897992169406395,0.23630564688470182,down,5.33512627309297,5000
0,1,down_1,,,,768,640,pets,0.4406359434194826,attn2,unet.down_blocks.1.attentions.0.transformer_blocks.0.attn2.to_v,to_v,0.0006285058485896372,0.3704982124898834,0.006106383687147848,0.016481546958379955,down,1.4144500219920726,1000
0,1,down_1,,,,768,640,pets,0.7282956612902185,attn2,unet.down_blocks.1.attentions.0.transformer_blocks.0.attn2.to_v,to_v,0.001038812401619257,0.525268188069835,0.014446691023828928,0.02750345699958556,down,1.9224420033453513,2500
0,1,down_1,0.7237405468360522,0.562435788628589,0.7735941815259733,768,640,pets,1.1714854637404768,attn2,unet.down_blocks.1.attentions.0.transformer_blocks.0.attn2.to_v,to_v,0.001670960974687655,0.7241202020666689,0.03600502949363954,0.04972244855326464,down,2.617293823379523,5000
1,1,down_1,,,,640,640,pets,0.5097768373484762,attn1,unet.down_blocks.1.attentions.1.transformer_blocks.0.attn1.to_k,to_k,0.0007965263083569941,0.19280258310624396,0.07370410045853157,0.3822775570279413,down,6.990922713844324,1000
1,1,down_1,,,,640,640,pets,0.7930450637777895,attn1,unet.down_blocks.1.attentions.1.transformer_blocks.0.attn1.to_k,to_k,0.001239132912152796,0.28593077902330294,0.12230427681633121,0.4277408582388523,down,7.692613584183781,2500
1,1,down_1,0.6587730852175044,0.509339251609627,0.7394554873916563,640,640,pets,1.1448368839198637,attn1,unet.down_blocks.1.attentions.1.transformer_blocks.0.attn1.to_k,to_k,0.001788807631124787,0.40592282765342086,0.17902959064049154,0.44104341624597665,down,7.954269026737452,5000
1,1,down_1,,,,640,640,pets,0.5317263452437426,attn1,unet.down_blocks.1.attentions.1.transformer_blocks.0.attn1.to_out.0,to_out,0.0008308224144433479,0.2575252386314433,0.06168740132123393,0.2395392453534146,down,4.263210342153831,1000
1,1,down_1,,,,640,640,pets,0.8705664198761652,attn1,unet.down_blocks.1.attentions.1.transformer_blocks.0.attn1.to_out.0,to_out,0.0013602600310565081,0.40169585203066444,0.0964037632982058,0.23999193123569168,down,4.696876360946327,2500
1,1,down_1,0.7160666266016004,0.5689885251982348,0.7818424911208524,640,640,pets,1.2406280053917518,attn1,unet.down_blocks.1.attentions.1.transformer_blocks.0.attn1.to_out.0,to_out,0.0019384812584246121,0.5383102569442619,0.14579429484463519,0.27083692529330927,down,5.311508137470915,5000
1,1,down_1,,,,640,640,pets,0.5048285076361034,attn1,unet.down_blocks.1.attentions.1.transformer_blocks.0.attn1.to_q,to_q,0.0007887945431814116,0.20874601988829358,0.07577777494847024,0.3630142265180493,down,5.848592132877093,1000
1,1,down_1,,,,640,640,pets,0.7971844174649456,attn1,unet.down_blocks.1.attentions.1.transformer_blocks.0.attn1.to_q,to_q,0.0012456006522889775,0.29007205646406364,0.1155500990130666,0.3983496391262419,down,7.552762253693941,2500
1,1,down_1,0.6529182923177445,0.49926818523439775,0.7431348358336801,640,640,pets,1.165611980741186,attn1,unet.down_blocks.1.attentions.1.transformer_blocks.0.attn1.to_q,to_q,0.0018212687199081032,0.47206707973137957,0.1719922705771061,0.3643386246610861,down,6.096780712009931,5000
1,1,down_1,,,,640,640,pets,0.521666059794254,attn1,unet.down_blocks.1.attentions.1.transformer_blocks.0.attn1.to_v,to_v,0.0008151032184285218,0.2594804791180186,0.04864073398580588,0.18745430928421705,down,4.041808952783601,1000
1,1,down_1,,,,640,640,pets,0.7950594051299317,attn1,unet.down_blocks.1.attentions.1.transformer_blocks.0.attn1.to_v,to_v,0.0012422803205155183,0.3765760295899838,0.08670410998435564,0.2302433059235319,down,4.457525276269422,2500
1,1,down_1,0.7140470291805915,0.5650412909888392,0.7732060136126674,640,640,pets,1.121141843561608,attn1,unet.down_blocks.1.attentions.1.transformer_blocks.0.attn1.to_v,to_v,0.0017517841305650125,0.4841200630888691,0.12796374443894282,0.264322332816545,down,5.363088468148578,5000
1,1,down_1,,,,768,640,pets,0.5139797836209072,attn2,unet.down_blocks.1.attentions.1.transformer_blocks.0.attn2.to_k,to_k,0.0007331206291426958,0.3918793851474736,0.01733726089137972,0.04424131900904992,down,1.7202328566279623,1000
1,1,down_1,,,,768,640,pets,0.906280460451876,attn2,unet.down_blocks.1.attentions.1.transformer_blocks.0.attn2.to_k,to_k,0.0012926829469157841,0.6985043587849157,0.02898017981047019,0.04148890332034965,down,1.683398718443055,2500
1,1,down_1,0.6956664698410345,0.5396746406252086,0.7557003162898915,768,640,pets,1.4139209327817275,attn2,unet.down_blocks.1.attentions.1.transformer_blocks.0.attn2.to_k,to_k,0.0020167614307637963,1.0937913097233316,0.04003131820037057,0.03659868006310662,down,1.671018704702445,5000
1,1,down_1,,,,640,640,pets,0.4594617011622677,attn2,unet.down_blocks.1.attentions.1.transformer_blocks.0.attn2.to_out.0,to_out,0.0007179089080660433,0.34496720527468355,0.019141216414411282,0.05548706115171122,down,1.7739566869011691,1000
1,1,down_1,,,,640,640,pets,0.7024896464136277,attn2,unet.down_blocks.1.attentions.1.transformer_blocks.0.attn2.to_out.0,to_out,0.0010976400725212932,0.456539740081135,0.03443693839074468,0.07543031935100467,down,2.3676782310004545,2500
1,1,down_1,0.7222757771546349,0.5545308854485634,0.757929923694849,640,640,pets,1.0745493423954444,attn2,unet.down_blocks.1.attentions.1.transformer_blocks.0.attn2.to_out.0,to_out,0.001678983347492882,0.5956151984062463,0.07390363898625646,0.12407950499585743,down,3.254776585557853,5000
1,1,down_1,,,,640,640,pets,0.47154378876778386,attn2,unet.down_blocks.1.attentions.1.transformer_blocks.0.attn2.to_q,to_q,0.0007367871699496622,0.2919033779151103,0.03846739345136997,0.13178125490057482,down,2.6095511620744807,1000
1,1,down_1,,,,640,640,pets,0.7372422400536663,attn2,unet.down_blocks.1.attentions.1.transformer_blocks.0.attn2.to_q,to_q,0.0011519410000838536,0.4304084884164868,0.05657110186664126,0.13143584150668505,down,2.933990913064755,2500
1,1,down_1,0.6891600593956628,0.5196919731251116,0.766332822595855,640,640,pets,1.1280541614575414,attn2,unet.down_blocks.1.attentions.1.transformer_blocks.0.attn2.to_q,to_q,0.0017625846272774086,0.6488009760170041,0.09992826673034702,0.1540199081447252,down,3.022991422801314,5000
1,1,down_1,,,,768,640,pets,0.39750725982140883,attn2,unet.down_blocks.1.attentions.1.transformer_blocks.0.attn2.to_v,to_v,0.0005669887837923245,0.3526732121210661,0.002546902740199172,0.0072217073842423506,down,1.270413741753286,1000
1,1,down_1,,,,768,640,pets,0.5910381545945195,attn2,unet.down_blocks.1.attentions.1.transformer_blocks.0.attn2.to_v,to_v,0.0008430336708792811,0.46577995022642377,0.00551534384587618,0.011841093295654042,down,1.6101615633005253,2500
1,1,down_1,0.7153841072505036,0.5157782623655363,0.7214913684822445,768,640,pets,0.8991496321041618,attn2,unet.down_blocks.1.attentions.1.transformer_blocks.0.attn2.to_v,to_v,0.0012825118126977102,0.6333170084042298,0.019062959943844205,0.030100186306186827,down,2.0156802409764296,5000
0,2,down_2,,,,1280,1280,pets,1.036799870599529,attn1,unet.down_blocks.2.attentions.0.transformer_blocks.0.attn1.to_k,to_k,0.000809999898905882,0.4018004928992346,0.1670033565482764,0.4156375104053401,down,6.658385537407371,1000
0,2,down_2,,,,1280,1280,pets,1.7055915373316102,attn1,unet.down_blocks.2.attentions.0.transformer_blocks.0.attn1.to_k,to_k,0.0013324933885403205,0.755193342037321,0.26017016742942417,0.34450802588851054,down,5.100746733055509,2500
0,2,down_2,0.6703793836479996,0.5084439980917885,0.7553269867767146,1280,1280,pets,2.533273422515488,attn1,unet.down_blocks.2.attentions.0.transformer_blocks.0.attn1.to_k,to_k,0.001979119861340225,1.0709956076272888,0.36995641709228605,0.34543224496680897,down,5.594853952115174,5000
0,2,down_2,,,,1280,1280,pets,1.0676202018510397,attn1,unet.down_blocks.2.attentions.0.transformer_blocks.0.attn1.to_out.0,to_out,0.0008340782826961248,0.44961616911044455,0.15628703125832297,0.3476010028009743,down,5.638320049326309,1000
0,2,down_2,,,,1280,1280,pets,1.816714644235941,attn1,unet.down_blocks.2.attentions.0.transformer_blocks.0.attn1.to_out.0,to_out,0.001419308315809329,0.7542428602425084,0.24540353099571016,0.3253640755933793,down,5.801643228623309,2500
0,2,down_2,0.7087478752157302,0.5689895873499894,0.7860486023962027,1280,1280,pets,2.7270832189573198,attn1,unet.down_blocks.2.attentions.0.transformer_blocks.0.attn1.to_out.0,to_out,0.002130533764810406,1.103100681528361,0.3552937667583783,0.3220864357241752,down,6.111762593896507,5000
0,2,down_2,,,,1280,1280,pets,1.0372073123264522,attn1,unet.down_blocks.2.attentions.0.transformer_blocks.0.attn1.to_q,to_q,0.0008103182127550408,0.3812862539243371,0.17458644047102787,0.4578881055220863,down,7.399950981636896,1000
0,2,down_2,,,,1280,1280,pets,1.6681099370575863,attn1,unet.down_blocks.2.attentions.0.transformer_blocks.0.attn1.to_q,to_q,0.0013032108883262393,0.5666109824686552,0.28110277652915183,0.4961124743901384,down,8.667210868276634,2500
0,2,down_2,0.6769300336998179,0.5113230190158301,0.7479316767086118,1280,1280,pets,2.517909353950978,attn1,unet.down_blocks.2.attentions.0.transformer_blocks.0.attn1.to_q,to_q,0.0019671166827742014,0.9277836365666489,0.41219457139215715,0.4442787683963927,down,7.365237663882704,5000
0,2,down_2,,,,1280,1280,pets,1.0955447332075567,attn1,unet.down_blocks.2.attentions.0.transformer_blocks.0.attn1.to_v,to_v,0.0008558943228184037,0.4743743442345987,0.14675116861207607,0.3093573048282334,down,5.333568103765489,1000
0,2,down_2,,,,1280,1280,pets,1.8780553452268063,attn1,unet.down_blocks.2.attentions.0.transformer_blocks.0.attn1.to_v,to_v,0.0014672307384584423,0.8518291282518812,0.24205314417830842,0.2841569232024837,down,4.860845301947086,2500
0,2,down_2,0.7252159020670839,0.5965489662594017,0.8069055823881757,1280,1280,pets,2.717207050585893,attn1,unet.down_blocks.2.attentions.0.transformer_blocks.0.attn1.to_v,to_v,0.002122818008270229,1.2028181389442165,0.36509990099511175,0.3035370761165783,down,5.103234533877587,5000
0,2,down_2,,,,768,1280,pets,1.0529413100831495,attn2,unet.down_blocks.2.attentions.0.transformer_blocks.0.attn2.to_k,to_k,0.0010619854579390253,0.898067012847064,0.021269588767390792,0.023683743488096348,down,1.3746458979601037,1000
0,2,down_2,,,,768,1280,pets,1.7863625311999713,attn2,unet.down_blocks.2.attentions.0.transformer_blocks.0.attn2.to_k,to_k,0.001801706336881879,1.5626706496689473,0.03548633787994284,0.02270877608628577,down,1.3067854528479272,2500
0,2,down_2,0.7739831110398526,0.6479135074308863,0.8352148295513508,768,1280,pets,2.296714155339273,attn2,unet.down_blocks.2.attentions.0.transformer_blocks.0.attn2.to_k,to_k,0.002316441581934333,1.9161835355874535,0.050987693375799156,0.02660898208801675,down,1.436612648034142,5000
0,2,down_2,,,,1280,1280,pets,1.2006440940350693,attn2,unet.down_blocks.2.attentions.0.transformer_blocks.0.attn2.to_out.0,to_out,0.0009380031984648979,0.8367160125118185,0.07091145140952934,0.08474972433795479,down,2.059076192522526,1000
0,2,down_2,,,,1280,1280,pets,2.0108248704036162,attn2,unet.down_blocks.2.attentions.0.transformer_blocks.0.attn2.to_out.0,to_out,0.0015709569300028253,1.3578985791249651,0.1297079755351484,0.09552110704669321,down,2.192874757438609,2500
0,2,down_2,0.7557295134791382,0.6336352758674995,0.8250924499985702,1280,1280,pets,2.7762668853449175,attn2,unet.down_blocks.2.attentions.0.transformer_blocks.0.attn2.to_out.0,to_out,0.0021689585041757167,1.7088237201383965,0.2068491887384905,0.12104770451204758,down,2.639537875946019,5000
0,2,down_2,,,,1280,1280,pets,1.0453423661901362,attn2,unet.down_blocks.2.attentions.0.transformer_blocks.0.attn2.to_q,to_q,0.0008166737235860439,0.6376543706424409,0.09403049584205085,0.1474631088113056,down,2.6874873118983595,1000
0,2,down_2,,,,1280,1280,pets,1.794267883221432,attn2,unet.down_blocks.2.attentions.0.transformer_blocks.0.attn2.to_q,to_q,0.0014017717837667438,1.131123782249491,0.15656526689869557,0.13841567948233813,down,2.5162529648955148,2500
0,2,down_2,0.730515674337941,0.5768163044972636,0.7966618340381639,1280,1280,pets,2.5056454275600353,attn2,unet.down_blocks.2.attentions.0.transformer_blocks.0.attn2.to_q,to_q,0.0019575354902812776,1.4732081534691688,0.20899802299455705,0.14186591521530767,down,2.892750657068345,5000
0,2,down_2,,,,768,1280,pets,0.741965538886434,attn2,unet.down_blocks.2.attentions.0.transformer_blocks.0.attn2.to_v,to_v,0.0007483385873872319,0.6001605384834842,0.008897216283094898,0.014824727239776262,down,1.5283844002445393,1000
0,2,down_2,,,,768,1280,pets,1.2313077828383592,attn2,unet.down_blocks.2.attentions.0.transformer_blocks.0.attn2.to_v,to_v,0.0012418839940074333,0.8626081360467022,0.01879486189084445,0.021788412496293548,down,2.0375400265484434,2500
0,2,down_2,0.7699049259305556,0.6093325342041223,0.8057660283714062,768,1280,pets,1.8513903516279873,attn2,unet.down_blocks.2.attentions.0.transformer_blocks.0.attn2.to_v,to_v,0.0018672927081209083,1.1550922989865868,0.040575263908500976,0.03512729151090301,down,2.5689911927516276,5000
1,2,down_2,,,,1280,1280,pets,1.0278089383921538,attn1,unet.down_blocks.2.attentions.1.transformer_blocks.0.attn1.to_k,to_k,0.0008029757331188701,0.38200070628392263,0.15669513745493177,0.41019593649250446,down,7.239297905097228,1000
1,2,down_2,,,,1280,1280,pets,1.7451914188764035,attn1,unet.down_blocks.2.attentions.1.transformer_blocks.0.attn1.to_k,to_k,0.0013634307959971901,0.6812496914770012,0.26927654810185947,0.3952685064972982,down,6.562563225964698,2500
1,2,down_2,0.6992601339817995,0.5402023845597776,0.7591885170034367,1280,1280,pets,2.631741348250737,attn1,unet.down_blocks.2.attentions.1.transformer_blocks.0.attn1.to_k,to_k,0.002056047928320888,1.0809365160137714,0.3967007156316567,0.36699723781614074,down,5.927697476450739,5000
1,2,down_2,,,,1280,1280,pets,1.041886806968662,attn1,unet.down_blocks.2.attentions.1.transformer_blocks.0.attn1.to_out.0,to_out,0.0008139740679442672,0.4329631263499942,0.14737375373073347,0.34038407606009624,down,5.790809200246839,1000
1,2,down_2,,,,1280,1280,pets,1.8390839409669477,attn1,unet.down_blocks.2.attentions.1.transformer_blocks.0.attn1.to_out.0,to_out,0.0014367843288804279,0.7527521471932677,0.2530079754526106,0.3361105994795008,down,5.968965905694857,2500
1,2,down_2,0.6955445640505611,0.5593050426688594,0.79464244629995,1280,1280,pets,2.7740319189019527,attn1,unet.down_blocks.2.attentions.1.transformer_blocks.0.attn1.to_out.0,to_out,0.0021672124366421503,1.0661888608617167,0.3911702692452432,0.36688647162294585,down,6.769469347291221,5000
1,2,down_2,,,,1280,1280,pets,1.010873713726822,attn1,unet.down_blocks.2.attentions.1.transformer_blocks.0.attn1.to_q,to_q,0.0007897450888490797,0.3864619105793767,0.17168957365823698,0.44426001362163503,down,6.841958156254848,1000
1,2,down_2,,,,1280,1280,pets,1.6892548132641263,attn1,unet.down_blocks.2.attentions.1.transformer_blocks.0.attn1.to_q,to_q,0.0013197303228625987,0.6684475780868944,0.2766239002831188,0.4138303576098218,down,6.386392730471991,2500
1,2,down_2,0.6885590638778991,0.5553600741147133,0.7734564552156477,1280,1280,pets,2.596703905421165,attn1,unet.down_blocks.2.attentions.1.transformer_blocks.0.attn1.to_q,to_q,0.002028674926110285,1.1380213492119526,0.41803557514082756,0.36733544184413175,down,5.206478067995084,5000
1,2,down_2,,,,1280,1280,pets,1.060217254125361,attn1,unet.down_blocks.2.attentions.1.transformer_blocks.0.attn1.to_v,to_v,0.0008282947297854383,0.5717880246327426,0.12117779562509873,0.21192783060283713,down,3.4381088691410913,1000
1,2,down_2,,,,1280,1280,pets,1.7968432789286637,attn1,unet.down_blocks.2.attentions.1.transformer_blocks.0.attn1.to_v,to_v,0.0014037838116630185,0.8833373576343969,0.2247131373585773,0.25439107201394223,down,4.137778164357754,2500
1,2,down_2,0.7299485783200236,0.5789675617176895,0.788588772244997,1280,1280,pets,2.6062291136933116,attn1,unet.down_blocks.2.attentions.1.transformer_blocks.0.attn1.to_v,to_v,0.0020361164950728995,1.1012893860088455,0.3475315929093098,0.31556791277975543,down,5.60044164777555,5000
1,2,down_2,,,,768,1280,pets,0.8262761767370023,attn2,unet.down_blocks.2.attentions.1.transformer_blocks.0.attn2.to_k,to_k,0.0008333734041329026,0.6772950253673232,0.03599440287712218,0.05314434851725218,down,1.4883144251177411,1000
1,2,down_2,,,,768,1280,pets,1.4227301252656226,attn2,unet.down_blocks.2.attentions.1.transformer_blocks.0.attn2.to_k,to_k,0.0014349505420055595,1.1744553046492967,0.053070633924187746,0.04518744452351478,down,1.4674795819396174,2500
1,2,down_2,0.7131233871082002,0.5300635362151725,0.754066045181772,768,1280,pets,2.113079327432755,attn2,unet.down_blocks.2.attentions.1.transformer_blocks.0.attn2.to_k,to_k,0.0021312294386359974,1.6038422933103946,0.07488288313115844,0.04668967980423884,down,1.735834354061672,5000
1,2,down_2,,,,1280,1280,pets,1.1925671630536683,attn2,unet.down_blocks.2.attentions.1.transformer_blocks.0.attn2.to_out.0,to_out,0.0009316930961356783,0.5938311115557864,0.10867656216423231,0.18300920926744488,down,4.033107517141008,1000
1,2,down_2,,,,1280,1280,pets,2.0249941216724037,attn2,unet.down_blocks.2.attentions.1.transformer_blocks.0.attn2.to_out.0,to_out,0.0015820266575565655,0.9839482873755746,0.18923303310713382,0.19232010008560874,down,4.235483414006789,2500
1,2,down_2,0.7524380752877997,0.6055921150857893,0.8288225819537431,1280,1280,pets,2.9555762643782906,attn2,unet.down_blocks.2.attentions.1.transformer_blocks.0.attn2.to_out.0,to_out,0.0023090439565455396,1.346879931006543,0.26988719792150884,0.20037955255582302,down,4.815335782563995,5000
1,2,down_2,,,,1280,1280,pets,0.988914822053266,attn2,unet.down_blocks.2.attentions.1.transformer_blocks.0.attn2.to_q,to_q,0.000772589704729114,0.4493757981780721,0.13093773500208528,0.29137691778897085,down,4.8428209693011635,1000
1,2,down_2,,,,1280,1280,pets,1.7123678344702313,attn2,unet.down_blocks.2.attentions.1.transformer_blocks.0.attn2.to_q,to_q,0.0013377873706798683,0.8081272449671262,0.2214214610622825,0.27399331286162704,down,4.489878877706875,2500
1,2,down_2,0.7384854135762546,0.5699097591439488,0.786052255315669,1280,1280,pets,2.6129442948096044,attn2,unet.down_blocks.2.attentions.1.transformer_blocks.0.attn2.to_q,to_q,0.0020413627303200034,1.2084170373850598,0.32437751848597585,0.26843176523554224,down,4.67548451314018,5000
1,2,down_2,,,,768,1280,pets,0.617007171688537,attn2,unet.down_blocks.2.attentions.1.transformer_blocks.0.attn2.to_v,to_v,0.0006223069011563136,0.4546902794719147,0.011867003390011522,0.026099091900082114,down,1.8414040093770703,1000
1,2,down_2,,,,768,1280,pets,1.0362977417446821,attn2,unet.down_blocks.2.attentions.1.transformer_blocks.0.attn2.to_v,to_v,0.0010451989311170595,0.6263827784124293,0.02955632525137542,0.047185724560126145,down,2.7370925705383304,2500
1,2,down_2,0.7257245080253601,0.5598266438869176,0.7685564315235893,768,1280,pets,1.6944722661014258,attn2,unet.down_blocks.2.attentions.1.transformer_blocks.0.attn2.to_v,to_v,0.001709026788338845,0.8940880320825081,0.07137645174867463,0.0798315704801738,down,3.5917687434678527,5000
0,-1,mid,,,,1280,1280,pets,0.989396221533404,attn1,unet.mid_block.attentions.0.transformer_blocks.0.attn1.to_k,to_k,0.0007729657980729719,0.426771212482983,0.13035151721557023,0.30543652758857964,mid,5.374650908787264,1000
0,-1,mid,,,,1280,1280,pets,1.66428899958625,attn1,unet.mid_block.attentions.0.transformer_blocks.0.attn1.to_k,to_k,0.0013002257809267578,0.6986814454017457,0.20875453122139664,0.29878356237349574,mid,5.674127171933727,2500
0,-1,mid,0.6828961942853958,0.5599492815206226,0.7699265899065264,1280,1280,pets,2.695158516014356,attn1,unet.mid_block.attentions.0.transformer_blocks.0.attn1.to_k,to_k,0.0021055925906362156,1.2353117240575717,0.32233342822858735,0.26093286573030616,mid,4.7600936843250645,5000
0,-1,mid,,,,1280,1280,pets,1.0798964888885092,attn1,unet.mid_block.attentions.0.transformer_blocks.0.attn1.to_out.0,to_out,0.0008436691319441478,0.48100216978941784,0.14540767863048873,0.30230150249456883,mid,5.0404601706807615,1000
0,-1,mid,,,,1280,1280,pets,1.8150856086844394,attn1,unet.mid_block.attentions.0.transformer_blocks.0.attn1.to_out.0,to_out,0.0014180356317847183,0.7778307275829289,0.23754975224159225,0.3054003188839897,mid,5.445327886084253,2500
0,-1,mid,0.713757730893238,0.5901207050636215,0.8096817802776105,1280,1280,pets,2.766252191195419,attn1,unet.mid_block.attentions.0.transformer_blocks.0.attn1.to_out.0,to_out,0.002161134524371421,1.1789845193068382,0.3567304776305312,0.3025743525795098,mid,5.505126928079421,5000
0,-1,mid,,,,1280,1280,pets,1.001218131304221,attn1,unet.mid_block.attentions.0.transformer_blocks.0.attn1.to_q,to_q,0.0007822016650814226,0.4464058246427885,0.13633536930759843,0.30540678858008463,mid,5.030344243789341,1000
0,-1,mid,,,,1280,1280,pets,1.6704682876755743,attn1,unet.mid_block.attentions.0.transformer_blocks.0.attn1.to_q,to_q,0.0013050533497465425,0.7231455718988983,0.2088692735507596,0.28883433940180614,mid,5.336112883501907,2500
0,-1,mid,0.6782871351054968,0.5365316863424195,0.7564314928795204,1280,1280,pets,2.7280614529349956,attn1,unet.mid_block.attentions.0.transformer_blocks.0.attn1.to_q,to_q,0.0021312980101054653,1.2686304470053749,0.32983512575679713,0.25999307090207313,mid,4.624215209401789,5000
0,-1,mid,,,,1280,1280,pets,0.997945310331388,attn1,unet.mid_block.attentions.0.transformer_blocks.0.attn1.to_v,to_v,0.0007796447736963969,0.47317115900043305,0.12192039381533244,0.2576665789877968,mid,4.448124685234917,1000
0,-1,mid,,,,1280,1280,pets,1.7277665518301186,attn1,unet.mid_block.attentions.0.transformer_blocks.0.attn1.to_v,to_v,0.0013498176186172801,0.7169208241166894,0.22447311188408345,0.31310725582654736,mid,5.808015057481365,2500
0,-1,mid,0.6888783725313208,0.5494607919794,0.803835528287548,1280,1280,pets,2.670510155170662,attn1,unet.mid_block.attentions.0.transformer_blocks.0.attn1.to_v,to_v,0.0020863360587270795,1.013386144434966,0.32920390026438423,0.3248553397658091,mid,6.944461002786957,5000
0,-1,mid,,,,768,1280,pets,0.7521611875046881,attn2,unet.mid_block.attentions.0.transformer_blocks.0.attn2.to_k,to_k,0.0007586218106430342,0.5314252053616015,0.029444445977497284,0.055406566494079226,mid,2.00326102204957,1000
0,-1,mid,,,,768,1280,pets,1.2907743752134313,attn2,unet.mid_block.attentions.0.transformer_blocks.0.attn2.to_k,to_k,0.0013018613695085684,0.8564041839665999,0.04482185361365791,0.05233726603956664,mid,2.2716588414430676,2500
0,-1,mid,0.6803107491010202,0.5453426793015961,0.7790032963759961,768,1280,pets,2.040409084489328,attn2,unet.mid_block.attentions.0.transformer_blocks.0.attn2.to_k,to_k,0.0020579350009576796,1.187758258325256,0.08063783689464385,0.06789078192421372,mid,2.951062310481325,5000
0,-1,mid,,,,1280,1280,pets,1.1600740150416304,attn2,unet.mid_block.attentions.0.transformer_blocks.0.attn2.to_out.0,to_out,0.0009063078242512738,0.7147963264662913,0.0904557645493515,0.12654760691976955,mid,2.633945436989546,1000
0,-1,mid,,,,1280,1280,pets,1.9427846779692215,attn2,unet.mid_block.attentions.0.transformer_blocks.0.attn2.to_out.0,to_out,0.0015178005296634543,1.125887085737413,0.1399499176656114,0.12430191218860065,mid,2.9775541205477034,2500
0,-1,mid,0.7468762473541917,0.6196424465248971,0.8231840715514942,1280,1280,pets,2.867621577346994,attn2,unet.mid_block.attentions.0.transformer_blocks.0.attn2.to_out.0,to_out,0.002240329357302339,1.5301233751585281,0.21216008219134838,0.13865553957004778,mid,3.5122933352035672,5000
0,-1,mid,,,,1280,1280,pets,1.007614448277799,attn2,unet.mid_block.attentions.0.transformer_blocks.0.attn2.to_q,to_q,0.0007871987877170304,0.5530928165674089,0.11581294613923622,0.20939152104341488,mid,3.3188890674209928,1000
0,-1,mid,,,,1280,1280,pets,1.7046864725174187,attn2,unet.mid_block.attentions.0.transformer_blocks.0.attn2.to_q,to_q,0.0013317863066542334,0.8280380426042221,0.1743534888074271,0.21056217207010977,mid,4.2382683357246425,2500
0,-1,mid,0.6792072511866639,0.5439772505935903,0.7937800765465266,1280,1280,pets,2.6735645998217508,attn2,unet.mid_block.attentions.0.transformer_blocks.0.attn2.to_q,to_q,0.0020887223436107426,1.4142788778581532,0.2618318998313798,0.18513456145785734,mid,3.573643729455839,5000
0,-1,mid,,,,768,1280,pets,0.7917773260628833,attn2,unet.mid_block.attentions.0.transformer_blocks.0.attn2.to_v,to_v,0.0007985782285797361,0.6053086359380846,0.014903011304329342,0.02462051657537186,mid,1.711009345056369,1000
0,-1,mid,,,,768,1280,pets,1.2785579188760279,attn2,unet.mid_block.attentions.0.transformer_blocks.0.attn2.to_v,to_v,0.0012895399809813722,0.9525461231063801,0.029472421964681927,0.03094067704413979,mid,1.8016431935053716,2500
0,-1,mid,0.741754467990774,0.5957340970330833,0.7988171173510841,768,1280,pets,1.8827014458326063,attn2,unet.mid_block.attentions.0.transformer_blocks.0.attn2.to_v,to_v,0.0018988727462474764,1.2696437843793966,0.058035933008126206,0.04571040611717265,mid,2.198867855207433,5000
0,1,up_1,,,,1280,1280,pets,1.0886132412020615,attn1,unet.up_blocks.1.attentions.0.transformer_blocks.0.attn1.to_k,to_k,0.0008504790946891105,0.41899695586833596,0.1540207862628926,0.36759404598464795,up_b,6.750337539941789,1000
0,1,up_1,,,,1280,1280,pets,1.8531038138198264,attn1,unet.up_blocks.1.attentions.0.transformer_blocks.0.attn1.to_k,to_k,0.0014477373545467393,0.687701204861212,0.2622327350312695,0.3813178356786387,up_b,7.261058391808137,2500
0,1,up_1,0.6965619446138042,0.5601930195796235,0.7980881906542809,1280,1280,pets,2.823049451205534,attn1,unet.up_blocks.1.attentions.0.transformer_blocks.0.attn1.to_k,to_k,0.0022055073837543232,1.0795045530586553,0.3842923681231527,0.3559895759904887,up_b,6.8389277340573535,5000
0,1,up_1,,,,1280,1280,pets,1.069165821546644,attn1,unet.up_blocks.1.attentions.0.transformer_blocks.0.attn1.to_out.0,to_out,0.0008352857980833156,0.41149695080544885,0.1532390458586319,0.3723941223833797,up_b,6.7508256401879,1000
0,1,up_1,,,,1280,1280,pets,1.8815699247515976,attn1,unet.up_blocks.1.attentions.0.transformer_blocks.0.attn1.to_out.0,to_out,0.0014699765037121857,0.7114621053511356,0.26776866985708236,0.3763639241543688,up_b,6.99418602187027,2500
0,1,up_1,0.7094523707223102,0.5809413757448268,0.8121237643858604,1280,1280,pets,2.8277617052170756,attn1,unet.up_blocks.1.attentions.0.transformer_blocks.0.attn1.to_out.0,to_out,0.0022091888322008403,1.0250777669790578,0.40192321074253273,0.3920904576118311,up_b,7.609778034122572,5000
0,1,up_1,,,,1280,1280,pets,1.0494152328698283,attn1,unet.up_blocks.1.attentions.0.transformer_blocks.0.attn1.to_q,to_q,0.0008198556506795534,0.39186836380144296,0.17048608432343795,0.4350595763066551,up_b,7.171571303641322,1000
0,1,up_1,,,,1280,1280,pets,1.7732276402141316,attn1,unet.up_blocks.1.attentions.0.transformer_blocks.0.attn1.to_q,to_q,0.0013853340939172904,0.7235491129431052,0.2893651978218012,0.39992474960653407,up_b,6.006105460558908,2500
0,1,up_1,0.6966345031218134,0.5468279321870235,0.7913752173189673,1280,1280,pets,2.7411145764680365,attn1,unet.up_blocks.1.attentions.0.transformer_blocks.0.attn1.to_q,to_q,0.0021414957628656537,1.091599257654307,0.42210478235796073,0.38668474662121377,up_b,6.305621740385892,5000
0,1,up_1,,,,1280,1280,pets,1.0876259067873875,attn1,unet.up_blocks.1.attentions.0.transformer_blocks.0.attn1.to_v,to_v,0.0008497077396776465,0.46875588095381815,0.13330230381985506,0.28437468037438446,up_b,5.383511297178324,1000
0,1,up_1,,,,1280,1280,pets,1.8350837609558381,attn1,unet.up_blocks.1.attentions.0.transformer_blocks.0.attn1.to_v,to_v,0.0014336591882467486,0.7379461999281873,0.2507566673185881,0.3398034536162532,up_b,6.183898929343971,2500
0,1,up_1,0.7166545652071542,0.5843354863169149,0.8103180009017408,1280,1280,pets,2.7578821987757522,attn1,unet.up_blocks.1.attentions.0.transformer_blocks.0.attn1.to_v,to_v,0.0021545954677935565,0.9998092909858196,0.38851025424742525,0.388584360787797,up_b,7.60881608522147,5000
0,1,up_1,,,,768,1280,pets,0.8681771939451556,attn2,unet.up_blocks.1.attentions.0.transformer_blocks.0.attn2.to_k,to_k,0.000875634326486113,0.5963248983193151,0.043759429853487776,0.07338185941391942,up_b,2.1195851143331184,1000
0,1,up_1,,,,768,1280,pets,1.4885820295500813,attn2,unet.up_blocks.1.attentions.0.transformer_blocks.0.attn2.to_k,to_k,0.0015013680754976826,0.9820847520288902,0.07051409469624927,0.07180041697070859,up_b,2.2974581400362193,2500
0,1,up_1,0.7852013107159829,0.5910349148389875,0.8042775118277145,768,1280,pets,2.299871649103905,attn2,unet.up_blocks.1.attentions.0.transformer_blocks.0.attn2.to_k,to_k,0.0023196261967171903,1.5134741644154315,0.10504676236254616,0.06940770105786359,up_b,2.3091767478423466,5000
0,1,up_1,,,,1280,1280,pets,1.2729249535427578,attn2,unet.up_blocks.1.attentions.0.transformer_blocks.0.attn2.to_out.0,to_out,0.0009944726199552795,0.6187862778303103,0.09723765577522797,0.15714255351003995,up_b,4.231791402241131,1000
0,1,up_1,,,,1280,1280,pets,2.3532703556450985,attn2,unet.up_blocks.1.attentions.0.transformer_blocks.0.attn2.to_out.0,to_out,0.0018384924653477332,1.1137327577424057,0.18075573763035638,0.16229722648793923,up_b,4.464590808986158,2500
0,1,up_1,0.7831628476114232,0.6521641195279151,0.8582719716977958,1280,1280,pets,3.522143435495647,attn2,unet.up_blocks.1.attentions.0.transformer_blocks.0.attn2.to_out.0,to_out,0.0027516745589809743,1.6000371526025512,0.2973562640142765,0.1858433496563562,up_b,4.845671203034516,5000
0,1,up_1,,,,1280,1280,pets,1.2378158316510315,attn2,unet.up_blocks.1.attentions.0.transformer_blocks.0.attn2.to_q,to_q,0.0009670436184773684,0.7335610149544748,0.11455064146366457,0.15615693736229105,up_b,2.847341647967417,1000
0,1,up_1,,,,1280,1280,pets,2.0671420393730715,attn2,unet.up_blocks.1.attentions.0.transformer_blocks.0.attn2.to_q,to_q,0.0016149547182602122,1.3282690331946199,0.1735160829306786,0.1306332366368243,up_b,2.4219687934339547,2500
0,1,up_1,0.7923182374988268,0.6357583286059619,0.8206260443404128,1280,1280,pets,3.0553640662072623,attn2,unet.up_blocks.1.attentions.0.transformer_blocks.0.attn2.to_q,to_q,0.0023870031767244237,1.858547458287193,0.23096505551308133,0.1242718094085878,up_b,2.7025803985977506,5000
0,1,up_1,,,,768,1280,pets,0.6207562804575214,attn2,unet.up_blocks.1.attentions.0.transformer_blocks.0.attn2.to_v,to_v,0.0006260882125691773,0.46253488252122243,0.008674496196015197,0.01875425297381152,up_b,1.8011640173179295,1000
0,1,up_1,,,,768,1280,pets,1.098644153565439,attn2,unet.up_blocks.1.attentions.0.transformer_blocks.0.attn2.to_v,to_v,0.0011080808620226794,0.6316635352692774,0.024505415397566163,0.03879504519303862,up_b,3.025119148853472,2500
0,1,up_1,0.709343657304305,0.5312588823677974,0.7619496495581863,768,1280,pets,1.8590295594931003,attn2,unet.up_blocks.1.attentions.0.transformer_blocks.0.attn2.to_v,to_v,0.0018749975322979394,0.9746611334233217,0.062271809573199444,0.06389072821082023,up_b,3.6380217783937927,5000
1,1,up_1,,,,1280,1280,pets,1.1326554134629918,attn1,unet.up_blocks.1.attentions.1.transformer_blocks.0.attn1.to_k,to_k,0.0008848870417679624,0.47395355567279573,0.16211310082651925,0.34204427603964976,up_b,5.711156203123844,1000
1,1,up_1,,,,1280,1280,pets,1.9228364387227188,attn1,unet.up_blocks.1.attentions.1.transformer_blocks.0.attn1.to_k,to_k,0.001502215967752124,0.8229540387003198,0.266535680290176,0.3238767510165114,up_b,5.459256821837551,2500
1,1,up_1,0.7184310406015251,0.5953909098178659,0.8122651690250289,1280,1280,pets,2.9416883172049144,attn1,unet.up_blocks.1.attentions.1.transformer_blocks.0.attn1.to_k,to_k,0.0022981939978163396,1.29176776508645,0.3924153726225094,0.30378167285839297,up_b,5.185903434505236,5000
1,1,up_1,,,,1280,1280,pets,1.165987155910628,attn1,unet.up_blocks.1.attentions.1.transformer_blocks.0.attn1.to_out.0,to_out,0.0009109274655551781,0.548070886269528,0.15397285490827145,0.2809360226307502,up_b,4.525994972894678,1000
1,1,up_1,,,,1280,1280,pets,1.9777470981965906,attn1,unet.up_blocks.1.attentions.1.transformer_blocks.0.attn1.to_out.0,to_out,0.0015451149204660864,0.8345835434019591,0.26406919713781063,0.31640834428798154,up_b,5.61567386922643,2500
1,1,up_1,0.7518453093743339,0.624750400482668,0.8367424136575766,1280,1280,pets,2.920546704322358,attn1,unet.up_blocks.1.attentions.1.transformer_blocks.0.attn1.to_out.0,to_out,0.0022816771127518423,1.1576970018903063,0.3929773634852028,0.33944750901448567,up_b,6.364121967370008,5000
1,1,up_1,,,,1280,1280,pets,1.0669691092977573,attn1,unet.up_blocks.1.attentions.1.transformer_blocks.0.attn1.to_q,to_q,0.0008335696166388729,0.40985062999470306,0.16094822381938192,0.3926997106762091,up_b,6.777233954032151,1000
1,1,up_1,,,,1280,1280,pets,1.8400119995023643,attn1,unet.up_blocks.1.attentions.1.transformer_blocks.0.attn1.to_q,to_q,0.001437509374611222,0.7321138131930366,0.2561310260439326,0.34985137751580503,up_b,6.316610653759293,2500
1,1,up_1,0.7039577160883552,0.5662470920957844,0.7970649530577396,1280,1280,pets,2.7941118529659232,attn1,unet.up_blocks.1.attentions.1.transformer_blocks.0.attn1.to_q,to_q,0.0021828998851296274,1.1121786286070685,0.38904243186191273,0.3498021107896697,up_b,6.311585711222848,5000
1,1,up_1,,,,1280,1280,pets,1.116630986323472,attn1,unet.up_blocks.1.attentions.1.transformer_blocks.0.attn1.to_v,to_v,0.0008723679580652125,0.4451366396818594,0.15572053025668345,0.34982635976220117,up_b,6.292636782584632,1000
1,1,up_1,,,,1280,1280,pets,1.915741432536254,attn1,unet.up_blocks.1.attentions.1.transformer_blocks.0.attn1.to_v,to_v,0.0014966729941689484,0.7150685629631126,0.27841372875529324,0.3893524945378636,up_b,7.177586142880996,2500
1,1,up_1,0.7381468749297484,0.6061492198938275,0.8221897233194537,1280,1280,pets,2.9004643593649466,attn1,unet.up_blocks.1.attentions.1.transformer_blocks.0.attn1.to_v,to_v,0.0022659877807538645,1.043468993100321,0.4187670814281308,0.40132201742181506,up_b,7.726378323726114,5000
1,1,up_1,,,,768,1280,pets,0.920358192057454,attn2,unet.up_blocks.1.attentions.1.transformer_blocks.0.attn2.to_k,to_k,0.0009282635287458558,0.5257604171906708,0.042995406576442956,0.08177756478166055,up_b,3.064347349672517,1000
1,1,up_1,,,,768,1280,pets,1.6520408158809048,attn2,unet.up_blocks.1.attentions.1.transformer_blocks.0.attn2.to_k,to_k,0.001666230876865015,0.9315981141848776,0.08650776646355078,0.09285953368340882,up_b,3.144737101044519,2500
1,1,up_1,0.7691541295216218,0.627675176124415,0.8495663395078904,768,1280,pets,2.4334853535508514,attn2,unet.up_blocks.1.attentions.1.transformer_blocks.0.attn2.to_k,to_k,0.0024543875644640924,1.2832488342108554,0.1378752325733131,0.10744232053645357,up_b,3.5961327617389607,5000
1,1,up_1,,,,1280,1280,pets,1.3524029782953837,attn2,unet.up_blocks.1.attentions.1.transformer_blocks.0.attn2.to_out.0,to_out,0.0010565648267932685,0.6891279750582551,0.094148503855247,0.13661976768145018,up_b,3.8513454624463703,1000
1,1,up_1,,,,1280,1280,pets,2.5656285676002484,attn2,unet.up_blocks.1.attentions.1.transformer_blocks.0.attn2.to_out.0,to_out,0.002004397318437694,1.3282480948912216,0.19996515985593666,0.1505480494382437,up_b,3.7310336166749205,2500
1,1,up_1,0.7830916461059227,0.6560488857070262,0.8666390178949529,1280,1280,pets,3.8019678630647595,attn2,unet.up_blocks.1.attentions.1.transformer_blocks.0.attn2.to_out.0,to_out,0.0029702873930193435,1.7211917258790332,0.30111963487600263,0.17494833977441834,up_b,4.8793096915219945,5000
1,1,up_1,,,,1280,1280,pets,1.1369927847317005,attn2,unet.up_blocks.1.attentions.1.transformer_blocks.0.attn2.to_q,to_q,0.000888275613071641,0.5783257794795836,0.11806342138281677,0.20414691091422235,up_b,3.865185250946911,1000
1,1,up_1,,,,1280,1280,pets,1.9909060045805098,attn2,unet.up_blocks.1.attentions.1.transformer_blocks.0.attn2.to_q,to_q,0.0015553953160785234,0.9363967843681429,0.23112331420600635,0.24682198621812074,up_b,4.520450162868837,2500
1,1,up_1,0.7673613518202654,0.6458774883451329,0.8573518535978353,1280,1280,pets,3.015132686864057,attn2,unet.up_blocks.1.attentions.1.transformer_blocks.0.attn2.to_q,to_q,0.0023555724116125446,1.2818427659673783,0.3252774510946143,0.2537576836493941,up_b,5.532779266890889,5000
1,1,up_1,,,,768,1280,pets,0.736314772318443,attn2,unet.up_blocks.1.attentions.1.transformer_blocks.0.attn2.to_v,to_v,0.0007426392840509989,0.4720172325097493,0.01180101573508408,0.025001239197003967,up_b,2.433387757211807,1000
1,1,up_1,,,,768,1280,pets,1.4655620487486618,attn2,unet.up_blocks.1.attentions.1.transformer_blocks.0.attn2.to_v,to_v,0.0014781503665721848,0.970621834055202,0.033974690393722216,0.03500301477020965,up_b,2.2798606747205272,2500
1,1,up_1,0.7166619820852621,0.5578260959908652,0.8128808578827559,768,1280,pets,2.355037027172155,attn2,unet.up_blocks.1.attentions.1.transformer_blocks.0.attn2.to_v,to_v,0.002375265413005099,1.3964854351209988,0.08811086287587265,0.06309472384023702,up_b,2.843954595192577,5000
2,1,up_1,,,,1280,1280,pets,1.0980204575519796,attn1,unet.up_blocks.1.attentions.2.transformer_blocks.0.attn1.to_k,to_k,0.0008578284824624841,0.42083677749598397,0.161247265175282,0.38315868241059514,up_b,6.807591550142314,1000
2,1,up_1,,,,1280,1280,pets,1.9646487656833254,attn1,unet.up_blocks.1.attentions.2.transformer_blocks.0.attn1.to_k,to_k,0.001534881848190098,0.8188964958154888,0.27065555840585875,0.3305125370408741,up_b,5.755881099348554,2500
2,1,up_1,0.7207512004152014,0.5903961707032986,0.8234779328869983,1280,1280,pets,3.0306404110843794,attn1,unet.up_blocks.1.attentions.2.transformer_blocks.0.attn1.to_k,to_k,0.0023676878211596713,1.2288944162589177,0.42410087852575323,0.3451076617443095,up_b,6.0819056415038295,5000
2,1,up_1,,,,1280,1280,pets,1.2493602736071705,attn1,unet.up_blocks.1.attentions.2.transformer_blocks.0.attn1.to_out.0,to_out,0.0009760627137556019,0.5766395882356117,0.1456765752118105,0.25263020122768237,up_b,4.694252812116534,1000
2,1,up_1,,,,1280,1280,pets,2.147569035767013,attn1,unet.up_blocks.1.attentions.2.transformer_blocks.0.attn1.to_out.0,to_out,0.001677788309192979,1.0188344731680108,0.2390525150154284,0.23463332004472476,up_b,4.443109377694271,2500
2,1,up_1,0.7878257258756254,0.663039789538901,0.8551008971046837,1280,1280,pets,3.1004276468810943,attn1,unet.up_blocks.1.attentions.2.transformer_blocks.0.attn1.to_out.0,to_out,0.002422209099125855,1.4443452548936482,0.38754764415004195,0.2683206406757492,up_b,4.60788003512352,5000
2,1,up_1,,,,1280,1280,pets,1.120750555534006,attn1,unet.up_blocks.1.attentions.2.transformer_blocks.0.attn1.to_q,to_q,0.0008755863715109423,0.43479569204434687,0.17048763325356314,0.39210975723323016,up_b,6.644272881914985,1000
2,1,up_1,,,,1280,1280,pets,1.9736189976395833,attn1,unet.up_blocks.1.attentions.2.transformer_blocks.0.attn1.to_q,to_q,0.0015418898419059244,0.8295533225717019,0.27467477982415656,0.33111166256635083,up_b,5.660281360967565,2500
2,1,up_1,0.7333866669817538,0.6039362247816793,0.8268754648055103,1280,1280,pets,3.0907913082134852,attn1,unet.up_blocks.1.attentions.2.transformer_blocks.0.attn1.to_q,to_q,0.0024146807095417853,1.2705447036507476,0.4252540831238074,0.3347021808063063,up_b,5.917788836568554,5000
2,1,up_1,,,,1280,1280,pets,1.1619460441903315,attn1,unet.up_blocks.1.attentions.2.transformer_blocks.0.attn1.to_v,to_v,0.0009077703470236965,0.5013552202286139,0.15469458525811763,0.3085528563711338,up_b,5.371317704490266,1000
2,1,up_1,,,,1280,1280,pets,1.9588632886766923,attn1,unet.up_blocks.1.attentions.2.transformer_blocks.0.attn1.to_v,to_v,0.001530361944278666,0.8530827033895879,0.27731423850357484,0.32507309947993435,up_b,5.272614033215296,2500
2,1,up_1,0.7678656795650711,0.6463840669156241,0.8436275237924225,1280,1280,pets,2.843490814622394,attn1,unet.up_blocks.1.attentions.2.transformer_blocks.0.attn1.to_v,to_v,0.0022214771989237454,1.1596140983228058,0.4470563287460018,0.3855216398218998,up_b,6.0127989949451575,5000
2,1,up_1,,,,768,1280,pets,0.936288275880586,attn2,unet.up_blocks.1.attentions.2.transformer_blocks.0.attn2.to_k,to_k,0.0009443304426392618,0.7761230870618462,0.03676835045486642,0.04737438051747647,up_b,1.455318216657403,1000
2,1,up_1,,,,768,1280,pets,1.718990371605158,attn2,unet.up_blocks.1.attentions.2.transformer_blocks.0.attn2.to_k,to_k,0.0017337554899785614,1.3414640198660202,0.06870859067778416,0.05121910812385896,up_b,1.6420592772979556,2500
2,1,up_1,0.7145026425158082,0.5729723762098666,0.8350061733240717,768,1280,pets,2.630076260382541,attn2,unet.up_blocks.1.attentions.2.transformer_blocks.0.attn2.to_k,to_k,0.0026526670718013184,1.99367196175019,0.10421276520823193,0.05227177148879919,up_b,1.7403206772898532,5000
2,1,up_1,,,,1280,1280,pets,1.2567948148434334,attn2,unet.up_blocks.1.attentions.2.transformer_blocks.0.attn2.to_out.0,to_out,0.0009818709490964322,0.8852981999113638,0.021805634748003365,0.024630835971638197,up_b,2.015345909459839,1000
2,1,up_1,,,,1280,1280,pets,2.2281795323025886,attn2,unet.up_blocks.1.attentions.2.transformer_blocks.0.attn2.to_out.0,to_out,0.0017407652596113973,1.2652498422438532,0.04289319327665376,0.03390096710115764,up_b,3.1013285519763087,2500
2,1,up_1,0.7776486588777098,0.6277802797152638,0.8435460030415027,1280,1280,pets,3.3815448427303174,attn2,unet.up_blocks.1.attentions.2.transformer_blocks.0.attn2.to_out.0,to_out,0.0026418319083830605,1.7046863834471448,0.08519346779904928,0.04997603584230822,up_b,3.934969021564466,5000
2,1,up_1,,,,1280,1280,pets,1.1203654548344086,attn2,unet.up_blocks.1.attentions.2.transformer_blocks.0.attn2.to_q,to_q,0.0008752855115893817,0.5879966375185733,0.12541109597790132,0.2132853965069484,up_b,3.630527524587426,1000
2,1,up_1,,,,1280,1280,pets,2.1804181873279447,attn2,unet.up_blocks.1.attentions.2.transformer_blocks.0.attn2.to_q,to_q,0.0017034517088499567,1.1066773891161759,0.22212876240653145,0.20071681647343478,up_b,3.8818389927811894,2500
2,1,up_1,0.7310380643110034,0.615874533939513,0.8498393069261013,1280,1280,pets,3.399590812192681,attn2,unet.up_blocks.1.attentions.2.transformer_blocks.0.attn2.to_q,to_q,0.002655930322025532,1.6581897269249337,0.34349392247174626,0.20714995207981785,up_b,4.2032464345734155,5000
2,1,up_1,,,,768,1280,pets,0.6139928897764165,attn2,unet.up_blocks.1.attentions.2.transformer_blocks.0.attn2.to_v,to_v,0.0006192667283317258,0.48328043653554775,0.00419439499366825,0.008679008452600027,up_b,1.6140918840224618,1000
2,1,up_1,,,,768,1280,pets,1.0561485103793942,attn2,unet.up_blocks.1.attentions.2.transformer_blocks.0.attn2.to_v,to_v,0.0010652202062034282,0.7444307311267706,0.012509775049824062,0.01680448499337106,up_b,2.01280357653281,2500
2,1,up_1,0.7328176270903856,0.5289863824671642,0.7619866285158717,768,1280,pets,1.783882341938029,attn2,unet.up_blocks.1.attentions.2.transformer_blocks.0.attn2.to_v,to_v,0.001799204844249862,1.1673253180494596,0.04447876649079811,0.0381031455439687,up_b,2.3353318538935044,5000
0,2,up_2,,,,640,640,pets,0.5060010243172065,attn1,unet.up_blocks.2.attentions.0.transformer_blocks.0.attn1.to_k,to_k,0.0007906266004956352,0.1886456817045975,0.07491245777732489,0.39710666631972624,up_b,7.1946397959953705,1000
0,2,up_2,,,,640,640,pets,0.8458816974320662,attn1,unet.up_blocks.2.attentions.0.transformer_blocks.0.attn1.to_k,to_k,0.0013216901522376035,0.31003764783302534,0.11924659056069031,0.38461971116782584,up_b,7.44372618731067,2500
0,2,up_2,0.659891870995298,0.5038775018270322,0.76532928112949,640,640,pets,1.2580030476908468,attn1,unet.up_blocks.2.attentions.0.transformer_blocks.0.attn1.to_k,to_k,0.0019656297620169482,0.45489707945840024,0.1764904099004199,0.3879787711773158,up_b,7.6478099902333625,5000
0,2,up_2,,,,640,640,pets,0.5361931751186919,attn1,unet.up_blocks.2.attentions.0.transformer_blocks.0.attn1.to_out.0,to_out,0.0008378018361229561,0.20000944995390565,0.0718429449631946,0.3591977528049379,up_b,7.186898851422855,1000
0,2,up_2,,,,640,640,pets,0.8900290162772719,attn1,unet.up_blocks.2.attentions.0.transformer_blocks.0.attn1.to_out.0,to_out,0.0013906703379332375,0.32981333919859207,0.12018554260536293,0.3644047354100346,up_b,7.282355869002166,2500
0,2,up_2,0.7193703338786909,0.582916429269494,0.8037636430281044,640,640,pets,1.2973620497083531,attn1,unet.up_blocks.2.attentions.0.transformer_blocks.0.attn1.to_out.0,to_out,0.002027128202669302,0.4536611374130937,0.17747153438102753,0.39119845132210634,up_b,8.178228207949793,5000
0,2,up_2,,,,640,640,pets,0.513649033786176,attn1,unet.up_blocks.2.attentions.0.transformer_blocks.0.attn1.to_q,to_q,0.0008025766152909,0.19606226427497303,0.08093580653670267,0.4128066501526881,up_b,6.863488703739036,1000
0,2,up_2,,,,640,640,pets,0.8528715936447122,attn1,unet.up_blocks.2.attentions.0.transformer_blocks.0.attn1.to_q,to_q,0.0013326118650698628,0.32870135064416817,0.13492161831140403,0.41046870676677527,up_b,6.732313358809133,2500
0,2,up_2,0.6680878718712108,0.5090385391965255,0.7708789103054355,640,640,pets,1.2949828010082352,attn1,unet.up_blocks.2.attentions.0.transformer_blocks.0.attn1.to_q,to_q,0.0020234106265753673,0.4626294815586238,0.20280497242338705,0.438374510288722,up_b,7.83540393865084,5000
0,2,up_2,,,,640,640,pets,0.49901803891786106,attn1,unet.up_blocks.2.attentions.0.transformer_blocks.0.attn1.to_v,to_v,0.0007797156858091579,0.20031273832018262,0.06980984975280456,0.34850429552422946,up_b,6.206051204239075,1000
0,2,up_2,,,,640,640,pets,0.8219843088017592,attn1,unet.up_blocks.2.attentions.0.transformer_blocks.0.attn1.to_v,to_v,0.0012843504825027488,0.3085712785174784,0.12229925545500127,0.3963403724500363,up_b,7.096039992949552,2500
0,2,up_2,0.6936397396326999,0.568219969009063,0.793146912694631,640,640,pets,1.2121032130733775,attn1,unet.up_blocks.2.attentions.0.transformer_blocks.0.attn1.to_v,to_v,0.0018939112704271523,0.4301362501638212,0.1851320345914102,0.4304032373948976,up_b,7.940852251198933,5000
0,2,up_2,,,,768,640,pets,0.537886789120108,attn2,unet.up_blocks.2.attentions.0.transformer_blocks.0.attn2.to_k,to_k,0.0007672206452737175,0.4506852945594536,0.01776701661175169,0.039422223947020524,up_b,1.4244098896456518,1000
0,2,up_2,,,,768,640,pets,0.8645558275443097,attn2,unet.up_blocks.2.attentions.0.transformer_blocks.0.attn2.to_k,to_k,0.0012331685650223037,0.7063780655849563,0.03309625940258879,0.04685346419297655,up_b,1.4979995221648084,2500
0,2,up_2,0.6526514277509906,0.5284060720246306,0.7561758249654196,768,640,pets,1.2620732717170133,attn2,unet.up_blocks.2.attentions.0.transformer_blocks.0.attn2.to_k,to_k,0.001800171875374362,0.9957739749399086,0.046743674431946734,0.0469420527231268,up_b,1.6063774370352617,5000
0,2,up_2,,,,640,640,pets,0.49069959946788255,attn2,unet.up_blocks.2.attentions.0.transformer_blocks.0.attn2.to_out.0,to_out,0.0007667181241685665,0.33480852220445706,0.0051718798657005224,0.015447276645312563,up_b,2.1480203872861403,1000
0,2,up_2,,,,640,640,pets,0.9000184069952863,attn2,unet.up_blocks.2.attentions.0.transformer_blocks.0.attn2.to_out.0,to_out,0.0014062787609301348,0.5871909516310924,0.011529584436839718,0.019635153445081144,up_b,2.3493302675271375,2500
0,2,up_2,0.7470949910363308,0.6250409321079586,0.8292594603958037,640,640,pets,1.4317912879713819,attn2,unet.up_blocks.2.attentions.0.transformer_blocks.0.attn2.to_out.0,to_out,0.002237173887455284,0.9674286327164519,0.027270751303187915,0.028188902396463208,up_b,2.1903905504150147,5000
0,2,up_2,,,,640,640,pets,0.45417465990190975,attn2,unet.up_blocks.2.attentions.0.transformer_blocks.0.attn2.to_q,to_q,0.000709647906096734,0.225129331867262,0.0477433486632605,0.21207076069239325,up_b,4.069880281952397,1000
0,2,up_2,,,,640,640,pets,0.7448266568023957,attn2,unet.up_blocks.2.attentions.0.transformer_blocks.0.attn2.to_q,to_q,0.0011637916512537432,0.31445851210949455,0.07860977463428051,0.2499845658714704,up_b,5.610269349840436,2500
0,2,up_2,0.6711521564132467,0.5436168386309612,0.7720924482620504,640,640,pets,1.1133482878268561,attn2,unet.up_blocks.2.attentions.0.transformer_blocks.0.attn2.to_q,to_q,0.0017396066997294626,0.5132890743244525,0.11569860834482697,0.2254063336475643,up_b,4.7047662491692765,5000
0,2,up_2,,,,768,640,pets,0.36979745532786074,attn2,unet.up_blocks.2.attentions.0.transformer_blocks.0.attn2.to_v,to_v,0.000527464604143433,0.27740181976971706,0.0014472467151157168,0.005217149319053268,up_b,1.7770891905055648,1000
0,2,up_2,,,,768,640,pets,0.615562051802711,attn2,unet.up_blocks.2.attentions.0.transformer_blocks.0.attn2.to_v,to_v,0.0008780135971784073,0.41264636646685665,0.004771655313428477,0.011563546177042933,up_b,2.225295176391024,2500
0,2,up_2,0.6495025899204321,0.4740429123740524,0.6849109014056558,768,640,pets,0.9628945679870533,attn2,unet.up_blocks.2.attentions.0.transformer_blocks.0.attn2.to_v,to_v,0.0013734350921502628,0.6165712780073719,0.009429160957785603,0.015292896854129597,up_b,2.4388825902490674,5000
1,2,up_2,,,,640,640,pets,0.5430980254579024,attn1,unet.up_blocks.2.attentions.1.transformer_blocks.0.attn1.to_k,to_k,0.0008485906647779726,0.19342079496241069,0.07980288332456474,0.4125868851902589,up_b,7.8840636144956875,1000
1,2,up_2,,,,640,640,pets,0.931379487556868,attn1,unet.up_blocks.2.attentions.1.transformer_blocks.0.attn1.to_k,to_k,0.001455280449307606,0.36235083594542594,0.1293226855934995,0.35689909547490856,up_b,6.606855413744079,2500
1,2,up_2,0.7100714571706029,0.5662759541843113,0.8032004582364866,640,640,pets,1.4629836023974725,attn1,unet.up_blocks.2.attentions.1.transformer_blocks.0.attn1.to_k,to_k,0.0022859118787460506,0.5793140843861125,0.20292314207703055,0.35028173411676,up_b,6.377504039024971,5000
1,2,up_2,,,,640,640,pets,0.5975783697093584,attn1,unet.up_blocks.2.attentions.1.transformer_blocks.0.attn1.to_out.0,to_out,0.0009337162026708725,0.24963441731615446,0.06918727001169223,0.2771543714025163,up_b,5.730345594250499,1000
1,2,up_2,,,,640,640,pets,0.9841277405044703,attn1,unet.up_blocks.2.attentions.1.transformer_blocks.0.attn1.to_out.0,to_out,0.0015376995945382348,0.3924867025263735,0.1225178414616464,0.3121579423532539,up_b,6.287138865988111,2500
1,2,up_2,0.7582800759899361,0.6400218396449403,0.83308901761966,640,640,pets,1.429566979942441,attn1,unet.up_blocks.2.attentions.1.transformer_blocks.0.attn1.to_out.0,to_out,0.002233698406160064,0.5523495584529641,0.19871386594873106,0.3597610659910625,up_b,6.698552943546701,5000
1,2,up_2,,,,640,640,pets,0.5657751872596729,attn1,unet.up_blocks.2.attentions.1.transformer_blocks.0.attn1.to_q,to_q,0.000884023730093239,0.2063715642144818,0.08250142072519535,0.39977126228229626,up_b,7.516022683813173,1000
1,2,up_2,,,,640,640,pets,0.9835001409137818,attn1,unet.up_blocks.2.attentions.1.transformer_blocks.0.attn1.to_q,to_q,0.001536718970177784,0.3644654873398074,0.14449154150588556,0.39644780239828215,up_b,7.281754516315264,2500
1,2,up_2,0.7111160167157837,0.5823272020144988,0.8119986602166896,640,640,pets,1.5378845735919535,attn1,unet.up_blocks.2.attentions.1.transformer_blocks.0.attn1.to_q,to_q,0.0024029446462374275,0.6095396371050301,0.21412356439722435,0.35128735091648944,up_b,6.365662027420367,5000
1,2,up_2,,,,640,640,pets,0.559306392787311,attn1,unet.up_blocks.2.attentions.1.transformer_blocks.0.attn1.to_v,to_v,0.0008739162387301734,0.2270873241826365,0.06995799983627064,0.3080665118058569,up_b,6.0661588775474415,1000
1,2,up_2,,,,640,640,pets,0.9360798222421273,attn1,unet.up_blocks.2.attentions.1.transformer_blocks.0.attn1.to_v,to_v,0.0014626247222533238,0.35161270821298296,0.12079681082348186,0.34355075343383606,up_b,7.087558250692565,2500
1,2,up_2,0.747128643791215,0.6330466425532183,0.8266583767172706,640,640,pets,1.3996604493983578,attn1,unet.up_blocks.2.attentions.1.transformer_blocks.0.attn1.to_v,to_v,0.002186969452184934,0.517504229040617,0.19955872404241332,0.38561757149766346,up_b,7.315054652636859,5000
1,2,up_2,,,,768,640,pets,0.9027011688609173,attn2,unet.up_blocks.2.attentions.1.transformer_blocks.0.attn2.to_k,to_k,0.0012875775856026157,0.7507331771735439,0.015802551885586765,0.021049491838208388,up_b,1.4458285339424035,1000
1,2,up_2,,,,768,640,pets,1.536709277249445,attn2,unet.up_blocks.2.attentions.1.transformer_blocks.0.attn2.to_k,to_k,0.002191901915304639,1.2472927817154216,0.028969572742330404,0.023225960389579175,up_b,1.5179120486987787,2500
1,2,up_2,0.7960297166302067,0.6606814764357996,0.8675195444634733,768,640,pets,2.3521070080358966,attn2,unet.up_blocks.2.attentions.1.transformer_blocks.0.attn2.to_k,to_k,0.003354953296789702,1.753434068494517,0.043370229515814984,0.024734451266281304,up_b,1.7994313014463246,5000
1,2,up_2,,,,640,640,pets,0.6337580983305798,attn2,unet.up_blocks.2.attentions.1.transformer_blocks.0.attn2.to_out.0,to_out,0.000990247028641531,0.3830687902914048,0.03422926757256576,0.08935540675743166,up_b,2.7371178909125757,1000
1,2,up_2,,,,640,640,pets,1.1408727011954665,attn2,unet.up_blocks.2.attentions.1.transformer_blocks.0.attn2.to_out.0,to_out,0.0017826135956179163,0.5476235024016032,0.0788670456524453,0.14401691181363444,up_b,4.340204769633296,2500
1,2,up_2,0.7779268447730726,0.6417686882599218,0.8594201535195618,640,640,pets,1.7945878128761723,attn2,unet.up_blocks.2.attentions.1.transformer_blocks.0.attn2.to_out.0,to_out,0.002804043457619019,0.7689896300971789,0.1271818069478441,0.16538819506808153,up_b,5.446135740215768,5000
1,2,up_2,,,,640,640,pets,0.6459707898136924,attn2,unet.up_blocks.2.attentions.1.transformer_blocks.0.attn2.to_q,to_q,0.0010093293590838943,0.34108303943787,0.06542948937778847,0.19182862180899143,up_b,3.5867863748821733,1000
1,2,up_2,,,,640,640,pets,1.1652915084086162,attn2,unet.up_blocks.2.attentions.1.transformer_blocks.0.attn2.to_q,to_q,0.0018207679818884627,0.5658322158007283,0.11957428966885993,0.21132464064395187,up_b,4.241249509791074,2500
1,2,up_2,0.8012708746834378,0.6752727571820517,0.8727475038867128,640,640,pets,1.8922498029067996,attn2,unet.up_blocks.2.attentions.1.transformer_blocks.0.attn2.to_q,to_q,0.0029566403170418745,0.8794615879247559,0.194351207095299,0.22098885245676822,up_b,4.629383784852891,5000
1,2,up_2,,,,768,640,pets,0.4223838407925812,attn2,unet.up_blocks.2.attentions.1.transformer_blocks.0.attn2.to_v,to_v,0.0006024717643952278,0.3700106720012774,0.004632648856429082,0.01252031145851136,up_b,1.3031250377629475,1000
1,2,up_2,,,,768,640,pets,0.9032075432564279,attn2,unet.up_blocks.2.attentions.1.transformer_blocks.0.attn2.to_v,to_v,0.001288299858204085,0.6498953187512145,0.012556828784566388,0.019321309789851325,up_b,1.9314714568692535,2500
1,2,up_2,0.6602988508094445,0.4544792728165383,0.7794683863966194,768,640,pets,1.7389563669415429,attn2,unet.up_blocks.2.attentions.1.transformer_blocks.0.attn2.to_v,to_v,0.0024803792413831093,1.177179042117969,0.03420552848278717,0.02905720137630459,up_b,2.182188822759058,5000
2,2,up_2,,,,640,640,pets,0.5357344303509763,attn1,unet.up_blocks.2.attentions.2.transformer_blocks.0.attn1.to_k,to_k,0.0008370850474234005,0.1929929410510068,0.08153603501086128,0.4224819548675193,up_b,7.705774002535687,1000
2,2,up_2,,,,640,640,pets,0.9336516964564472,attn1,unet.up_blocks.2.attentions.2.transformer_blocks.0.attn1.to_k,to_k,0.0014588307757131987,0.34994035733349454,0.1399800114453862,0.40001105477521326,up_b,7.118389034827846,2500
2,2,up_2,0.7321495856388464,0.591651828702933,0.8085798298160439,640,640,pets,1.4059111220835976,attn1,unet.up_blocks.2.attentions.2.transformer_blocks.0.attn1.to_k,to_k,0.0021967361282556213,0.500327144071502,0.21464180712978337,0.42900292273390783,up_b,7.896008423191004,5000
2,2,up_2,,,,640,640,pets,0.7125414985981365,attn1,unet.up_blocks.2.attentions.2.transformer_blocks.0.attn1.to_out.0,to_out,0.0011133460915595883,0.44441422280383996,0.051853463785898134,0.11667822748505,up_b,2.5706587387979956,1000
2,2,up_2,,,,640,640,pets,1.1314002034712223,attn1,unet.up_blocks.2.attentions.2.transformer_blocks.0.attn1.to_out.0,to_out,0.0017678128179237848,0.6312004993208331,0.08648465784238063,0.1370161429457636,up_b,3.2129046529735197,2500
2,2,up_2,0.8235370851182134,0.7089765162535357,0.8789433675208361,640,640,pets,1.5926607056052051,attn1,unet.up_blocks.2.attentions.2.transformer_blocks.0.attn1.to_out.0,to_out,0.002488532352508133,0.8136500211135997,0.12894439364791058,0.15847648288809876,up_b,3.831521353948643,5000
2,2,up_2,,,,640,640,pets,0.5377319310175392,attn1,unet.up_blocks.2.attentions.2.transformer_blocks.0.attn1.to_q,to_q,0.000840206142214905,0.20220085031087556,0.07476548842055919,0.3697585262653955,up_b,7.072381784570935,1000
2,2,up_2,,,,640,640,pets,0.9389189342175914,attn1,unet.up_blocks.2.attentions.2.transformer_blocks.0.attn1.to_q,to_q,0.0014670608347149866,0.35939092223872426,0.12680903740218707,0.35284429726901834,up_b,6.825303814527925,2500
2,2,up_2,0.6987633583825478,0.5762324010947053,0.8141068203808973,640,640,pets,1.4448123555627554,attn1,unet.up_blocks.2.attentions.2.transformer_blocks.0.attn1.to_q,to_q,0.0022575193055668053,0.5529541328433437,0.20469545733647176,0.3701852381207604,up_b,6.8272322515112736,5000
2,2,up_2,,,,640,640,pets,0.5877846582307151,attn1,unet.up_blocks.2.attentions.2.transformer_blocks.0.attn1.to_v,to_v,0.0009184135284854924,0.28405160170430466,0.052779107369997316,0.18580816673211342,up_b,4.281954100974591,1000
2,2,up_2,,,,640,640,pets,0.9101515472473066,attn1,unet.up_blocks.2.attentions.2.transformer_blocks.0.attn1.to_v,to_v,0.0014221117925739166,0.4293675151068608,0.09549356147643669,0.2224051846415775,up_b,4.493337664143503,2500
2,2,up_2,0.8001378256419283,0.6854846056427676,0.8514968243924861,640,640,pets,1.3094335393911765,attn1,unet.up_blocks.2.attentions.2.transformer_blocks.0.attn1.to_v,to_v,0.0020459899052987134,0.572503621344975,0.15974855537079755,0.2790350129061235,up_b,5.231309861219908,5000
2,2,up_2,,,,768,640,pets,0.8746359964811878,attn2,unet.up_blocks.2.attentions.2.transformer_blocks.0.attn2.to_k,to_k,0.0012475465231217597,0.6672407819400346,0.030612132024413253,0.04587868855288942,up_b,1.7182625676194703,1000
2,2,up_2,,,,768,640,pets,1.6333793461086372,attn2,unet.up_blocks.2.attentions.2.transformer_blocks.0.attn2.to_k,to_k,0.0023297883146529653,1.2022722631466622,0.052911353912538095,0.044009460697409075,up_b,1.8457312426782517,2500
2,2,up_2,0.8077765535632746,0.6568741499215451,0.8674363506320353,768,640,pets,2.4884078378280408,attn2,unet.up_blocks.2.attentions.2.transformer_blocks.0.attn2.to_k,to_k,0.003549367461070508,1.752421846431055,0.07520782008454543,0.04291650451500138,up_b,2.01634946290998,5000
2,2,up_2,,,,640,640,pets,0.5758069959898292,attn2,unet.up_blocks.2.attentions.2.transformer_blocks.0.attn2.to_out.0,to_out,0.0008996984312341081,0.49103679709912185,0.009278548553442177,0.01889583144940803,up_b,1.3750731365934432,1000
2,2,up_2,,,,640,640,pets,0.9284206657452737,attn2,unet.up_blocks.2.attentions.2.transformer_blocks.0.attn2.to_out.0,to_out,0.0014506572902269902,0.6758110180556501,0.019156499207083923,0.02834594094396145,up_b,1.8872918381217068,2500
2,2,up_2,0.8030843668518544,0.646273221976029,0.835198059731715,640,640,pets,1.474570696567216,attn2,unet.up_blocks.2.attentions.2.transformer_blocks.0.attn2.to_out.0,to_out,0.0023040167133862753,0.96299891479918,0.040265605763569086,0.04181272184711227,up_b,2.344658533696095,5000
2,2,up_2,,,,640,640,pets,0.6737187217468417,attn2,unet.up_blocks.2.attentions.2.transformer_blocks.0.attn2.to_q,to_q,0.0010526855027294401,0.3443621351452827,0.0660116048676564,0.19169240206913812,up_b,3.827599138492805,1000
2,2,up_2,,,,640,640,pets,1.2566049586147163,attn2,unet.up_blocks.2.attentions.2.transformer_blocks.0.attn2.to_q,to_q,0.001963445247835494,0.5757549424639736,0.12120559091369626,0.21051593651109715,up_b,4.763456336805128,2500
2,2,up_2,0.8161435905379101,0.6747663529208633,0.8699918788437916,640,640,pets,1.9269049753338936,attn2,unet.up_blocks.2.attentions.2.transformer_blocks.0.attn2.to_q,to_q,0.0030107890239592086,0.9257310649927675,0.18573804491226778,0.20063931301011154,up_b,4.332623198769463,5000
2,2,up_2,,,,768,640,pets,0.4553400148595958,attn2,unet.up_blocks.2.attentions.2.transformer_blocks.0.attn2.to_v,to_v,0.000649479160086818,0.43365350144346165,0.002880601053958773,0.006642632987789531,up_b,1.102518587550349,1000
2,2,up_2,,,,768,640,pets,0.7282388137038434,attn2,unet.up_blocks.2.attentions.2.transformer_blocks.0.attn2.to_v,to_v,0.0010387313164489512,0.6001489098390701,0.007618989357056592,0.01269516487016468,up_b,1.4724128583920737,2500
2,2,up_2,0.7789173961045652,0.5122691009706445,0.7389134045290109,768,640,pets,1.3976458625464299,attn2,unet.up_blocks.2.attentions.2.transformer_blocks.0.attn2.to_v,to_v,0.0019935473081261574,0.8473323000937282,0.019484181118952053,0.02299473431709944,up_b,2.720738251945751,5000
0,3,up_3,,,,320,320,pets,0.25706071330909663,attn1,unet.up_blocks.3.attentions.0.transformer_blocks.0.attn1.to_k,to_k,0.000803314729090927,0.11566172203229134,0.031701002570775086,0.27408378514306186,up_b,4.939603715140699,1000
0,3,up_3,,,,320,320,pets,0.42290943436012096,attn1,unet.up_blocks.3.attentions.0.transformer_blocks.0.attn1.to_k,to_k,0.001321591982375378,0.18062479225989264,0.053236984418312455,0.29473796898109217,up_b,5.48201255672472,2500
0,3,up_3,0.6843199107422971,0.5308832789462588,0.7786982532588161,320,320,pets,0.6260269805453227,attn1,unet.up_blocks.3.attentions.0.transformer_blocks.0.attn1.to_k,to_k,0.0019563343142041333,0.26233315228017057,0.07288592008160709,0.2778372441610631,up_b,5.694816647299819,5000
0,3,up_3,,,,320,320,pets,0.3133095713856913,attn1,unet.up_blocks.3.attentions.0.transformer_blocks.0.attn1.to_out.0,to_out,0.0009790924105802855,0.1819616299600841,0.028941845561494664,0.15905466206168561,up_b,2.9647473396164727,1000
0,3,up_3,,,,320,320,pets,0.48295183204895736,attn1,unet.up_blocks.3.attentions.0.transformer_blocks.0.attn1.to_out.0,to_out,0.0015092244751529918,0.2533430260436471,0.04356837682771661,0.1719738550064151,up_b,3.6340402104825302,2500
0,3,up_3,0.7570465365030515,0.6393873924988288,0.8336951424302609,320,320,pets,0.6728057320428322,attn1,unet.up_blocks.3.attentions.0.transformer_blocks.0.attn1.to_out.0,to_out,0.002102517912633851,0.33275895083075013,0.062465421342054954,0.18771973281592205,up_b,4.0880845846609075,5000
0,3,up_3,,,,320,320,pets,0.2556236850501212,attn1,unet.up_blocks.3.attentions.0.transformer_blocks.0.attn1.to_q,to_q,0.0007988240157816287,0.10058675667061924,0.032983057530936735,0.32790656168528076,up_b,6.458335062530437,1000
0,3,up_3,,,,320,320,pets,0.44745295057367257,attn1,unet.up_blocks.3.attentions.0.transformer_blocks.0.attn1.to_q,to_q,0.0013982904705427267,0.19938827256185196,0.05261325119159232,0.2638733487962349,up_b,5.036113749890668,2500
0,3,up_3,0.6995527726850781,0.545516556563314,0.7872234832495006,320,320,pets,0.6545469636235922,attn1,unet.up_blocks.3.attentions.0.transformer_blocks.0.attn1.to_q,to_q,0.0020454592613237256,0.2785249223928105,0.07924151731316002,0.2845042254473866,up_b,5.522726054623937,5000
0,3,up_3,,,,320,320,pets,0.24789365571276686,attn1,unet.up_blocks.3.attentions.0.transformer_blocks.0.attn1.to_v,to_v,0.0007746676741023964,0.11416522818517875,0.01986640912952238,0.17401453529527033,up_b,4.714798385547306,1000
0,3,up_3,,,,320,320,pets,0.37860374627854426,attn1,unet.up_blocks.3.attentions.0.transformer_blocks.0.attn1.to_v,to_v,0.0011831367071204507,0.1527556820626379,0.036225731970943,0.23714817990265352,up_b,6.142922929333581,2500
0,3,up_3,0.7062070317797743,0.579720776351853,0.7867830242053219,320,320,pets,0.5446928160469032,attn1,unet.up_blocks.3.attentions.0.transformer_blocks.0.attn1.to_v,to_v,0.0017021650501465725,0.22256264884359872,0.05964519128004697,0.26799281725821567,up_b,5.989612574583722,5000
0,3,up_3,,,,768,320,pets,0.4074065949918031,attn2,unet.up_blocks.3.attentions.0.transformer_blocks.0.attn2.to_k,to_k,0.0008218119570512101,0.32152966041193165,0.012670912533528146,0.03940822292193713,up_b,1.6055137387442497,1000
0,3,up_3,,,,768,320,pets,0.7289431907614952,attn2,unet.up_blocks.3.attentions.0.transformer_blocks.0.attn2.to_k,to_k,0.0014704087698700868,0.5975986844144917,0.022925796908496103,0.038363198424638555,up_b,1.4878806694884907,2500
0,3,up_3,0.7666390198369168,0.6175905584677064,0.8091262118790903,768,320,pets,1.1394196558816458,attn2,unet.up_blocks.3.attentions.0.transformer_blocks.0.attn2.to_k,to_k,0.002298413203943229,0.9222319526333581,0.03557211127473219,0.038571761879599736,up_b,1.5264658188146658,5000
0,3,up_3,,,,320,320,pets,0.24477192971713305,attn2,unet.up_blocks.3.attentions.0.transformer_blocks.0.attn2.to_out.0,to_out,0.0007649122803660408,0.15329135407795647,0.010713708696190311,0.06989114787740634,up_b,2.5496930633029584,1000
0,3,up_3,,,,320,320,pets,0.4297979617708907,attn2,unet.up_blocks.3.attentions.0.transformer_blocks.0.attn2.to_out.0,to_out,0.0013431186305340333,0.24029789529805226,0.022888011122941677,0.09524848769296398,up_b,3.1991070235620107,2500
0,3,up_3,0.7050670902182371,0.5586554264181697,0.788310605792687,320,320,pets,0.6524057723818878,attn2,unet.up_blocks.3.attentions.0.transformer_blocks.0.attn2.to_out.0,to_out,0.0020387680386933994,0.3437487787749576,0.044563660723501985,0.12964020085341607,up_b,3.6020792371583097,5000
0,3,up_3,,,,320,320,pets,0.2516701329669631,attn2,unet.up_blocks.3.attentions.0.transformer_blocks.0.attn2.to_q,to_q,0.0007864691655217597,0.14832892729461866,0.017930739643122817,0.12088498157549434,up_b,2.8788010024776947,1000
0,3,up_3,,,,320,320,pets,0.4541473043265801,attn2,unet.up_blocks.3.attentions.0.transformer_blocks.0.attn2.to_q,to_q,0.001419210326020563,0.26662891751417944,0.030347067630964602,0.11381761556058799,up_b,2.901208775412094,2500
0,3,up_3,0.6691080361223084,0.5257046627436295,0.7920491604385016,320,320,pets,0.7333646026776764,attn2,unet.up_blocks.3.attentions.0.transformer_blocks.0.attn2.to_q,to_q,0.002291764383367739,0.5219323596138894,0.04876540149079965,0.0934324162749267,up_b,1.974292248942821,5000
0,3,up_3,,,,768,320,pets,0.3746820695104047,attn2,unet.up_blocks.3.attentions.0.transformer_blocks.0.attn2.to_v,to_v,0.0007558007371543371,0.2713214265015358,0.016800903465334405,0.061922508966461245,up_b,1.9070304921255739,1000
0,3,up_3,,,,768,320,pets,0.6046941376336079,attn2,unet.up_blocks.3.attentions.0.transformer_blocks.0.attn2.to_v,to_v,0.001219776210731364,0.39582468780200436,0.029996363952175035,0.0757819430585379,up_b,2.3338114202836193,2500
0,3,up_3,0.7673129947984042,0.6221215033599801,0.8064278025886596,768,320,pets,0.9086670796885198,attn2,unet.up_blocks.3.attentions.0.transformer_blocks.0.attn2.to_v,to_v,0.0018329439931669609,0.536836179370673,0.05457850168538468,0.10166695871609556,up_b,2.865009290770278,5000
1,3,up_3,,,,320,320,pets,0.2318386631267181,attn1,unet.up_blocks.3.attentions.1.transformer_blocks.0.attn1.to_k,to_k,0.000724495822270994,0.0914886366454109,0.02724354257237887,0.2977806159465315,up_b,6.4215137376190725,1000
1,3,up_3,,,,320,320,pets,0.3704350922100066,attn1,unet.up_blocks.3.attentions.1.transformer_blocks.0.attn1.to_k,to_k,0.0011576096631562705,0.15404893721081567,0.047524078782238355,0.30849988089954655,up_b,5.782382686754993,2500
1,3,up_3,0.6887502593389544,0.5180798116112039,0.759675187835032,320,320,pets,0.5369049115424832,attn1,unet.up_blocks.3.attentions.1.transformer_blocks.0.attn1.to_k,to_k,0.00167782784857026,0.21765274061870704,0.06187145242916212,0.2842668199503679,up_b,6.085082541775252,5000
1,3,up_3,,,,320,320,pets,0.24929357039160696,attn1,unet.up_blocks.3.attentions.1.transformer_blocks.0.attn1.to_out.0,to_out,0.0007790424074737717,0.12251813874647915,0.024757548795908253,0.20207251798966558,up_b,4.14020050677592,1000
1,3,up_3,,,,320,320,pets,0.3824576657041732,attn1,unet.up_blocks.3.attentions.1.transformer_blocks.0.attn1.to_out.0,to_out,0.0011951802053255414,0.18407458978128033,0.04666080003253424,0.2534885455291639,up_b,4.316970266730158,2500
1,3,up_3,0.7335947352014296,0.611223275740337,0.8059473372623253,320,320,pets,0.5244130596719981,attn1,unet.up_blocks.3.attentions.1.transformer_blocks.0.attn1.to_out.0,to_out,0.0016387908114749942,0.2491259156372774,0.06975327001880077,0.2799920266840492,up_b,4.4310758200122295,5000
1,3,up_3,,,,320,320,pets,0.22323824587232238,attn1,unet.up_blocks.3.attentions.1.transformer_blocks.0.attn1.to_q,to_q,0.0006976195183510074,0.1044822175711997,0.023945196036611174,0.22917963068972624,up_b,4.565122536625531,1000
1,3,up_3,,,,320,320,pets,0.35995714965833925,attn1,unet.up_blocks.3.attentions.1.transformer_blocks.0.attn1.to_q,to_q,0.0011248660926823102,0.15019427642161073,0.037794237581162925,0.25163567135588194,up_b,5.743740923212985,2500
1,3,up_3,0.6573958798916153,0.5166405272081028,0.7642755243334134,320,320,pets,0.5200033253484544,attn1,unet.up_blocks.3.attentions.1.transformer_blocks.0.attn1.to_q,to_q,0.00162501039171392,0.20595047845069964,0.05919774264585503,0.28743678136210676,up_b,6.375094566357217,5000
1,3,up_3,,,,320,320,pets,0.2148237751826435,attn1,unet.up_blocks.3.attentions.1.transformer_blocks.0.attn1.to_v,to_v,0.000671324297445761,0.107146566248231,0.02038595575451095,0.19026233381368415,up_b,4.019834501689232,1000
1,3,up_3,,,,320,320,pets,0.3250495172835976,attn1,unet.up_blocks.3.attentions.1.transformer_blocks.0.attn1.to_v,to_v,0.0010157797415112425,0.15624442676864395,0.03573722412951631,0.2287263927975719,up_b,4.328027193124328,2500
1,3,up_3,0.717715103610365,0.6017862340546963,0.7934249060356358,320,320,pets,0.4435506150191683,attn1,unet.up_blocks.3.attentions.1.transformer_blocks.0.attn1.to_v,to_v,0.001386095671934901,0.20377455206417633,0.055000011458721236,0.2699061826002672,up_b,4.73790640544122,5000
1,3,up_3,,,,768,320,pets,0.40188928131673474,attn2,unet.up_blocks.3.attentions.1.transformer_blocks.0.attn2.to_k,to_k,0.0008106825487286361,0.3048346562117641,0.017660008600562535,0.05793307368665586,up_b,1.7381376509533348,1000
1,3,up_3,,,,768,320,pets,0.7316182102719191,attn2,unet.up_blocks.3.attentions.1.transformer_blocks.0.attn2.to_k,to_k,0.0014758047625860514,0.5731459472142473,0.029892706634870488,0.05215548810937734,up_b,1.6294407072204002,2500
1,3,up_3,0.7204394517556284,0.6118695154522922,0.7743498549825525,768,320,pets,1.180285843880457,attn2,unet.up_blocks.3.attentions.1.transformer_blocks.0.attn2.to_k,to_k,0.002380847613079884,0.9445784773379305,0.04508855096074905,0.04773404438328977,up_b,1.5613429446590605,5000
1,3,up_3,,,,320,320,pets,0.248827557300142,attn2,unet.up_blocks.3.attentions.1.transformer_blocks.0.attn2.to_out.0,to_out,0.0007775861165629438,0.13945189992511123,0.013041592095410089,0.09352036151829925,up_b,3.1838168819269166,1000
1,3,up_3,,,,320,320,pets,0.3823458996700364,attn2,unet.up_blocks.3.attentions.1.transformer_blocks.0.attn2.to_out.0,to_out,0.0011948309364688639,0.19564362058902307,0.02116845723339174,0.10819906710814282,up_b,3.8192799384105345,2500
1,3,up_3,0.7199963472220351,0.5959296553254081,0.7956964370674511,320,320,pets,0.5686561073627329,attn2,unet.up_blocks.3.attentions.1.transformer_blocks.0.attn2.to_out.0,to_out,0.0017770503355085403,0.2634146541039504,0.0348896327534412,0.13245137356584888,up_b,4.660360925753213,5000
1,3,up_3,,,,320,320,pets,0.25023715963062465,attn2,unet.up_blocks.3.attentions.1.transformer_blocks.0.attn2.to_q,to_q,0.000781991123845702,0.1280801415009515,0.01679758538730527,0.13114902271700318,up_b,3.817156854108251,1000
1,3,up_3,,,,320,320,pets,0.42699955712276016,attn2,unet.up_blocks.3.attentions.1.transformer_blocks.0.attn2.to_q,to_q,0.0013343736160086254,0.1937270198511528,0.028897568059078307,0.14916643058506404,up_b,4.858189531529413,2500
1,3,up_3,0.6962399070143265,0.5862867843287531,0.7883776239958069,320,320,pets,0.6374878801803485,attn2,unet.up_blocks.3.attentions.1.transformer_blocks.0.attn2.to_q,to_q,0.001992149625563589,0.2909505773231408,0.04561828090207032,0.15679048078122532,up_b,4.800709406431856,5000
1,3,up_3,,,,768,320,pets,0.2966595909642546,attn2,unet.up_blocks.3.attentions.1.transformer_blocks.0.attn2.to_v,to_v,0.0005984154454673241,0.24445674640909604,0.003956555538708279,0.016185094487378232,up_b,1.4726947299627025,1000
1,3,up_3,,,,768,320,pets,0.49785031699060506,attn2,unet.up_blocks.3.attentions.1.transformer_blocks.0.attn2.to_v,to_v,0.0010042531180253628,0.36916140870246533,0.01064426321438997,0.02883362931082803,up_b,1.8187164160976586,2500
1,3,up_3,0.742061167402074,0.5735181192897345,0.7511723727729442,768,320,pets,0.7972003463677205,attn2,unet.up_blocks.3.attentions.1.transformer_blocks.0.attn2.to_v,to_v,0.0016080956588921697,0.5328205123805191,0.028548759016644557,0.053580442857005056,up_b,2.238582404156361,5000
2,3,up_3,,,,320,320,pets,0.2604074700478326,attn1,unet.up_blocks.3.attentions.2.transformer_blocks.0.attn1.to_k,to_k,0.0008137733438994769,0.11767189234708814,0.028645049409594406,0.24343153524804553,up_b,4.8973529122951645,1000
2,3,up_3,,,,320,320,pets,0.42446031363752273,attn1,unet.up_blocks.3.attentions.2.transformer_blocks.0.attn1.to_k,to_k,0.0013264384801172585,0.1844889163466279,0.049128731855608114,0.26629638695097735,up_b,5.293386695348643,2500
2,3,up_3,0.7512742947807735,0.6288948552654099,0.8241071272164386,320,320,pets,0.641564995402413,attn1,unet.up_blocks.3.attentions.2.transformer_blocks.0.attn1.to_k,to_k,0.0020048906106325407,0.3026220165629788,0.07075146536705024,0.23379483809739968,up_b,4.4944885532296395,5000
2,3,up_3,,,,320,320,pets,0.26501851804069926,attn1,unet.up_blocks.3.attentions.2.transformer_blocks.0.attn1.to_out.0,to_out,0.0008281828688771852,0.13254418019740702,0.0275625702354679,0.207950060081228,up_b,3.9978925320329877,1000
2,3,up_3,,,,320,320,pets,0.3951344193082743,attn1,unet.up_blocks.3.attentions.2.transformer_blocks.0.attn1.to_out.0,to_out,0.0012347950603383573,0.1868073228673567,0.0448856733194027,0.24027791111419092,up_b,4.474061301844132,2500
2,3,up_3,0.755952324728597,0.6474811348499191,0.8275327861561151,320,320,pets,0.5507400440548899,attn1,unet.up_blocks.3.attentions.2.transformer_blocks.0.attn1.to_out.0,to_out,0.0017210626376715308,0.26488775431184086,0.06691111086108166,0.2526017521455904,up_b,4.322843838659247,5000
2,3,up_3,,,,320,320,pets,0.23647012369955736,attn1,unet.up_blocks.3.attentions.2.transformer_blocks.0.attn1.to_q,to_q,0.0007389691365611167,0.11324406171848085,0.023227270713401936,0.20510806801635026,up_b,4.3603533189656805,1000
2,3,up_3,,,,320,320,pets,0.41387582761226105,attn1,unet.up_blocks.3.attentions.2.transformer_blocks.0.attn1.to_q,to_q,0.0012933619612883157,0.19994274267765327,0.04025606186410178,0.20133794967993615,up_b,4.2847830178868405,2500
2,3,up_3,0.7063145774133733,0.6040757421724664,0.8093500589493817,320,320,pets,0.5986247173056474,attn1,unet.up_blocks.3.attentions.2.transformer_blocks.0.attn1.to_q,to_q,0.001870702241580148,0.28508460335752656,0.05975442053915553,0.20960241218013834,up_b,4.409219954032916,5000
2,3,up_3,,,,320,320,pets,0.19925480343883117,attn1,unet.up_blocks.3.attentions.2.transformer_blocks.0.attn1.to_v,to_v,0.0006226712607463475,0.0959001749775678,0.01839731957614988,0.19183822741150613,up_b,4.316967710854915,1000
2,3,up_3,,,,320,320,pets,0.2948510649220381,attn1,unet.up_blocks.3.attentions.2.transformer_blocks.0.attn1.to_v,to_v,0.000921409577881369,0.13567241547620457,0.026740664701772027,0.1970972847200619,up_b,4.723047214465938,2500
2,3,up_3,0.7395386460429821,0.6246735815626915,0.7939404471756019,320,320,pets,0.4126716524276141,attn1,unet.up_blocks.3.attentions.2.transformer_blocks.0.attn1.to_v,to_v,0.001289598913836294,0.1778188726924512,0.045792593436821176,0.25752380916294704,up_b,5.3858415036284555,5000
2,3,up_3,,,,768,320,pets,0.34865732544236216,attn2,unet.up_blocks.3.attentions.2.transformer_blocks.0.attn2.to_k,to_k,0.0007033041744643168,0.2290206893409077,0.011731611883930034,0.05122511820959109,up_b,2.3176516118903554,1000
2,3,up_3,,,,768,320,pets,0.625710453821826,attn2,unet.up_blocks.3.attentions.2.transformer_blocks.0.attn2.to_k,to_k,0.0012621698787499047,0.39625127588205383,0.026687812303294804,0.067350729013775,up_b,2.493477619379185,2500
2,3,up_3,0.688185159993254,0.5789653234332307,0.8111408456306151,768,320,pets,0.9534581555905606,attn2,unet.up_blocks.3.attentions.2.transformer_blocks.0.attn2.to_k,to_k,0.0019232956030770215,0.5502702103697539,0.0428869306320791,0.07793794725551514,up_b,3.0022805394597416,5000
2,3,up_3,,,,320,320,pets,0.2281182900331784,attn2,unet.up_blocks.3.attentions.2.transformer_blocks.0.attn2.to_out.0,to_out,0.0007128696563536825,0.15341419251760557,0.011516821913690559,0.07507012046730231,up_b,2.2110020124016665,1000
2,3,up_3,,,,320,320,pets,0.34327291054565,attn2,unet.up_blocks.3.attentions.2.transformer_blocks.0.attn2.to_out.0,to_out,0.0010727278454551563,0.1909648278112806,0.02155336822666894,0.11286564376121071,up_b,3.2312628941607517,2500
2,3,up_3,0.7008193911067586,0.5635985998211551,0.7826692861825361,320,320,pets,0.5025087788743516,attn2,unet.up_blocks.3.attentions.2.transformer_blocks.0.attn2.to_out.0,to_out,0.001570339933982349,0.25042288042190797,0.03843825128695009,0.1534933677872805,up_b,4.026607456738417,5000
2,3,up_3,,,,320,320,pets,0.2191053905011858,attn2,unet.up_blocks.3.attentions.2.transformer_blocks.0.attn2.to_q,to_q,0.0006847043453162056,0.1267004994163675,0.012520746673488913,0.09882160473845339,up_b,2.99053900493416,1000
2,3,up_3,,,,320,320,pets,0.38428625155749563,attn2,unet.up_blocks.3.attentions.2.transformer_blocks.0.attn2.to_q,to_q,0.0012008945361171738,0.20771134069121472,0.019779451955832406,0.09522567179052921,up_b,3.422861105510487,2500
2,3,up_3,0.7131953218489087,0.5561139631115574,0.7626257198472594,320,320,pets,0.5365318260253713,attn2,unet.up_blocks.3.attentions.2.transformer_blocks.0.attn2.to_q,to_q,0.0016766619563292854,0.29737082914353713,0.03927026850614257,0.13205824061238808,up_b,3.2553242213768074,5000
2,3,up_3,,,,768,320,pets,0.2805057330834832,attn2,unet.up_blocks.3.attentions.2.transformer_blocks.0.attn2.to_v,to_v,0.0005658302253896007,0.21613481452931074,0.002896285984115051,0.01340036768450497,up_b,1.6843565449708433,1000
2,3,up_3,,,,768,320,pets,0.46010691569569917,attn2,unet.up_blocks.3.attentions.2.transformer_blocks.0.attn2.to_v,to_v,0.0009281179281064077,0.3081451781736574,0.009442431038950587,0.030642799913063182,up_b,2.2294963691871406,2500
2,3,up_3,0.6972585297160545,0.5171331191886971,0.77234762418371,768,320,pets,0.7300180739588337,attn2,unet.up_blocks.3.attentions.2.transformer_blocks.0.attn2.to_v,to_v,0.0014725770014963422,0.4565119877069846,0.024102969830012144,0.05279810931379704,up_b,2.557189147271349,5000
0,0,down_0,,,,320,320,cub,0.259367913698746,attn1,unet.down_blocks.0.attentions.0.transformer_blocks.0.attn1.to_k,to_k,0.0008105247303085813,0.1135821898804688,0.023972645291572812,0.21105989695040267,down,5.214492197736883,1000
0,0,down_0,,,,320,320,cub,0.3953789371374999,attn1,unet.down_blocks.0.attentions.0.transformer_blocks.0.attn1.to_k,to_k,0.001235559178554687,0.1752624266059052,0.03909945203802378,0.2230908974342957,down,5.089198825773811,2500
0,0,down_0,0.7235772626169484,0.589360995814784,0.7914002210067801,320,320,cub,0.5374608278709582,attn1,unet.down_blocks.0.attentions.0.transformer_blocks.0.attn1.to_k,to_k,0.0016795650870967444,0.2201698821253533,0.05915128072232857,0.26866199932219115,down,5.959060761124966,5000
0,0,down_0,,,,320,320,cub,0.24322829299344292,attn1,unet.down_blocks.0.attentions.0.transformer_blocks.0.attn1.to_out.0,to_out,0.0007600884156045092,0.10235016077668743,0.02675881544021404,0.2614438046521268,down,5.647433495536151,1000
0,0,down_0,,,,320,320,cub,0.38324608739260024,attn1,unet.down_blocks.0.attentions.0.transformer_blocks.0.attn1.to_out.0,to_out,0.0011976440231018758,0.14772146512169929,0.045059863894157295,0.30503260888344863,down,6.730824188494143,2500
0,0,down_0,0.7141021481628292,0.5961356103571305,0.787205174188058,320,320,cub,0.534989066270854,attn1,unet.down_blocks.0.attentions.0.transformer_blocks.0.attn1.to_out.0,to_out,0.0016718408320964186,0.21065942065897436,0.06741434436718083,0.32001580634893334,down,6.449529620269571,5000
0,0,down_0,,,,320,320,cub,0.24365318851104306,attn1,unet.down_blocks.0.attentions.0.transformer_blocks.0.attn1.to_q,to_q,0.0007614162140970095,0.10277269729773907,0.026612175891866388,0.25894207889444815,down,5.620677772785577,1000
0,0,down_0,,,,320,320,cub,0.3922693750851311,attn1,unet.down_blocks.0.attentions.0.transformer_blocks.0.attn1.to_q,to_q,0.0012258417971410347,0.1642060250745138,0.04495274595247502,0.2737582006024216,down,5.706773430840634,2500
0,0,down_0,0.6889945308412333,0.5240305198245404,0.7692569295897881,320,320,cub,0.5423384783920558,attn1,unet.down_blocks.0.attentions.0.transformer_blocks.0.attn1.to_q,to_q,0.0016948077449751744,0.21212115502473677,0.060238345128677796,0.28398084633120646,down,6.53691548606022,5000
0,0,down_0,,,,320,320,cub,0.23262673709531362,attn1,unet.down_blocks.0.attentions.0.transformer_blocks.0.attn1.to_v,to_v,0.0007269585534228551,0.12671758684597537,0.01983299517945556,0.15651335914060985,down,3.37012081955304,1000
0,0,down_0,,,,320,320,cub,0.3435302505887016,attn1,unet.down_blocks.0.attentions.0.transformer_blocks.0.attn1.to_v,to_v,0.0010735320330896925,0.16360891011092124,0.03509254812431956,0.21449044615313442,down,4.408756055818164,2500
0,0,down_0,0.7218360075803036,0.5721434817257495,0.7654885219566786,320,320,cub,0.4756895448254788,attn1,unet.down_blocks.0.attentions.0.transformer_blocks.0.attn1.to_v,to_v,0.0014865298275796213,0.20718088311024366,0.051879780434524354,0.2504081441091186,down,5.271665585977345,5000
0,0,down_0,,,,768,320,cub,0.3606115058790517,attn2,unet.down_blocks.0.attentions.0.transformer_blocks.0.attn2.to_k,to_k,0.0007274178941251799,0.2442628031083335,0.015100556397131724,0.061820941236126095,down,2.1795382022197103,1000
0,0,down_0,,,,768,320,cub,0.6491907232763787,attn2,unet.down_blocks.0.attentions.0.transformer_blocks.0.attn2.to_k,to_k,0.001309533781125918,0.42099253359653976,0.025369930216205698,0.060262185648449276,down,2.377912245498013,2500
0,0,down_0,0.6282291979562658,0.48344403191358215,0.7586490729950404,768,320,cub,1.0786267951717028,attn2,unet.down_blocks.0.attentions.0.transformer_blocks.0.attn2.to_k,to_k,0.0021757831325380644,0.7550667074278612,0.03463142565719567,0.0458653855566852,down,2.0406652368102463,5000
0,0,down_0,,,,320,320,cub,0.2577100966823748,attn2,unet.down_blocks.0.attentions.0.transformer_blocks.0.attn2.to_out.0,to_out,0.0008053440521324214,0.1564000239510212,0.014083317392822049,0.09004677260939827,down,2.7151213031163115,1000
0,0,down_0,,,,320,320,cub,0.38586504447437314,attn2,unet.down_blocks.0.attentions.0.transformer_blocks.0.attn2.to_out.0,to_out,0.0012058282639824162,0.2185992236662683,0.02238461002293737,0.10240022653104922,down,3.1158292121494973,2500
0,0,down_0,0.7100452989291182,0.5725288289139431,0.7738161679267125,320,320,cub,0.548095733127163,attn2,unet.down_blocks.0.attentions.0.transformer_blocks.0.attn2.to_out.0,to_out,0.0017127991660223843,0.28155831063445913,0.03821937691752284,0.1357423150870592,down,3.7894496480417077,5000
0,0,down_0,,,,320,320,cub,0.23719818810317012,attn2,unet.down_blocks.0.attentions.0.transformer_blocks.0.attn2.to_q,to_q,0.0007412443378224066,0.13977929284124752,0.017886985988543058,0.12796592131037582,down,2.8796324339668615,1000
0,0,down_0,,,,320,320,cub,0.40436375131832436,attn2,unet.down_blocks.0.attentions.0.transformer_blocks.0.attn2.to_q,to_q,0.0012636367228697637,0.22694538799636144,0.030339194015898942,0.13368499921393143,down,3.174692828668974,2500
0,0,down_0,0.6779260143629301,0.5473103746155358,0.7825773246999906,320,320,cub,0.6224830752032497,attn2,unet.down_blocks.0.attentions.0.transformer_blocks.0.attn2.to_q,to_q,0.0019452596100101554,0.3139035497671465,0.04537011855545946,0.1445352197804548,down,3.9324448603600026,5000
0,0,down_0,,,,768,320,cub,0.2984274792039879,attn2,unet.down_blocks.0.attentions.0.transformer_blocks.0.attn2.to_v,to_v,0.0006019815921915132,0.21228998613038755,0.003133661738087271,0.014761232007253464,down,1.9761440706754605,1000
0,0,down_0,,,,768,320,cub,0.4796410048672993,attn2,unet.down_blocks.0.attentions.0.transformer_blocks.0.attn2.to_v,to_v,0.0009675216791714796,0.29083319408669284,0.007514939740471056,0.025839346722681764,down,2.7198481780617643,2500
0,0,down_0,0.7001421092019269,0.5729786551153827,0.7793415521570216,768,320,cub,0.691844451541553,attn2,unet.down_blocks.0.attentions.0.transformer_blocks.0.attn2.to_v,to_v,0.0013955739786387703,0.40127166151997246,0.018762124470299426,0.046756664547978756,down,2.9726237564684768,5000
1,0,down_0,,,,320,320,cub,0.22546236500922198,attn1,unet.down_blocks.0.attentions.1.transformer_blocks.0.attn1.to_k,to_k,0.0007045698906538187,0.100611791201208,0.023817699778249733,0.23672871234960943,down,5.02169526769094,1000
1,0,down_0,,,,320,320,cub,0.33950191091569826,attn1,unet.down_blocks.0.attentions.1.transformer_blocks.0.attn1.to_k,to_k,0.001060943471611557,0.1313126523493006,0.03859962765372786,0.29395208278216955,down,6.684536498424379,2500
1,0,down_0,0.62888173956232,0.4793608166518617,0.7381278322359432,320,320,cub,0.49817290210945797,attn1,unet.down_blocks.0.attentions.1.transformer_blocks.0.attn1.to_k,to_k,0.0015567903190920561,0.20033519687908036,0.06009746550576688,0.29998455809061303,down,6.183661201112496,5000
1,0,down_0,,,,320,320,cub,0.2291985923906715,attn1,unet.down_blocks.0.attentions.1.transformer_blocks.0.attn1.to_out.0,to_out,0.0007162456012208484,0.10133498595030109,0.02032051280294561,0.20052810598810997,down,5.115700008973248,1000
1,0,down_0,,,,320,320,cub,0.35180871948324804,attn1,unet.down_blocks.0.attentions.1.transformer_blocks.0.attn1.to_out.0,to_out,0.00109940224838515,0.14806662130834333,0.03553329898355837,0.23998183162133196,down,5.645453899756628,2500
1,0,down_0,0.7089147394036278,0.5572883732227022,0.7628733547620278,320,320,cub,0.49098665576716866,attn1,unet.down_blocks.0.attentions.1.transformer_blocks.0.attn1.to_out.0,to_out,0.0015343332992724021,0.18960465699371357,0.058126679275758986,0.3065677826557087,down,6.705657654257057,5000
1,0,down_0,,,,320,320,cub,0.22173295280711366,attn1,unet.down_blocks.0.attentions.1.transformer_blocks.0.attn1.to_q,to_q,0.0006929154775222302,0.08734102721532297,0.027483543067895685,0.3146693363262164,down,6.4450143751004765,1000
1,0,down_0,,,,320,320,cub,0.3353134055552537,attn1,unet.down_blocks.0.attentions.1.transformer_blocks.0.attn1.to_q,to_q,0.0010478543923601678,0.13604075093159967,0.038480776423302984,0.2828621288826232,down,6.075244934147349,2500
1,0,down_0,0.639488585792614,0.48410443883451604,0.7185181776620526,320,320,cub,0.48741513485827476,attn1,unet.down_blocks.0.attentions.1.transformer_blocks.0.attn1.to_q,to_q,0.0015231722964321086,0.20662848474664114,0.055238807620131114,0.2673339432743871,down,5.564390994178186,5000
1,0,down_0,,,,320,320,cub,0.20263282269118824,attn1,unet.down_blocks.0.attentions.1.transformer_blocks.0.attn1.to_v,to_v,0.0006332275709099633,0.09906216597116822,0.017958280723612916,0.181282940339096,down,4.184118245742721,1000
1,0,down_0,,,,320,320,cub,0.3021293583375155,attn1,unet.down_blocks.0.attentions.1.transformer_blocks.0.attn1.to_v,to_v,0.0009441542448047358,0.12327780845244504,0.030750848094952106,0.2494435006671487,down,6.00642483006306,2500
1,0,down_0,0.6628031453203936,0.49448316350296867,0.7206422839596182,320,320,cub,0.40484365981002934,attn1,unet.down_blocks.0.attentions.1.transformer_blocks.0.attn1.to_v,to_v,0.0012651364369063417,0.15736119626478345,0.04404445359671185,0.27989399319639485,down,6.618801971875444,5000
1,0,down_0,,,,768,320,cub,0.3310458196658412,attn2,unet.down_blocks.0.attentions.1.transformer_blocks.0.attn2.to_k,to_k,0.0006677786179153056,0.21459111584020707,0.01681405318742108,0.0783539109789684,down,2.3798672915833277,1000
1,0,down_0,,,,768,320,cub,0.5960895279553426,attn2,unet.down_blocks.0.attentions.1.transformer_blocks.0.attn2.to_k,to_k,0.0012024191742810847,0.35719696475227847,0.03209060204231491,0.08984007482977979,down,2.7848862749120573,2500
1,0,down_0,0.6492913848579785,0.5126625546046932,0.767300293806494,768,320,cub,0.8941269727228351,attn2,unet.down_blocks.0.attentions.1.transformer_blocks.0.attn2.to_k,to_k,0.00180361399726583,0.543282219376003,0.04455080760615448,0.08200306584177217,down,2.7086158111403305,5000
1,0,down_0,,,,320,320,cub,0.25276585819918873,attn2,unet.down_blocks.0.attentions.1.transformer_blocks.0.attn2.to_out.0,to_out,0.0007898933068724648,0.18037799620514414,0.01075004583204796,0.05959732372135856,down,1.9636754391332947,1000
1,0,down_0,,,,320,320,cub,0.37800830543508246,attn2,unet.down_blocks.0.attentions.1.transformer_blocks.0.attn2.to_out.0,to_out,0.0011812759544846327,0.23968400972297843,0.017379824236041112,0.07251140472878577,down,2.4872793323671623,2500
1,0,down_0,0.7296612165371842,0.6029800987759444,0.7808840925338401,320,320,cub,0.5126100266328731,attn2,unet.down_blocks.0.attentions.1.transformer_blocks.0.attn2.to_out.0,to_out,0.0016019063332277286,0.30632550704632244,0.030463875159098534,0.09944935847112397,down,2.8003213486950553,5000
1,0,down_0,,,,320,320,cub,0.21577908653040273,attn2,unet.down_blocks.0.attentions.1.transformer_blocks.0.attn2.to_q,to_q,0.0006743096454075086,0.11117815486288238,0.018465933335966085,0.16609318043405547,down,3.76686257465156,1000
1,0,down_0,,,,320,320,cub,0.33623324577875113,attn2,unet.down_blocks.0.attentions.1.transformer_blocks.0.attn2.to_q,to_q,0.0010507288930585972,0.1608778608718619,0.03040104131313955,0.18896970129005983,down,4.368061456599013,2500
1,0,down_0,0.6169343681574512,0.4666574381904897,0.7363414456922375,320,320,cub,0.5224296469592645,attn2,unet.down_blocks.0.attentions.1.transformer_blocks.0.attn2.to_q,to_q,0.0016325926467477016,0.23626362243180576,0.0460399423151341,0.19486682647652578,down,4.889471422146257,5000
1,0,down_0,,,,768,320,cub,0.3006584444568326,attn2,unet.down_blocks.0.attentions.1.transformer_blocks.0.attn2.to_v,to_v,0.0006064818480614273,0.2426536472565426,0.003955035102296088,0.016299096044967647,down,1.5352289998797255,1000
1,0,down_0,,,,768,320,cub,0.447549349771699,attn2,unet.down_blocks.0.attentions.1.transformer_blocks.0.attn2.to_v,to_v,0.0009027870720165357,0.3158141030257429,0.007431599676666653,0.023531563680868558,down,2.0082548338671016,2500
1,0,down_0,0.7150915068426454,0.5599821511193549,0.738625417805344,768,320,cub,0.6744469157484433,attn2,unet.down_blocks.0.attentions.1.transformer_blocks.0.attn2.to_v,to_v,0.0013604800378097279,0.4201435249452412,0.014162742230975085,0.03370929549091817,down,2.5769156104040376,5000
0,1,down_1,,,,640,640,cub,0.5177181859117004,attn1,unet.down_blocks.1.attentions.0.transformer_blocks.0.attn1.to_k,to_k,0.0008089346654870319,0.20295435570902423,0.07344761447979294,0.36189227978479466,down,6.5071390727491085,1000
0,1,down_1,,,,640,640,cub,0.8235991698935864,attn1,unet.down_blocks.1.attentions.0.transformer_blocks.0.attn1.to_k,to_k,0.0012868737029587288,0.32289814561114577,0.11162864124844267,0.3457085237735397,down,6.505799857696685,2500
0,1,down_1,0.6619707042351192,0.5161924319406199,0.7551458701451915,640,640,cub,1.2003978051058806,attn1,unet.down_blocks.1.attentions.0.transformer_blocks.0.attn1.to_k,to_k,0.0018756215704779384,0.46708692638398563,0.1593669191850952,0.34119327727464993,down,6.6047283801629,5000
0,1,down_1,,,,640,640,cub,0.5278612423077563,attn1,unet.down_blocks.1.attentions.0.transformer_blocks.0.attn1.to_out.0,to_out,0.0008247831911058692,0.2411653945241051,0.05861257765607651,0.2430389226105076,down,4.7908168830565945,1000
0,1,down_1,,,,640,640,cub,0.8619368713431834,attn1,unet.down_blocks.1.attentions.0.transformer_blocks.0.attn1.to_out.0,to_out,0.001346776361473724,0.40846575602251417,0.09206369446123056,0.22538901512261925,down,4.4528658554969605,2500
0,1,down_1,0.7124328540333146,0.5722309914169466,0.7909277871753216,640,640,cub,1.2099634461371243,attn1,unet.down_blocks.1.attentions.0.transformer_blocks.0.attn1.to_out.0,to_out,0.0018905678845892566,0.5756773899228366,0.1364688470762485,0.23705785473794744,down,4.417597617893463,5000
0,1,down_1,,,,640,640,cub,0.48771886311654067,attn1,unet.down_blocks.1.attentions.0.transformer_blocks.0.attn1.to_q,to_q,0.0007620607236195948,0.18189187578256946,0.07241580876298676,0.3981255812082086,down,7.189728688700354,1000
0,1,down_1,,,,640,640,cub,0.8117834995593634,attn1,unet.down_blocks.1.attentions.0.transformer_blocks.0.attn1.to_q,to_q,0.0012684117180615053,0.3325886100890523,0.11748303986086474,0.3532383139320618,down,5.957522547468637,2500
0,1,down_1,0.6530117417216931,0.5229243669423109,0.7448319388509865,640,640,cub,1.1522225410160971,attn1,unet.down_blocks.1.attentions.0.transformer_blocks.0.attn1.to_q,to_q,0.0018003477203376518,0.4188077394555328,0.1640171968484124,0.39162885829579336,down,7.56908420559797,5000
0,1,down_1,,,,640,640,cub,0.5044828129401634,attn1,unet.down_blocks.1.attentions.0.transformer_blocks.0.attn1.to_v,to_v,0.0007882543952190053,0.24312385451544855,0.0532512441251637,0.21902928542859218,down,4.305638908582764,1000
0,1,down_1,,,,640,640,cub,0.7929964080034739,attn1,unet.down_blocks.1.attentions.0.transformer_blocks.0.attn1.to_v,to_v,0.001239056887505428,0.3422050376219223,0.08912594747703895,0.26044604163749274,down,5.369942596132594,2500
0,1,down_1,0.7104219148848561,0.5628223437791235,0.776664575790856,640,640,cub,1.1129081116679995,attn1,unet.down_blocks.1.attentions.0.transformer_blocks.0.attn1.to_v,to_v,0.0017389189244812493,0.4355372241855024,0.13558406578909438,0.3113030488786578,down,6.529321566175919,5000
0,1,down_1,,,,768,640,cub,0.5196828829314685,attn2,unet.down_blocks.1.attentions.0.transformer_blocks.0.attn2.to_k,to_k,0.0007412553065908379,0.3717960749501517,0.018538161341395052,0.049861100184773445,down,1.9537420494545419,1000
0,1,down_1,,,,768,640,cub,0.9322052993280782,attn2,unet.down_blocks.1.attentions.0.transformer_blocks.0.attn2.to_k,to_k,0.0013296611215308433,0.7252181109825365,0.030200087954162836,0.04164276580634107,down,1.6522883942670548,2500
0,1,down_1,0.6499068309832847,0.5123896039517378,0.7885822334265443,768,640,cub,1.413417271188733,attn2,unet.down_blocks.1.attentions.0.transformer_blocks.0.attn2.to_k,to_k,0.002016043027597567,1.1547447340936263,0.03902293110434651,0.03379355623126188,down,1.4981965988909685,5000
0,1,down_1,,,,640,640,cub,0.4982408036700906,attn2,unet.down_blocks.1.attentions.0.transformer_blocks.0.attn2.to_out.0,to_out,0.0007785012557345166,0.3325266881109599,0.029852360194940118,0.08977432868479647,down,2.2450476806919406,1000
0,1,down_1,,,,640,640,cub,0.8014413632219043,attn2,unet.down_blocks.1.attentions.0.transformer_blocks.0.attn2.to_out.0,to_out,0.0012522521300342255,0.4734528706029365,0.05142898777559941,0.108625358444031,down,2.865431283256393,2500
0,1,down_1,0.7187625086451354,0.5694397643321606,0.7659172038170105,640,640,cub,1.116969641937653,attn2,unet.down_blocks.1.attentions.0.transformer_blocks.0.attn2.to_out.0,to_out,0.0017452650655275827,0.6118806904797327,0.07785679845297307,0.12724179674951178,down,3.3323395149457435,5000
0,1,down_1,,,,640,640,cub,0.46262247938900924,attn2,unet.down_blocks.1.attentions.0.transformer_blocks.0.attn2.to_q,to_q,0.0007228476240453269,0.21750908533904414,0.05093045943551754,0.2341532509142285,down,4.523750659710576,1000
0,1,down_1,,,,640,640,cub,0.7345553255816084,attn2,unet.down_blocks.1.attentions.0.transformer_blocks.0.attn2.to_q,to_q,0.0011477426962212631,0.3200842633109921,0.08619775939636912,0.2692970860383094,down,5.2664792531254045,2500
0,1,down_1,0.6649823059640487,0.49540421508494037,0.7387928905699871,640,640,cub,1.078839924544005,attn2,unet.down_blocks.1.attentions.0.transformer_blocks.0.attn2.to_q,to_q,0.0016856873821000078,0.47828391530858005,0.11781925388276922,0.2463374788733056,down,5.08794570733911,5000
0,1,down_1,,,,768,640,cub,0.4315873688270785,attn2,unet.down_blocks.1.attentions.0.transformer_blocks.0.attn2.to_v,to_v,0.0006155993162523251,0.36352650503383105,0.006223590447383195,0.017120045887174046,down,1.4095006786560904,1000
0,1,down_1,,,,768,640,cub,0.6785710475961175,attn2,unet.down_blocks.1.attentions.0.transformer_blocks.0.attn2.to_v,to_v,0.00096788716051642,0.5099762841299146,0.015498448164039832,0.0303905272585022,down,1.7704786384087081,2500
0,1,down_1,0.7065967481207424,0.5533895533609077,0.7495260691890429,768,640,cub,1.0140801670354953,attn2,unet.down_blocks.1.attentions.0.transformer_blocks.0.attn2.to_v,to_v,0.0014464442255311134,0.6787353471449052,0.02988886943541206,0.04403611740738028,down,2.232254176526945,5000
1,1,down_1,,,,640,640,cub,0.4977671598878153,attn1,unet.down_blocks.1.attentions.1.transformer_blocks.0.attn1.to_k,to_k,0.0007777611873247114,0.19163360618736053,0.07669361217079382,0.4002096171785774,down,6.746975557635817,1000
1,1,down_1,,,,640,640,cub,0.7987440880204292,attn1,unet.down_blocks.1.attentions.1.transformer_blocks.0.attn1.to_k,to_k,0.0012480376375319205,0.3057897353725751,0.11851072717100881,0.38755626321666753,down,6.822907873060179,2500
1,1,down_1,0.6538471560543805,0.4986630223772451,0.7358004618177656,640,640,cub,1.130310976655186,attn1,unet.down_blocks.1.attentions.1.transformer_blocks.0.attn1.to_k,to_k,0.001766110901023728,0.43052635807961365,0.164328399533643,0.3816918440641795,down,6.8928114626841746,5000
1,1,down_1,,,,640,640,cub,0.5201746938103703,attn1,unet.down_blocks.1.attentions.1.transformer_blocks.0.attn1.to_out.0,to_out,0.0008127729590787036,0.2092036304948534,0.06577132247445637,0.314389010931024,down,6.182441369943358,1000
1,1,down_1,,,,640,640,cub,0.8249980214177959,attn1,unet.down_blocks.1.attentions.1.transformer_blocks.0.attn1.to_out.0,to_out,0.001289059408465306,0.340254253606782,0.10733942552676012,0.3154682840521016,down,5.878935395681678,2500
1,1,down_1,0.6891404775319345,0.5386052032813345,0.7695155137652502,640,640,cub,1.16085036453341,attn1,unet.down_blocks.1.attentions.1.transformer_blocks.0.attn1.to_out.0,to_out,0.0018138286945834532,0.4681299652461399,0.15858107889649317,0.33875438589604534,down,6.149213915614226,5000
1,1,down_1,,,,640,640,cub,0.48767936511456683,attn1,unet.down_blocks.1.attentions.1.transformer_blocks.0.attn1.to_q,to_q,0.0007619990079915106,0.19491077105494306,0.0704371918739105,0.3613817312028132,down,6.260327896701466,1000
1,1,down_1,,,,640,640,cub,0.7820463311102116,attn1,unet.down_blocks.1.attentions.1.transformer_blocks.0.attn1.to_q,to_q,0.0012219473923597056,0.28721181283591335,0.11455911876727966,0.39886631972455916,down,7.4141329490034975,2500
1,1,down_1,0.651726265957557,0.4902785310972045,0.7279104534296729,640,640,cub,1.106669952041826,attn1,unet.down_blocks.1.attentions.1.transformer_blocks.0.attn1.to_q,to_q,0.001729171800065353,0.38294991382366467,0.16500159672749862,0.4308699147624726,down,8.351265374649087,5000
1,1,down_1,,,,640,640,cub,0.5128619491356416,attn1,unet.down_blocks.1.attentions.1.transformer_blocks.0.attn1.to_v,to_v,0.00080134679552444,0.23440170335552693,0.05398432585306164,0.23030688378224515,down,4.787176396540919,1000
1,1,down_1,,,,640,640,cub,0.7964492897711647,attn1,unet.down_blocks.1.attentions.1.transformer_blocks.0.attn1.to_v,to_v,0.001244452015267445,0.34724585630063054,0.09039136923372013,0.26030942513382554,down,5.26068278135513,2500
1,1,down_1,0.6896449660186945,0.5635542939958081,0.7684567438881634,640,640,cub,1.0835672418403592,attn1,unet.down_blocks.1.attentions.1.transformer_blocks.0.attn1.to_v,to_v,0.0016930738153755614,0.4404041728822499,0.12489750411085453,0.28359745842882406,down,6.053532571528915,5000
1,1,down_1,,,,768,640,cub,0.5159958743680144,attn2,unet.down_blocks.1.attentions.1.transformer_blocks.0.attn2.to_k,to_k,0.0007359963020077167,0.42189088691981025,0.019016055014113947,0.04507339599807087,down,1.4958642036546534,1000
1,1,down_1,,,,768,640,cub,0.8178667976209786,attn2,unet.down_blocks.1.attentions.1.transformer_blocks.0.attn2.to_k,to_k,0.0011665731616966732,0.5951396825103391,0.032436436221874525,0.054502223889785775,down,1.8885450002746749,2500
1,1,down_1,0.7021970509859521,0.49875823344830433,0.7118761411538178,768,640,cub,1.3638665884544867,attn2,unet.down_blocks.1.attentions.1.transformer_blocks.0.attn2.to_k,to_k,0.0019453658748024409,1.0420459303497849,0.05607170480892667,0.05380924503980838,down,1.7130500700960138,5000
1,1,down_1,,,,640,640,cub,0.47159332829774936,attn2,unet.down_blocks.1.attentions.1.transformer_blocks.0.attn2.to_out.0,to_out,0.0007368645754652334,0.24633679184848647,0.029121497317935768,0.11821822107615751,down,3.6650233225263396,1000
1,1,down_1,,,,640,640,cub,0.7531605529813754,attn2,unet.down_blocks.1.attentions.1.transformer_blocks.0.attn2.to_out.0,to_out,0.001176813364033399,0.4135513386947627,0.06009506705943999,0.14531464763023158,down,3.3167769700768757,2500
1,1,down_1,0.7172452964022384,0.5152520885664937,0.7275557483595675,640,640,cub,1.074934682884032,attn2,unet.down_blocks.1.attentions.1.transformer_blocks.0.attn2.to_out.0,to_out,0.0016795854420063,0.595928906648428,0.0862055485345509,0.14465743744397416,down,3.2536830654616873,5000
1,1,down_1,,,,640,640,cub,0.4660327675671844,attn2,unet.down_blocks.1.attentions.1.transformer_blocks.0.attn2.to_q,to_q,0.0007281761993237257,0.23688554123395814,0.04907789228885777,0.20717977143394486,down,3.870399549380439,1000
1,1,down_1,,,,640,640,cub,0.7451493834564803,attn2,unet.down_blocks.1.attentions.1.transformer_blocks.0.attn2.to_q,to_q,0.0011642959116507504,0.3610216958399686,0.07501114423218137,0.20777461603147482,down,4.260102897611011,2500
1,1,down_1,0.6739165568153375,0.48514461638526263,0.7380320058949704,640,640,cub,1.1794407221157257,attn2,unet.down_blocks.1.attentions.1.transformer_blocks.0.attn2.to_q,to_q,0.0018428761283058215,0.632535814754004,0.11699215269173442,0.18495735729562315,down,3.4768183048356236,5000
1,1,down_1,,,,768,640,cub,0.41370064536754453,attn2,unet.down_blocks.1.attentions.1.transformer_blocks.0.attn2.to_v,to_v,0.0005900863945891907,0.34735147118694243,0.002811159113385919,0.008093125685576758,down,1.4185155843857267,1000
1,1,down_1,,,,768,640,cub,0.6152468276994097,attn2,unet.down_blocks.1.attentions.1.transformer_blocks.0.attn2.to_v,to_v,0.0008775639738657838,0.4705392449631219,0.007470689892461355,0.015876868874235697,down,1.7096494214788365,2500
1,1,down_1,0.7341392595986603,0.549361048892743,0.730780346783702,768,640,cub,0.904418054500597,attn2,unet.down_blocks.1.attentions.1.transformer_blocks.0.attn2.to_v,to_v,0.0012900264840232127,0.6123720751988506,0.02381216378862232,0.03888512352704847,down,2.181261280986201,5000
0,2,down_2,,,,1280,1280,cub,1.003617868858295,attn1,unet.down_blocks.2.attentions.0.transformer_blocks.0.attn1.to_k,to_k,0.000784076460045543,0.3569760140711724,0.1646923801439603,0.46135419090405494,down,7.904214151116724,1000
0,2,down_2,,,,1280,1280,cub,1.6677480134960716,attn1,unet.down_blocks.2.attentions.0.transformer_blocks.0.attn1.to_k,to_k,0.0013029281355438059,0.6064998309085755,0.27093269683994625,0.44671520589555935,down,7.561352692392005,2500
0,2,down_2,0.6531168336645923,0.5005962108427574,0.7470723838925324,1280,1280,cub,2.50260329615424,attn1,unet.down_blocks.2.attentions.0.transformer_blocks.0.attn1.to_k,to_k,0.0019551588251205,0.962302663496037,0.40055291109535707,0.4162442091141595,down,6.763331097848187,5000
0,2,down_2,,,,1280,1280,cub,1.0805807683169333,attn1,unet.down_blocks.2.attentions.0.transformer_blocks.0.attn1.to_out.0,to_out,0.0008442037252476041,0.4398373677974578,0.16093842997787355,0.36590440412962966,down,6.035735793497738,1000
0,2,down_2,,,,1280,1280,cub,1.793795041572136,attn1,unet.down_blocks.2.attentions.0.transformer_blocks.0.attn1.to_out.0,to_out,0.0014014023762282312,0.7502186832056903,0.2593899731238219,0.34575248381638074,down,5.7170223157632885,2500
0,2,down_2,0.7002822308656005,0.5585240935650606,0.7894864681488529,1280,1280,cub,2.616567687288788,attn1,unet.down_blocks.2.attentions.0.transformer_blocks.0.attn1.to_out.0,to_out,0.0020441935056943654,1.0619918585364332,0.37123015707179885,0.34956026648208366,down,6.070459598130158,5000
0,2,down_2,,,,1280,1280,cub,1.0321802795988186,attn1,unet.down_blocks.2.attentions.0.transformer_blocks.0.attn1.to_q,to_q,0.000806390843436577,0.3858032024572179,0.17032361223224388,0.4414779637583004,down,7.157798331738086,1000
0,2,down_2,,,,1280,1280,cub,1.7035456745258406,attn1,unet.down_blocks.2.attentions.0.transformer_blocks.0.attn1.to_q,to_q,0.001330895058223313,0.6533076549304743,0.29128310180398603,0.4458590062517861,down,6.799423162936896,2500
0,2,down_2,0.6707144077896636,0.5043792878318857,0.7470226703624003,1280,1280,cub,2.482944607697453,attn1,unet.down_blocks.2.attentions.0.transformer_blocks.0.attn1.to_q,to_q,0.0019398004747636353,1.0039965701064986,0.4140683459278014,0.4124200801640978,down,6.1160299512143945,5000
0,2,down_2,,,,1280,1280,cub,1.0714994629516443,attn1,unet.down_blocks.2.attentions.0.transformer_blocks.0.attn1.to_v,to_v,0.0008371089554309721,0.45081160031348455,0.14720815538241983,0.32654030038280846,down,5.649288444946302,1000
0,2,down_2,,,,1280,1280,cub,1.7675669049229854,attn1,unet.down_blocks.2.attentions.0.transformer_blocks.0.attn1.to_v,to_v,0.0013809116444710823,0.7528280237848854,0.24341037880730818,0.32332799937965745,down,5.512646809491774,2500
0,2,down_2,0.7077315110036352,0.5570195803787497,0.7802718068902015,1280,1280,cub,2.578443575718568,attn1,unet.down_blocks.2.attentions.0.transformer_blocks.0.attn1.to_v,to_v,0.0020144090435301313,1.0927516925968883,0.3336947302766784,0.30537104864478765,down,5.567654643940683,5000
0,2,down_2,,,,768,1280,cub,0.8274472981597927,attn2,unet.down_blocks.2.attentions.0.transformer_blocks.0.attn2.to_k,to_k,0.0008345545848013541,0.665781853881727,0.027129305916333595,0.04074804045523444,down,1.544602651960017,1000
0,2,down_2,,,,768,1280,cub,1.4100913657260876,attn2,unet.down_blocks.2.attentions.0.transformer_blocks.0.attn2.to_k,to_k,0.0014222032229395858,1.1224395770476001,0.0428051180307249,0.03813578824734334,down,1.578223710584698,2500
0,2,down_2,0.6847889239572061,0.5352541140092636,0.8109031560808544,768,1280,cub,2.066606812383886,attn2,unet.down_blocks.2.attentions.0.transformer_blocks.0.attn2.to_k,to_k,0.0020843577519587464,1.6150188496686777,0.06652889425946477,0.041193880971180756,down,1.6374216269407542,5000
0,2,down_2,,,,1280,1280,cub,1.089799362587779,attn2,unet.down_blocks.2.attentions.0.transformer_blocks.0.attn2.to_out.0,to_out,0.0008514057520217025,0.6631370340037287,0.0835018625512331,0.1259194680277253,down,2.7007633662331294,1000
0,2,down_2,,,,1280,1280,cub,1.7765020853366698,attn2,unet.down_blocks.2.attentions.0.transformer_blocks.0.attn2.to_out.0,to_out,0.0013878922541692732,0.9959996742905922,0.16079132094948553,0.16143712201915156,down,3.181361715249032,2500
0,2,down_2,0.7173779348784408,0.5698566953267158,0.807554818508446,1280,1280,cub,2.5967071329807845,attn2,unet.down_blocks.2.attentions.0.transformer_blocks.0.attn2.to_out.0,to_out,0.002028677447641238,1.3085056234381887,0.2611049608275938,0.1995443933527183,down,3.9381726798117893,5000
0,2,down_2,,,,1280,1280,cub,0.924966246915015,attn2,unet.down_blocks.2.attentions.0.transformer_blocks.0.attn2.to_q,to_q,0.0007226298804023554,0.41385652491535596,0.10840354731412974,0.2619350929317859,down,4.995191665724339,1000
0,2,down_2,,,,1280,1280,cub,1.556993637965335,attn2,unet.down_blocks.2.attentions.0.transformer_blocks.0.attn2.to_q,to_q,0.001216401279660418,0.7064907069860749,0.19411239538171185,0.2747557660168032,down,4.85691797192935,2500
0,2,down_2,0.6625972053380669,0.4798644909389731,0.7484263911444969,1280,1280,cub,2.2659351974450384,attn2,unet.down_blocks.2.attentions.0.transformer_blocks.0.attn2.to_q,to_q,0.0017702618730039363,1.0062972081716333,0.27612253811949605,0.27439461808821874,down,5.070402493042244,5000
0,2,down_2,,,,768,1280,cub,0.7955119772951379,attn2,unet.down_blocks.2.attentions.0.transformer_blocks.0.attn2.to_v,to_v,0.000802344958274115,0.6103812892533385,0.010570017996691116,0.017317074069588715,down,1.6985996145793525,1000
0,2,down_2,,,,768,1280,cub,1.2456131882645032,attn2,unet.down_blocks.2.attentions.0.transformer_blocks.0.attn2.to_v,to_v,0.0012563122744699855,0.8770632108846868,0.02198730656428267,0.02506923821614208,down,2.0169940007187845,2500
0,2,down_2,0.764566527754375,0.6294940419204,0.8131878998410106,768,1280,cub,1.8018331060604038,attn2,unet.down_blocks.2.attentions.0.transformer_blocks.0.attn2.to_v,to_v,0.0018173097949002932,1.219089719634801,0.03860759363405988,0.03166919793698649,down,2.1845288593577745,5000
1,2,down_2,,,,1280,1280,cub,1.0154503456101567,attn1,unet.down_blocks.2.attentions.1.transformer_blocks.0.attn1.to_k,to_k,0.0007933205825079349,0.3565943222391204,0.160309384604361,0.4495567500843797,down,8.109023061689637,1000
1,2,down_2,,,,1280,1280,cub,1.6537718059171007,attn1,unet.down_blocks.2.attentions.1.transformer_blocks.0.attn1.to_k,to_k,0.001292009223372735,0.5946562959782755,0.25599054267747595,0.4304848774136716,down,7.734266358412216,2500
1,2,down_2,0.6484403995696948,0.48389009373244096,0.7435384703507091,1280,1280,cub,2.4473948831352725,attn1,unet.down_blocks.2.attentions.1.transformer_blocks.0.attn1.to_k,to_k,0.0019120272524494318,0.9598800170233969,0.35577758534497955,0.3706479758254073,down,6.500910609519138,5000
1,2,down_2,,,,1280,1280,cub,1.010863909054991,attn1,unet.down_blocks.2.attentions.1.transformer_blocks.0.attn1.to_out.0,to_out,0.0007897374289492116,0.3869134262793247,0.15744831519629784,0.4069342248222502,down,6.8258663644115805,1000
1,2,down_2,,,,1280,1280,cub,1.691526688157374,attn1,unet.down_blocks.2.attentions.1.transformer_blocks.0.attn1.to_out.0,to_out,0.0013215052251229484,0.6537244268054354,0.2552191031327916,0.3904077814255381,down,6.695272885902226,2500
1,2,down_2,0.6669439854996355,0.5413393875542297,0.7717969166164254,1280,1280,cub,2.5480248146661726,attn1,unet.down_blocks.2.attentions.1.transformer_blocks.0.attn1.to_out.0,to_out,0.0019906443864579474,0.9586594370596186,0.36023203118760005,0.3757664268058495,down,7.064454018492891,5000
1,2,down_2,,,,1280,1280,cub,1.011509731429752,attn1,unet.down_blocks.2.attentions.1.transformer_blocks.0.attn1.to_q,to_q,0.0007902419776794938,0.37638034667628434,0.15916150186165787,0.42287410399392833,down,7.222478451793755,1000
1,2,down_2,,,,1280,1280,cub,1.6126250219904552,attn1,unet.down_blocks.2.attentions.1.transformer_blocks.0.attn1.to_q,to_q,0.0012598632984300432,0.5765267455315657,0.2650301242813941,0.45970135182025706,down,7.823982485833029,2500
1,2,down_2,0.6457191636055184,0.491260097311278,0.74134137802684,1280,1280,cub,2.418944065953083,attn1,unet.down_blocks.2.attentions.1.transformer_blocks.0.attn1.to_q,to_q,0.0018898000515258462,0.9196443893762467,0.3767229919629713,0.40963985244175255,down,6.9184977023455945,5000
1,2,down_2,,,,1280,1280,cub,0.9851341046409646,attn1,unet.down_blocks.2.attentions.1.transformer_blocks.0.attn1.to_v,to_v,0.0007696360192507536,0.38870562142887505,0.14858469089114745,0.3822550606419139,down,6.423164812824204,1000
1,2,down_2,,,,1280,1280,cub,1.6414826348237905,attn1,unet.down_blocks.2.attentions.1.transformer_blocks.0.attn1.to_v,to_v,0.0012824083084560863,0.6092671113871898,0.25083373867162695,0.4116974870029081,down,7.258671041054297,2500
1,2,down_2,0.6601675835799365,0.5356094308902855,0.7757750669718152,1280,1280,cub,2.466059626442753,attn1,unet.down_blocks.2.attentions.1.transformer_blocks.0.attn1.to_v,to_v,0.0019266090831584007,0.8758088625243945,0.3771132299267386,0.43058850630920015,down,7.928453346654571,5000
1,2,down_2,,,,768,1280,cub,0.8101384756637403,attn2,unet.down_blocks.2.attentions.1.transformer_blocks.0.attn2.to_k,to_k,0.000817097089679044,0.5971566409848436,0.0350113378458159,0.05863007365718055,down,1.840526115260382,1000
1,2,down_2,,,,768,1280,cub,1.2950569019835614,attn2,unet.down_blocks.2.attentions.1.transformer_blocks.0.attn2.to_k,to_k,0.0013061806806701313,0.8707208859598479,0.07022815907594487,0.08065519066827961,down,2.2121765157811346,2500
1,2,down_2,0.671454744069558,0.49846713010611093,0.7707330674139473,768,1280,cub,2.028949974561308,attn2,unet.down_blocks.2.attentions.1.transformer_blocks.0.attn2.to_k,to_k,0.0020463774640010176,1.2953044056702618,0.1260122984238596,0.0972839263668326,down,2.4535730526997375,5000
1,2,down_2,,,,1280,1280,cub,1.046189687849449,attn2,unet.down_blocks.2.attentions.1.transformer_blocks.0.attn2.to_out.0,to_out,0.000817335693632382,0.4087433509905448,0.12266218134686474,0.30009584510575243,down,6.551179026285224,1000
1,2,down_2,,,,1280,1280,cub,1.8677577129431082,attn2,unet.down_blocks.2.attentions.1.transformer_blocks.0.attn2.to_out.0,to_out,0.0014591857132368034,0.8103160262886699,0.2280333913313061,0.2814129104365889,down,5.31290707817236,2500
1,2,down_2,0.6951675839511312,0.5691910800265375,0.8040085426040993,1280,1280,cub,2.78329581646542,attn2,unet.down_blocks.2.attentions.1.transformer_blocks.0.attn2.to_out.0,to_out,0.002174449856613609,1.149105487639042,0.35883576332152234,0.31227399675793743,down,5.866768295040155,5000
1,2,down_2,,,,1280,1280,cub,0.9529570049833026,attn2,unet.down_blocks.2.attentions.1.transformer_blocks.0.attn2.to_q,to_q,0.0007444976601432052,0.4378775482522788,0.1259183906759524,0.28756530490895543,down,4.736322412412015,1000
1,2,down_2,,,,1280,1280,cub,1.5313940844010872,attn2,unet.down_blocks.2.attentions.1.transformer_blocks.0.attn2.to_q,to_q,0.0011964016284383493,0.6814516596140896,0.19589075198113998,0.28746096545142197,down,5.050144713577762,2500
1,2,down_2,0.6383884958697064,0.4864120734889633,0.7684043388663307,1280,1280,cub,2.2502141315979793,attn2,unet.down_blocks.2.attentions.1.transformer_blocks.0.attn2.to_q,to_q,0.0017579797903109213,0.9661936035203559,0.29290884750296714,0.30315751049866696,down,5.423996236783206,5000
1,2,down_2,,,,768,1280,cub,0.5435034054952814,attn2,unet.down_blocks.2.attentions.1.transformer_blocks.0.attn2.to_v,to_v,0.000548171780752667,0.34989144138499556,0.02163108840381806,0.06182228498700759,down,2.4128920939249836,1000
1,2,down_2,,,,768,1280,cub,1.0301913580980584,attn2,unet.down_blocks.2.attentions.1.transformer_blocks.0.attn2.to_v,to_v,0.0010390400972189013,0.5966463151774818,0.06775833631435757,0.11356533106921442,down,2.9812739082776165,2500
1,2,down_2,0.640620299028739,0.4942363706910525,0.7446650207325961,768,1280,cub,1.6448446276017101,attn2,unet.down_blocks.2.attentions.1.transformer_blocks.0.attn2.to_v,to_v,0.001658972877552126,0.8867082200520718,0.15597641879758115,0.17590501054385335,down,3.441028679444695,5000
0,-1,mid,,,,1280,1280,cub,0.9215103266757904,attn1,unet.mid_block.attentions.0.transformer_blocks.0.attn1.to_k,to_k,0.0007199299427154613,0.3662837315668387,0.1238773085810481,0.33820041106150855,mid,6.329438040125211,1000
0,-1,mid,,,,1280,1280,cub,1.6008332327901122,attn1,unet.mid_block.attentions.0.transformer_blocks.0.attn1.to_k,to_k,0.0012506509631172752,0.6639399701370341,0.21002192215659643,0.3163266734991853,mid,5.813458196843049,2500
0,-1,mid,0.6342296103204028,0.5043696287065945,0.7553872129379391,1280,1280,cub,2.4721565911975554,attn1,unet.mid_block.attentions.0.transformer_blocks.0.attn1.to_k,to_k,0.0019313723368730902,1.2066882951913573,0.30833085077307537,0.2555182245504255,mid,4.197220181792827,5000
0,-1,mid,,,,1280,1280,cub,1.0097612442779298,attn1,unet.mid_block.attentions.0.transformer_blocks.0.attn1.to_out.0,to_out,0.0007888759720921327,0.41931738594441964,0.13809240902877118,0.32932669538075215,mid,5.7989806094440155,1000
0,-1,mid,,,,1280,1280,cub,1.7484792376471883,attn1,unet.mid_block.attentions.0.transformer_blocks.0.attn1.to_out.0,to_out,0.0013659994044118659,0.7187426356366967,0.23567421433241717,0.32789791873644125,mid,5.917988863232692,2500
0,-1,mid,0.7063976137487278,0.5683186354303722,0.77708225950745,1280,1280,cub,2.6368240404030696,attn1,unet.mid_block.attentions.0.transformer_blocks.0.attn1.to_out.0,to_out,0.002060018781564898,1.1011911007007003,0.34663456908834744,0.3147814842199324,mid,5.733725708373292,5000
0,-1,mid,,,,1280,1280,cub,0.9878387461125802,attn1,unet.mid_block.attentions.0.transformer_blocks.0.attn1.to_q,to_q,0.0007717490204004532,0.4106594597965917,0.1221016136102844,0.297330575729983,mid,5.786399972681094,1000
0,-1,mid,,,,1280,1280,cub,1.6984676524362998,attn1,unet.mid_block.attentions.0.transformer_blocks.0.attn1.to_q,to_q,0.0013269278534658593,0.8421256204635098,0.22134438260577113,0.26284010036880506,mid,4.067811310029916,2500
0,-1,mid,0.6516885554286527,0.5113150601930626,0.7920756582282419,1280,1280,cub,2.5976533841657576,attn1,unet.mid_block.attentions.0.transformer_blocks.0.attn1.to_q,to_q,0.0020294167063794983,1.4408622456198024,0.2797870075279382,0.19418026142227415,mid,3.2502553215545658,5000
0,-1,mid,,,,1280,1280,cub,1.0040740229725138,attn1,unet.mid_block.attentions.0.transformer_blocks.0.attn1.to_v,to_v,0.0007844328304472764,0.4910913760558323,0.1129358196936395,0.2299690550477103,mid,4.180294197911893,1000
0,-1,mid,,,,1280,1280,cub,1.7306988735775684,attn1,unet.mid_block.attentions.0.transformer_blocks.0.attn1.to_v,to_v,0.0013521084949824752,0.8259501561039175,0.19292711990418512,0.2335820369769527,mid,4.390715957967865,2500
0,-1,mid,0.708718828748137,0.5563990350410826,0.7872804178162552,1280,1280,cub,2.5876415699337048,attn1,unet.mid_block.attentions.0.transformer_blocks.0.attn1.to_v,to_v,0.0020215949765107068,1.1647880939504536,0.28287046987887887,0.2428514434067621,mid,4.935309501337297,5000
0,-1,mid,,,,768,1280,cub,0.7141893500782307,attn2,unet.mid_block.attentions.0.transformer_blocks.0.attn2.to_k,to_k,0.00072032381741971,0.4825071176578269,0.0309899475583925,0.06422692313602144,mid,2.190883532909549,1000
0,-1,mid,,,,768,1280,cub,1.235228234057869,attn2,unet.mid_block.attentions.0.transformer_blocks.0.attn2.to_k,to_k,0.0012458381196019074,0.7942023668306065,0.06244817530366051,0.0786300543939073,mid,2.4189788204992824,2500
0,-1,mid,0.6898417936095317,0.5358551736870031,0.7821823514918691,768,1280,cub,1.8943199569494913,attn2,unet.mid_block.attentions.0.transformer_blocks.0.attn2.to_k,to_k,0.001910591053555659,1.1302662240033017,0.12229632609661616,0.10820134539936399,mid,2.8089575106014233,5000
0,-1,mid,,,,1280,1280,cub,1.0517213830095085,attn2,unet.mid_block.attentions.0.transformer_blocks.0.attn2.to_out.0,to_out,0.0008216573304761785,0.5587543842805274,0.12518621289495563,0.22404515546871276,mid,3.5429051037610266,1000
0,-1,mid,,,,1280,1280,cub,1.7922882662896191,attn2,unet.mid_block.attentions.0.transformer_blocks.0.attn2.to_out.0,to_out,0.001400225208038765,0.8350130401424979,0.22363745789538525,0.26782510828480083,mid,4.607116640025847,2500
0,-1,mid,0.7114614042954841,0.5853812938707382,0.7999468970594555,1280,1280,cub,2.68493492003767,attn2,unet.mid_block.attentions.0.transformer_blocks.0.attn2.to_out.0,to_out,0.00209760540627943,1.2342953480219945,0.3464667896785151,0.280700069261171,mid,4.731832276486412,5000
0,-1,mid,,,,1280,1280,cub,0.9285992051758856,attn2,unet.mid_block.attentions.0.transformer_blocks.0.attn2.to_q,to_q,0.0007254681290436606,0.4703686329455828,0.10384650740340078,0.22077685485336102,mid,3.8974442347714926,1000
0,-1,mid,,,,1280,1280,cub,1.5697020867438918,attn2,unet.mid_block.attentions.0.transformer_blocks.0.attn2.to_q,to_q,0.0012263297552686655,0.7458903583292107,0.17382097970411767,0.2330382445128738,mid,4.428783848344643,2500
0,-1,mid,0.6585597329041779,0.5123153780290329,0.7757233106250736,1280,1280,cub,2.4124214111545883,attn2,unet.mid_block.attentions.0.transformer_blocks.0.attn2.to_q,to_q,0.0018847042274645221,1.2339477211195506,0.2667593804837861,0.2161836971843163,mid,3.8221948956257545,5000
0,-1,mid,,,,768,1280,cub,0.7352536703104349,attn2,unet.mid_block.attentions.0.transformer_blocks.0.attn2.to_v,to_v,0.0007415690677995294,0.4951348394555068,0.024911105410719198,0.05031176040472856,mid,2.2050956394499126,1000
0,-1,mid,,,,768,1280,cub,1.3330852419361057,attn2,unet.mid_block.attentions.0.transformer_blocks.0.attn2.to_v,to_v,0.0013445356617430787,0.8101666332185206,0.0473581317192598,0.058454803959429695,mid,2.7074917101605234,2500
0,-1,mid,0.7259467139301907,0.5938601887270651,0.7996394279096651,768,1280,cub,1.9715599928827343,attn2,unet.mid_block.attentions.0.transformer_blocks.0.attn2.to_v,to_v,0.0019884945360634488,1.101459118293129,0.084280336751277,0.07651699037353436,mid,3.203931546278962,5000
0,1,up_1,,,,1280,1280,cub,1.0214571904747176,attn1,unet.up_blocks.1.attentions.0.transformer_blocks.0.attn1.to_k,to_k,0.0007980134300583731,0.4152393572997514,0.1470510158159718,0.35413554430925287,up_b,6.051225252946557,1000
0,1,up_1,,,,1280,1280,cub,1.681489241733699,attn1,unet.up_blocks.1.attentions.0.transformer_blocks.0.attn1.to_k,to_k,0.0013136634701044524,0.5939433631336234,0.25591190138568415,0.4308691994393242,up_b,8.0149001907058,2500
0,1,up_1,0.6681859525972326,0.5361896152978263,0.7660088326105188,1280,1280,cub,2.626653280549281,attn1,unet.up_blocks.1.attentions.0.transformer_blocks.0.attn1.to_k,to_k,0.0020520728754291257,0.9806658122973828,0.3811426535522599,0.3886570213550791,up_b,7.174033963203025,5000
0,1,up_1,,,,1280,1280,cub,1.0013955758384532,attn1,unet.up_blocks.1.attentions.0.transformer_blocks.0.attn1.to_out.0,to_out,0.0007823402936237916,0.35898754775624775,0.12796076336434561,0.35644903051409144,up_b,7.781307318552136,1000
0,1,up_1,,,,1280,1280,cub,1.7074362694885008,attn1,unet.up_blocks.1.attentions.0.transformer_blocks.0.attn1.to_out.0,to_out,0.0013339345855378913,0.5971475989615587,0.22678679347995256,0.37978348045664995,up_b,8.175712747320244,2500
0,1,up_1,0.6829668202455119,0.5415822582103214,0.7800256476976225,1280,1280,cub,2.6020296265646854,attn1,unet.up_blocks.1.attentions.0.transformer_blocks.0.attn1.to_out.0,to_out,0.0020328356457536604,0.9222827771768453,0.35465811052523016,0.3845437855956248,up_b,7.959692254227899,5000
0,1,up_1,,,,1280,1280,cub,0.9825738877264077,attn1,unet.up_blocks.1.attentions.0.transformer_blocks.0.attn1.to_q,to_q,0.000767635849786256,0.3664648319012068,0.15345723882321083,0.41875024685746787,up_b,7.1889560695706285,1000
0,1,up_1,,,,1280,1280,cub,1.6480379718426539,attn1,unet.up_blocks.1.attentions.0.transformer_blocks.0.attn1.to_q,to_q,0.0012875296655020733,0.6481666643286925,0.27144866121172756,0.4187945418218437,up_b,6.464888595279333,2500
0,1,up_1,0.6568013202842923,0.5057198620399455,0.7640974851011944,1280,1280,cub,2.4977086902377446,attn1,unet.up_blocks.1.attentions.0.transformer_blocks.0.attn1.to_q,to_q,0.001951334914248238,0.9255193470722328,0.400642737980619,0.4328842387228352,up_b,7.283037839937738,5000
0,1,up_1,,,,1280,1280,cub,0.9981568269765296,attn1,unet.up_blocks.1.attentions.0.transformer_blocks.0.attn1.to_v,to_v,0.0007798100210754138,0.3938473000313292,0.14439076045813848,0.36661609828644937,up_b,6.423057618212985,1000
0,1,up_1,,,,1280,1280,cub,1.6819740996334311,attn1,unet.up_blocks.1.attentions.0.transformer_blocks.0.attn1.to_v,to_v,0.0013140422653386181,0.6233218269668953,0.24909935471359537,0.39963201020205097,up_b,7.281384047289395,2500
0,1,up_1,0.6888527087847768,0.5542314203026157,0.7865338011886756,1280,1280,cub,2.5159273158920414,attn1,unet.up_blocks.1.attentions.0.transformer_blocks.0.attn1.to_v,to_v,0.0019655682155406574,0.9000201408207994,0.3615758452984253,0.40174194876203073,up_b,7.8143295790873255,5000
0,1,up_1,,,,768,1280,cub,0.7252450517720092,attn2,unet.up_blocks.1.attentions.0.transformer_blocks.0.attn2.to_k,to_k,0.0007314744811021685,0.4625099978196584,0.0457168509191092,0.0988451085049519,up_b,2.458823179400291,1000
0,1,up_1,,,,768,1280,cub,1.2189820838926702,attn2,unet.up_blocks.1.attentions.0.transformer_blocks.0.attn2.to_k,to_k,0.0012294524245420634,0.6933720244503777,0.08371453150976386,0.12073537517773769,up_b,3.0907367411679116,2500
0,1,up_1,0.6936427376567825,0.5331564649781764,0.7693135158559125,768,1280,cub,1.9703434166425617,attn2,unet.up_blocks.1.attentions.0.transformer_blocks.0.attn2.to_k,to_k,0.001987267510147412,1.0503726682074908,0.13842106491409176,0.13178281299942207,up_b,3.5188198195289484,5000
0,1,up_1,,,,1280,1280,cub,1.1224592025886428,attn2,unet.up_blocks.1.attentions.0.transformer_blocks.0.attn2.to_out.0,to_out,0.0008769212520223773,0.46374211875534194,0.11593934243963483,0.25000822170479053,up_b,5.85852174187906,1000
0,1,up_1,,,,1280,1280,cub,2.007996535439536,attn2,unet.up_blocks.1.attentions.0.transformer_blocks.0.attn2.to_out.0,to_out,0.0015687472933121377,0.8700334269494548,0.2448661031148571,0.28144447733855027,up_b,5.326648523057667,2500
0,1,up_1,0.7360486631893397,0.6166570283183808,0.8354647461242889,1280,1280,cub,3.208196602204663,attn2,unet.up_blocks.1.attentions.0.transformer_blocks.0.attn2.to_out.0,to_out,0.002506403595472393,1.385476078393131,0.3874583431792409,0.2796571873175994,up_b,5.361963900021428,5000
0,1,up_1,,,,1280,1280,cub,1.0112605378761639,attn2,unet.up_blocks.1.attentions.0.transformer_blocks.0.attn2.to_q,to_q,0.000790047295215753,0.5519524237804458,0.1202106197569991,0.21779163307889768,up_b,3.356779628269125,1000
0,1,up_1,,,,1280,1280,cub,1.7924354053584148,attn2,unet.up_blocks.1.attentions.0.transformer_blocks.0.attn2.to_q,to_q,0.0014003401604362616,1.079817973648013,0.19763850518730114,0.18302946423424246,up_b,2.7554080537881966,2500
0,1,up_1,0.6959567467478631,0.5683081486243718,0.808721073613173,1280,1280,cub,2.6711653843086682,attn2,unet.up_blocks.1.attentions.0.transformer_blocks.0.attn2.to_q,to_q,0.002086847956491147,1.6284807879264527,0.2670241641917156,0.1639713321590474,up_b,2.6905203266730395,5000
0,1,up_1,,,,768,1280,cub,0.5898935310598886,attn2,unet.up_blocks.1.attentions.0.transformer_blocks.0.attn2.to_v,to_v,0.0005949603702683427,0.3661731504772153,0.01390966777552516,0.03798658573791491,up_b,2.5952205647044684,1000
0,1,up_1,,,,768,1280,cub,1.0853490867474476,attn2,unet.up_blocks.1.attentions.0.transformer_blocks.0.attn2.to_v,to_v,0.0010946715983839305,0.5858430240122529,0.037132969653519046,0.06338382148720852,up_b,3.4322298540442393,2500
0,1,up_1,0.673964035898697,0.5211388477363726,0.7559912014015697,768,1280,cub,1.7475131156593253,attn2,unet.up_blocks.1.attentions.0.transformer_blocks.0.attn2.to_v,to_v,0.001762523227663438,0.9294750692555283,0.08910800737563075,0.09586917425015244,up_b,3.534804482157352,5000
1,1,up_1,,,,1280,1280,cub,1.0154529888763273,attn1,unet.up_blocks.1.attentions.1.transformer_blocks.0.attn1.to_k,to_k,0.0007933226475596307,0.457924241548098,0.14695490797961647,0.3209153275721069,up_b,4.917364197931856,1000
1,1,up_1,,,,1280,1280,cub,1.7338382171297633,attn1,unet.up_blocks.1.attentions.1.transformer_blocks.0.attn1.to_k,to_k,0.0013545611071326276,0.8087082490050347,0.23672909466904307,0.29272496596924075,up_b,4.59656490361637,2500
1,1,up_1,0.6536871792261824,0.5117069452615163,0.7859423844759292,1280,1280,cub,2.6373683423099172,attn1,unet.up_blocks.1.attentions.1.transformer_blocks.0.attn1.to_k,to_k,0.0020604440174296227,1.2934766843732197,0.33993246244776126,0.26280524925927246,up_b,4.157424472616854,5000
1,1,up_1,,,,1280,1280,cub,1.0335737343090095,attn1,unet.up_blocks.1.attentions.1.transformer_blocks.0.attn1.to_out.0,to_out,0.0008074794799289136,0.4199559845924973,0.13998291309386462,0.3333275824839037,up_b,6.057248337934995,1000
1,1,up_1,,,,1280,1280,cub,1.7858261219916551,attn1,unet.up_blocks.1.attentions.1.transformer_blocks.0.attn1.to_out.0,to_out,0.0013951766578059806,0.7214983727585075,0.24304083042308913,0.3368556875518239,up_b,6.126432186554036,2500
1,1,up_1,0.714553006747428,0.5845632081738862,0.8035478281366272,1280,1280,cub,2.7231864604035514,attn1,unet.up_blocks.1.attentions.1.transformer_blocks.0.attn1.to_out.0,to_out,0.0021274894221902747,1.092083689850338,0.3833787261507938,0.3510525152182549,up_b,6.217888303085162,5000
1,1,up_1,,,,1280,1280,cub,1.0068022233307177,attn1,unet.up_blocks.1.attentions.1.transformer_blocks.0.attn1.to_q,to_q,0.0007865642369771232,0.3938806410755611,0.1511243087348373,0.3836804680782622,up_b,6.533698044886134,1000
1,1,up_1,,,,1280,1280,cub,1.714252909375005,attn1,unet.up_blocks.1.attentions.1.transformer_blocks.0.attn1.to_q,to_q,0.0013392600854492227,0.6914912989858568,0.27638416659928355,0.39969290575981126,up_b,6.145770675698028,2500
1,1,up_1,0.6777258538881916,0.5436958007546127,0.7878504939504202,1280,1280,cub,2.565250059185341,attn1,unet.up_blocks.1.attentions.1.transformer_blocks.0.attn1.to_q,to_q,0.0020041016087385477,1.0263696847515613,0.39541510305782335,0.3852560231779798,up_b,6.246716270255576,5000
1,1,up_1,,,,1280,1280,cub,1.0228241502225999,attn1,unet.up_blocks.1.attentions.1.transformer_blocks.0.attn1.to_v,to_v,0.0007990813673614061,0.4019577011003649,0.14638123812607068,0.36417075161229645,up_b,6.475021876185471,1000
1,1,up_1,,,,1280,1280,cub,1.7775521445092002,attn1,unet.up_blocks.1.attentions.1.transformer_blocks.0.attn1.to_v,to_v,0.0013887126128978126,0.7253446957804863,0.2539199927118851,0.3500680354995383,up_b,6.005591942356387,2500
1,1,up_1,0.6990921031863414,0.5693510157619834,0.8004987770798219,1280,1280,cub,2.7181643735504974,attn1,unet.up_blocks.1.attentions.1.transformer_blocks.0.attn1.to_v,to_v,0.002123565916836326,0.9956841454526314,0.3908358915443622,0.39252999390352933,up_b,7.452607484702273,5000
1,1,up_1,,,,768,1280,cub,0.8054612117457339,attn2,unet.up_blocks.1.attentions.1.transformer_blocks.0.attn2.to_k,to_k,0.0008123796508091857,0.43707036997601895,0.04779164762188548,0.10934543017525461,up_b,3.39614739741357,1000
1,1,up_1,,,,768,1280,cub,1.397939294268005,attn2,unet.up_blocks.1.attentions.1.transformer_blocks.0.attn2.to_k,to_k,0.0014099467723200343,0.6306525091118186,0.10796392820307138,0.17119400405640614,up_b,4.913561193432777,2500
1,1,up_1,0.7444038970780338,0.6043243678887666,0.8102576412645554,768,1280,cub,2.258912545733336,attn2,unet.up_blocks.1.attentions.1.transformer_blocks.0.attn2.to_k,to_k,0.0022783152786885964,0.9855113399667299,0.2025694756622353,0.20554758473816637,up_b,5.253824761391872,5000
1,1,up_1,,,,1280,1280,cub,1.1769430596691215,attn2,unet.up_blocks.1.attentions.1.transformer_blocks.0.attn2.to_out.0,to_out,0.0009194867653665011,0.4853610987067814,0.11802669646174793,0.24317296292641444,up_b,5.880049395704825,1000
1,1,up_1,,,,1280,1280,cub,2.2403685574769234,attn2,unet.up_blocks.1.attentions.1.transformer_blocks.0.attn2.to_out.0,to_out,0.0017502879355288463,0.9827949226445393,0.24024590205320487,0.24445171267953106,up_b,5.196526299139051,2500
1,1,up_1,0.7503763753648844,0.6369668588716207,0.8446682909168136,1280,1280,cub,3.578721723464334,attn2,unet.up_blocks.1.attentions.1.transformer_blocks.0.attn2.to_out.0,to_out,0.002795876346456511,1.4898159744869102,0.37366131034732597,0.25081037976922904,up_b,5.77019653684653,5000
1,1,up_1,,,,1280,1280,cub,1.116459340967883,attn2,unet.up_blocks.1.attentions.1.transformer_blocks.0.attn2.to_q,to_q,0.0008722338601311585,0.654656792261435,0.1104261454006877,0.16867791903484808,up_b,2.90842900377133,1000
1,1,up_1,,,,1280,1280,cub,2.050203618853911,attn2,unet.up_blocks.1.attentions.1.transformer_blocks.0.attn2.to_q,to_q,0.001601721577229618,1.3454961380138781,0.1496867984244355,0.11125026240907096,up_b,2.3218228472954476,2500
1,1,up_1,0.7296399812738007,0.6026898629577109,0.8226667767707713,1280,1280,cub,3.1778238150063904,attn2,unet.up_blocks.1.attentions.1.transformer_blocks.0.attn2.to_q,to_q,0.0024826748554737424,1.95313275630291,0.21454164936152958,0.10984488825410722,up_b,2.647256987681716,5000
1,1,up_1,,,,768,1280,cub,0.7003646840205013,attn2,unet.up_blocks.1.attentions.1.transformer_blocks.0.attn2.to_v,to_v,0.0007063804055945889,0.42199664404911724,0.018117051309424963,0.04293174262143249,up_b,2.7544220271285655,1000
1,1,up_1,,,,768,1280,cub,1.361505256211343,attn2,unet.up_blocks.1.attentions.1.transformer_blocks.0.attn2.to_v,to_v,0.0013731997872605192,0.7580244628008158,0.05160756646597916,0.06808166358549295,up_b,3.226058229259068,2500
1,1,up_1,0.7140567476457658,0.5457201614724072,0.8096375760825865,768,1280,cub,2.318261018621912,attn2,unet.up_blocks.1.attentions.1.transformer_blocks.0.attn2.to_v,to_v,0.0023381735201261737,1.2585589521415357,0.14595476287344283,0.11596974668933027,up_b,3.3929506193251013,5000
2,1,up_1,,,,1280,1280,cub,1.0462871352250942,attn1,unet.up_blocks.1.attentions.2.transformer_blocks.0.attn1.to_k,to_k,0.0008174118243946049,0.46106839522667226,0.15322604608207097,0.33232823517808324,up_b,5.149571154082214,1000
2,1,up_1,,,,1280,1280,cub,1.731565877577444,attn1,unet.up_blocks.1.attentions.2.transformer_blocks.0.attn1.to_k,to_k,0.001352785841857378,0.7771300927279264,0.24706201651391413,0.31791590471894215,up_b,4.964672271615647,2500
2,1,up_1,0.692466553040158,0.5545553666458517,0.797108900571827,1280,1280,cub,2.6086223098566412,attn1,unet.up_blocks.1.attentions.2.transformer_blocks.0.attn1.to_k,to_k,0.002037986179575501,1.1546802851004936,0.3461685964783672,0.29979605692171285,up_b,5.1038618070221515,5000
2,1,up_1,,,,1280,1280,cub,1.125589048128664,attn1,unet.up_blocks.1.attentions.2.transformer_blocks.0.attn1.to_out.0,to_out,0.0008793664438505186,0.5627342614870365,0.12150260009217083,0.21591470149888828,up_b,4.000856756848064,1000
2,1,up_1,,,,1280,1280,cub,1.8986719272851587,attn1,unet.up_blocks.1.attentions.2.transformer_blocks.0.attn1.to_out.0,to_out,0.0014833374431915303,0.8586483703271989,0.21040996026992212,0.24504787703695605,up_b,4.889553004866346,2500
2,1,up_1,0.7525628770418603,0.6339666927033301,0.8289306073341185,1280,1280,cub,2.790162904017897,attn1,unet.up_blocks.1.attentions.2.transformer_blocks.0.attn1.to_out.0,to_out,0.002179814768763982,1.141187538602472,0.3355707918626494,0.29405402750331305,up_b,5.977850910459553,5000
2,1,up_1,,,,1280,1280,cub,1.066449419160213,attn1,unet.up_blocks.1.attentions.2.transformer_blocks.0.attn1.to_q,to_q,0.0008331636087189164,0.502426302210573,0.15389191680126227,0.3062974930336435,up_b,4.505425268636679,1000
2,1,up_1,,,,1280,1280,cub,1.7576621878899752,attn1,unet.up_blocks.1.attentions.2.transformer_blocks.0.attn1.to_q,to_q,0.001373173584289043,0.7864764363432891,0.23508141634837465,0.2989045894895241,up_b,4.994584780611557,2500
2,1,up_1,0.6894965789694911,0.5705353138822236,0.7992141704578397,1280,1280,cub,2.6633736201381715,attn1,unet.up_blocks.1.attentions.2.transformer_blocks.0.attn1.to_q,to_q,0.0020807606407329464,1.0876067716617561,0.35577783876734,0.32711991874025065,up_b,5.996811281729619,5000
2,1,up_1,,,,1280,1280,cub,1.1109886091406282,attn1,unet.up_blocks.1.attentions.2.transformer_blocks.0.attn1.to_v,to_v,0.0008679598508911158,0.5394653015023961,0.14471810398240956,0.2682621172842323,up_b,4.241233472977753,1000
2,1,up_1,,,,1280,1280,cub,1.8335048283980622,attn1,unet.up_blocks.1.attentions.2.transformer_blocks.0.attn1.to_v,to_v,0.001432425647185986,0.783264382122642,0.2490597164616225,0.3179765634008176,up_b,5.479581110414958,2500
2,1,up_1,0.7520105934590361,0.6316800286216093,0.824118826699039,1280,1280,cub,2.660791790087446,attn1,unet.up_blocks.1.attentions.2.transformer_blocks.0.attn1.to_v,to_v,0.002078743586005817,1.0644417533211676,0.37588841177940385,0.3531319685709372,up_b,6.248531742790388,5000
2,1,up_1,,,,768,1280,cub,0.8830858994458648,attn2,unet.up_blocks.1.attentions.2.transformer_blocks.0.attn2.to_k,to_k,0.0008906710890167791,0.6049991148084691,0.04620511041426434,0.07637219507154482,up_b,2.1305730150025846,1000
2,1,up_1,,,,768,1280,cub,1.590206693445241,attn2,unet.up_blocks.1.attentions.2.transformer_blocks.0.attn2.to_k,to_k,0.0016038656356096306,0.9969646547559717,0.10244046410746471,0.10275235297337516,up_b,2.544178809642237,2500
2,1,up_1,0.7854029497474507,0.6343914425071409,0.8250140299363442,768,1280,cub,2.3948098269996794,attn2,unet.up_blocks.1.attentions.2.transformer_blocks.0.attn2.to_k,to_k,0.0024153798378394853,1.264642478693533,0.18139027509406802,0.14343205937654194,up_b,3.5859690117047087,5000
2,1,up_1,,,,1280,1280,cub,1.1528580280409846,attn2,unet.up_blocks.1.attentions.2.transformer_blocks.0.attn2.to_out.0,to_out,0.0009006703344070192,0.6551572728891878,0.055681070222884904,0.08498886073161659,up_b,3.096424701674612,1000
2,1,up_1,,,,1280,1280,cub,2.1081177471967094,attn2,unet.up_blocks.1.attentions.2.transformer_blocks.0.attn2.to_out.0,to_out,0.0016469669899974292,1.054026269695738,0.11180806286179823,0.10607711219007232,up_b,4.000247465611192,2500
2,1,up_1,0.7858811151518196,0.649891361253745,0.8443786464953271,1280,1280,cub,3.3627706268656685,attn2,unet.up_blocks.1.attentions.2.transformer_blocks.0.attn2.to_out.0,to_out,0.0026271645522388037,1.471776364127667,0.22382524636241946,0.1520782992700677,up_b,5.220484880624268,5000
2,1,up_1,,,,1280,1280,cub,1.1400811391884138,attn2,unet.up_blocks.1.attentions.2.transformer_blocks.0.attn2.to_q,to_q,0.0008906883899909483,0.7031491512090216,0.10714743541015094,0.1523822296107697,up_b,2.6289153870991204,1000
2,1,up_1,,,,1280,1280,cub,2.0381692278399828,attn2,unet.up_blocks.1.attentions.2.transformer_blocks.0.attn2.to_q,to_q,0.0015923197092499865,1.173949261688501,0.1906765080108918,0.1624231252862157,up_b,3.014267747524924,2500
2,1,up_1,0.7397616392253685,0.5925934509210603,0.799428178296416,1280,1280,cub,3.244301929159155,attn2,unet.up_blocks.1.attentions.2.transformer_blocks.0.attn2.to_q,to_q,0.00253461088215559,1.7179679273784092,0.2603104161864848,0.1515222793383077,up_b,3.566255266993009,5000
2,1,up_1,,,,768,1280,cub,0.6102254624511337,attn2,unet.up_blocks.1.attentions.2.transformer_blocks.0.attn2.to_v,to_v,0.0006154669410169168,0.49291317453664923,0.010826523815956264,0.02196436284368635,up_b,1.5326387375765214,1000
2,1,up_1,,,,768,1280,cub,1.0777706143280164,attn2,unet.up_blocks.1.attentions.2.transformer_blocks.0.attn2.to_v,to_v,0.0010870280313344126,0.7119836995445568,0.030271505613404446,0.042517132952297344,up_b,2.2914615530683227,2500
2,1,up_1,0.7306937714904381,0.5344734570472129,0.7809587146372717,768,1280,cub,1.914998832783004,attn2,unet.up_blocks.1.attentions.2.transformer_blocks.0.attn2.to_v,to_v,0.0019314475487956294,1.0914441835917834,0.08273927647320933,0.0758071532351993,up_b,3.078463194143413,5000
0,2,up_2,,,,640,640,cub,0.5129026882850583,attn1,unet.up_blocks.2.attentions.0.transformer_blocks.0.attn1.to_k,to_k,0.0008014104504454035,0.18752525464827766,0.07305612286949321,0.38958018218142015,up_b,7.480840977802991,1000
0,2,up_2,,,,640,640,cub,0.8248850721264569,attn1,unet.up_blocks.2.attentions.0.transformer_blocks.0.attn1.to_k,to_k,0.001288882925197589,0.3121855505765142,0.11928226686529253,0.3820877252166653,up_b,6.981701754209465,2500
0,2,up_2,0.6773223990126648,0.517381248026267,0.7590822610163186,640,640,cub,1.204666704613456,attn1,unet.up_blocks.2.attentions.0.transformer_blocks.0.attn1.to_k,to_k,0.001882291725958525,0.437287837728808,0.1732757376793936,0.3962509878604346,up_b,7.589252762411818,5000
0,2,up_2,,,,640,640,cub,0.5063035702859499,attn1,unet.up_blocks.2.attentions.0.transformer_blocks.0.attn1.to_out.0,to_out,0.0007910993285717967,0.18546374529596357,0.06724436915986703,0.3625742004323178,up_b,7.452533351333245,1000
0,2,up_2,,,,640,640,cub,0.8390648804349568,attn1,unet.up_blocks.2.attentions.0.transformer_blocks.0.attn1.to_out.0,to_out,0.00131103887567962,0.3023844527823044,0.11242723065960857,0.37180228555119627,up_b,7.69967105523603,2500
0,2,up_2,0.6997043855272128,0.5727037118648456,0.7844975451269551,640,640,cub,1.215468626112757,attn1,unet.up_blocks.2.attentions.0.transformer_blocks.0.attn1.to_out.0,to_out,0.0018991697283011828,0.42540660526912477,0.17239570417813316,0.40524924164981063,up_b,8.163549842926333,5000
0,2,up_2,,,,640,640,cub,0.5146365315679053,attn1,unet.up_blocks.2.attentions.0.transformer_blocks.0.attn1.to_q,to_q,0.0008041195805748521,0.18252855820436215,0.0760734618714896,0.4167756685302715,up_b,7.949495654074851,1000
0,2,up_2,,,,640,640,cub,0.8282048923726134,attn1,unet.up_blocks.2.attentions.0.transformer_blocks.0.attn1.to_q,to_q,0.0012940701443322085,0.2995732456424945,0.1271931773652968,0.42458123085226024,up_b,7.6430998610712555,2500
0,2,up_2,0.6743852447220665,0.5247198971721537,0.7641672751245865,640,640,cub,1.1958087267146127,attn1,unet.up_blocks.2.attentions.0.transformer_blocks.0.attn1.to_q,to_q,0.0018684511354915823,0.4215628129204081,0.1879317549179518,0.4457977534024893,up_b,8.046348701434328,5000
0,2,up_2,,,,640,640,cub,0.4723885846025913,attn1,unet.up_blocks.2.attentions.0.transformer_blocks.0.attn1.to_v,to_v,0.0007381071634415489,0.19230306559501853,0.05815478681637731,0.30241216715103564,up_b,6.0342927137595375,1000
0,2,up_2,,,,640,640,cub,0.7557744457958285,attn1,unet.up_blocks.2.attentions.0.transformer_blocks.0.attn1.to_v,to_v,0.001180897571555982,0.29475543026129736,0.10062990932876364,0.3414013755049614,up_b,6.574470444312397,2500
0,2,up_2,0.6844007235178479,0.5363552838902093,0.7661084791346934,640,640,cub,1.0923663641372867,attn1,unet.up_blocks.2.attentions.0.transformer_blocks.0.attn1.to_v,to_v,0.0017068224439645105,0.3889202570048298,0.16569718133287814,0.42604410119686936,up_b,7.888882904721128,5000
0,2,up_2,,,,768,640,cub,0.45333290473226145,attn2,unet.up_blocks.2.attentions.0.transformer_blocks.0.attn2.to_k,to_k,0.0006466162968260419,0.34703484757002584,0.02229906704611634,0.0642559881298859,up_b,1.706429351533976,1000
0,2,up_2,,,,768,640,cub,0.8376904307321313,attn2,unet.up_blocks.2.attentions.0.transformer_blocks.0.attn2.to_k,to_k,0.0011948488154119978,0.6399816457712126,0.03726813261960091,0.058233127255846194,up_b,1.7132946980045975,2500
0,2,up_2,0.613063711527752,0.4817110400216415,0.7443681108908038,768,640,cub,1.3427161137953074,attn2,unet.up_blocks.2.attentions.0.transformer_blocks.0.attn2.to_k,to_k,0.0019151976662795923,0.95949823041218,0.059525830233372774,0.062038499234961325,up_b,1.958303704757192,5000
0,2,up_2,,,,640,640,cub,0.4240858925270399,attn2,unet.up_blocks.2.attentions.0.transformer_blocks.0.attn2.to_out.0,to_out,0.0006626342070734998,0.31600037305213063,0.007040410256767527,0.02227975299132343,up_b,1.8010777479771074,1000
0,2,up_2,,,,640,640,cub,0.7707098047761436,attn2,unet.up_blocks.2.attentions.0.transformer_blocks.0.attn2.to_out.0,to_out,0.0012042340699627244,0.5211088969689037,0.01325349596436956,0.025433255969069438,up_b,2.1873827959284697,2500
0,2,up_2,0.7310313426348972,0.5904413950736361,0.7881133002358935,640,640,cub,1.240054544004015,attn2,unet.up_blocks.2.attentions.0.transformer_blocks.0.attn2.to_out.0,to_out,0.0019375852250062733,0.7634282576995832,0.025146745125269168,0.03293923806415438,up_b,2.638427192052028,5000
0,2,up_2,,,,640,640,cub,0.4105956273137138,attn2,unet.up_blocks.2.attentions.0.transformer_blocks.0.attn2.to_q,to_q,0.0006415556676776778,0.19465185905173107,0.05004550945821767,0.2571026534348047,up_b,4.449503249159933,1000
0,2,up_2,,,,640,640,cub,0.7503374263504935,attn2,unet.up_blocks.2.attentions.0.transformer_blocks.0.attn2.to_q,to_q,0.001172402228672646,0.3593896794390145,0.08538292627152963,0.23757756874044686,up_b,4.358951289976067,2500
0,2,up_2,0.5900631219946297,0.4666137648365684,0.7449417907596587,640,640,cub,1.2069801647761849,attn2,unet.up_blocks.2.attentions.0.transformer_blocks.0.attn2.to_q,to_q,0.001885906507462789,0.6170625806437952,0.1382524280828841,0.22404928190369647,up_b,3.8259724980519887,5000
0,2,up_2,,,,768,640,cub,0.3719613705669608,attn2,unet.up_blocks.2.attentions.0.transformer_blocks.0.attn2.to_v,to_v,0.0005305511280730797,0.2782455918233602,0.001462204068784852,0.005255084399371578,up_b,1.7870598322778757,1000
0,2,up_2,,,,768,640,cub,0.587170016333288,attn2,unet.up_blocks.2.attentions.0.transformer_blocks.0.attn2.to_v,to_v,0.0008375163099906736,0.38637555929522915,0.003980272098938862,0.010301562827108172,up_b,2.30944937840863,2500
0,2,up_2,0.6495970083878554,0.4638757085271083,0.692726894562539,768,640,cub,0.9034150236998053,attn2,unet.up_blocks.2.attentions.0.transformer_blocks.0.attn2.to_v,to_v,0.0012885958001808532,0.5691052665791957,0.01097471601966814,0.019284158246567408,up_b,2.519935401658265,5000
1,2,up_2,,,,640,640,cub,0.5318992295467802,attn1,unet.up_blocks.2.attentions.1.transformer_blocks.0.attn1.to_k,to_k,0.000831092546166844,0.18897459303430236,0.08201027458955085,0.43397513534882687,up_b,7.92231096078511,1000
1,2,up_2,,,,640,640,cub,0.8791159477116939,attn1,unet.up_blocks.2.attentions.1.transformer_blocks.0.attn1.to_k,to_k,0.0013736186682995217,0.3278973376260284,0.12780842964037742,0.3897818462501356,up_b,7.18814015063918,2500
1,2,up_2,0.6883870920784428,0.5452725717823421,0.7800519377644042,640,640,cub,1.3403103926884183,attn1,unet.up_blocks.2.attentions.1.transformer_blocks.0.attn1.to_k,to_k,0.0020942349885756536,0.4983821014706597,0.18930636302225895,0.37984181707898595,up_b,7.232457598444254,5000
1,2,up_2,,,,640,640,cub,0.555108364690723,attn1,unet.up_blocks.2.attentions.1.transformer_blocks.0.attn1.to_out.0,to_out,0.0008673568198292547,0.22883441567426843,0.06432798270667281,0.28111148629950705,up_b,5.884544632498541,1000
1,2,up_2,,,,640,640,cub,0.9282527281856696,attn1,unet.up_blocks.2.attentions.1.transformer_blocks.0.attn1.to_out.0,to_out,0.0014503948877901088,0.3406890109482573,0.11702547679850889,0.3434964822398757,up_b,7.423628283124128,2500
1,2,up_2,0.7518268585476405,0.628822351705295,0.8253692058174859,640,640,cub,1.3436444759337833,attn1,unet.up_blocks.2.attentions.1.transformer_blocks.0.attn1.to_out.0,to_out,0.0020994444936465366,0.4786272862023028,0.19175730149636316,0.4006401369589124,up_b,7.880864025212002,5000
1,2,up_2,,,,640,640,cub,0.5388170616857154,attn1,unet.up_blocks.2.attentions.1.transformer_blocks.0.attn1.to_q,to_q,0.0008419016588839303,0.22188773357047217,0.07410544936738167,0.3339772243148609,up_b,5.896795817385782,1000
1,2,up_2,,,,640,640,cub,0.9015710443997306,attn1,unet.up_blocks.2.attentions.1.transformer_blocks.0.attn1.to_q,to_q,0.001408704756874579,0.35581750896626907,0.12075814492492791,0.3393822447797969,up_b,6.420151557545639,2500
1,2,up_2,0.6904693896469386,0.5602379306075745,0.79308364359703,640,640,cub,1.3962563123924308,attn1,unet.up_blocks.2.attentions.1.transformer_blocks.0.attn1.to_q,to_q,0.002181650488113173,0.5642107248368793,0.18672861380736971,0.33095544906799745,up_b,6.124175456610462,5000
1,2,up_2,,,,640,640,cub,0.5484126431363237,attn1,unet.up_blocks.2.attentions.1.transformer_blocks.0.attn1.to_v,to_v,0.0008568947549005057,0.23285285055496208,0.0711630530019894,0.30561383651686164,up_b,5.546918682666457,1000
1,2,up_2,,,,640,640,cub,0.8955548659537786,attn1,unet.up_blocks.2.attentions.1.transformer_blocks.0.attn1.to_v,to_v,0.001399304478052779,0.3662870424442204,0.11985029207552264,0.32720319909698664,up_b,5.977798678817397,2500
1,2,up_2,0.7374091352548354,0.5953741008607819,0.8097909523975074,640,640,cub,1.2982887473447164,attn1,unet.up_blocks.2.attentions.1.transformer_blocks.0.attn1.to_v,to_v,0.0020285761677261193,0.5115786229316969,0.1784456652550845,0.3488137644072543,up_b,6.440473665855,5000
1,2,up_2,,,,768,640,cub,0.6499662843246925,attn2,unet.up_blocks.2.attentions.1.transformer_blocks.0.attn2.to_k,to_k,0.0009270864467251316,0.4542670507930702,0.02083601455136382,0.04586732521099166,up_b,2.047194864105251,1000
1,2,up_2,,,,768,640,cub,1.2855904507195015,attn2,unet.up_blocks.2.attentions.1.transformer_blocks.0.attn2.to_k,to_k,0.0018337158582612098,0.9030335459908806,0.038629239485101004,0.042777192117169814,up_b,2.02673752278143,2500
1,2,up_2,0.7698448325665533,0.6429924283510098,0.8470634165150678,768,640,cub,2.102119818236986,attn2,unet.up_blocks.2.attentions.1.transformer_blocks.0.attn2.to_k,to_k,0.002998381362049627,1.474064780615246,0.06517893707875276,0.04421714563422941,up_b,2.033676141284091,5000
1,2,up_2,,,,640,640,cub,0.5467768645093726,attn2,unet.up_blocks.2.attentions.1.transformer_blocks.0.attn2.to_out.0,to_out,0.0008543388507958946,0.34198425258499404,0.02375309620400569,0.06945669581116833,up_b,2.556277770847193,1000
1,2,up_2,,,,640,640,cub,0.9797543244687436,attn2,unet.up_blocks.2.attentions.1.transformer_blocks.0.attn2.to_out.0,to_out,0.0015308661319824118,0.5681997983747676,0.047099244942776106,0.08289204796885698,up_b,2.973255476943298,2500
1,2,up_2,0.767330359367112,0.6361378208943946,0.8347258626699495,640,640,cub,1.5209374436203889,attn2,unet.up_blocks.2.attentions.1.transformer_blocks.0.attn2.to_out.0,to_out,0.0023764647556568574,0.770104382125731,0.08782658905241877,0.11404504517944657,up_b,3.900529028200698,5000
1,2,up_2,,,,640,640,cub,0.5907433968994048,attn2,unet.up_blocks.2.attentions.1.transformer_blocks.0.attn2.to_q,to_q,0.00092303655765532,0.3047980656937636,0.05758642424323357,0.188933037065569,up_b,3.7564130339782,1000
1,2,up_2,,,,640,640,cub,1.1247267694796992,attn2,unet.up_blocks.2.attentions.1.transformer_blocks.0.attn2.to_q,to_q,0.00175738557731203,0.6064914718878195,0.11024267600757107,0.18177118907281561,up_b,3.4390989122021303,2500
1,2,up_2,0.7883077296032662,0.6844316124728004,0.8631810492234302,640,640,cub,1.8657596100340306,attn2,unet.up_blocks.2.attentions.1.transformer_blocks.0.attn2.to_q,to_q,0.002915249390678173,0.9713027561979966,0.14954274354996386,0.15396099990009718,up_b,3.6897941014675877,5000
1,2,up_2,,,,768,640,cub,0.3957358328909743,attn2,unet.up_blocks.2.attentions.1.transformer_blocks.0.attn2.to_v,to_v,0.0005644620898111497,0.36826250004487193,0.0034326892494143516,0.009321310882851461,up_b,1.1547707062587178,1000
1,2,up_2,,,,768,640,cub,0.719666245466983,attn2,unet.up_blocks.2.attentions.1.transformer_blocks.0.attn2.to_v,to_v,0.0010265037409305118,0.5298060524744891,0.009234723062957284,0.017430384231788196,up_b,1.8451362286959492,2500
1,2,up_2,0.7137304931759009,0.5037787151680623,0.7577196480809711,768,640,cub,1.3522471643669618,attn2,unet.up_blocks.2.attentions.1.transformer_blocks.0.attn2.to_v,to_v,0.0019287923834535965,0.8760034145647031,0.022235610701737744,0.025383018298834933,up_b,2.382871158883268,5000
2,2,up_2,,,,640,640,cub,0.5422601920172332,attn1,unet.up_blocks.2.attentions.2.transformer_blocks.0.attn1.to_k,to_k,0.0008472815500269269,0.24055478567873487,0.07751662956625023,0.32224106183351947,up_b,5.081447516904559,1000
2,2,up_2,,,,640,640,cub,0.9689390640155845,attn1,unet.up_blocks.2.attentions.2.transformer_blocks.0.attn1.to_k,to_k,0.0015139672875243509,0.4360509409560306,0.1342589173423855,0.3078973228403687,up_b,4.937629223844603,2500
2,2,up_2,0.7271487902989217,0.6084248227725777,0.819212964643168,640,640,cub,1.4564087362642197,attn1,unet.up_blocks.2.attentions.2.transformer_blocks.0.attn1.to_k,to_k,0.0022756386504128433,0.6294071390624146,0.19225584315892832,0.30545545359609183,up_b,5.35430641876767,5000
2,2,up_2,,,,640,640,cub,0.6958704085193244,attn1,unet.up_blocks.2.attentions.2.transformer_blocks.0.attn1.to_out.0,to_out,0.0010872975133114442,0.3847468762692924,0.06185663822595085,0.16077229482860333,up_b,3.271195744040463,1000
2,2,up_2,,,,640,640,cub,1.1528196124803958,attn1,unet.up_blocks.2.attentions.2.transformer_blocks.0.attn1.to_out.0,to_out,0.0018012806445006184,0.5846577843058628,0.09685456519281675,0.16566026792546293,up_b,3.887937187380487,2500
2,2,up_2,0.8215458665828324,0.7171990335910432,0.874925219102263,640,640,cub,1.5735713357464765,attn1,unet.up_blocks.2.attentions.2.transformer_blocks.0.attn1.to_out.0,to_out,0.0024587052121038695,0.7234274277541322,0.1514691761509245,0.20937715427953557,up_b,4.731326630126391,5000
2,2,up_2,,,,640,640,cub,0.5387335313543558,attn1,unet.up_blocks.2.attentions.2.transformer_blocks.0.attn1.to_q,to_q,0.0008417711427411809,0.20614253268714972,0.07773644620646943,0.3771004711795475,up_b,6.829875696859212,1000
2,2,up_2,,,,640,640,cub,0.9148232181922336,attn1,unet.up_blocks.2.attentions.2.transformer_blocks.0.attn1.to_q,to_q,0.001429411278425365,0.34872910820211245,0.12022166344854812,0.34474226733855384,up_b,6.881735216230148,2500
2,2,up_2,0.7028721367839329,0.568557374472771,0.7960588488468122,640,640,cub,1.3878933587487998,attn1,unet.up_blocks.2.attentions.2.transformer_blocks.0.attn1.to_q,to_q,0.002168583373045,0.5852558037553409,0.1769964951967175,0.3024258692711892,up_b,5.623681768834361,5000
2,2,up_2,,,,640,640,cub,0.5705140610735262,attn1,unet.up_blocks.2.attentions.2.transformer_blocks.0.attn1.to_v,to_v,0.0008914282204273847,0.2562648393032396,0.055484553542773526,0.21651254886792465,up_b,4.95626659826951,1000
2,2,up_2,,,,640,640,cub,0.9319842347691001,attn1,unet.up_blocks.2.attentions.2.transformer_blocks.0.attn1.to_v,to_v,0.001456225366826719,0.3925685618172176,0.10140358408995366,0.258307959304107,up_b,5.636196139410649,2500
2,2,up_2,0.7900105261203477,0.6764891958295908,0.8420396002512703,640,640,cub,1.2542243195355631,attn1,unet.up_blocks.2.attentions.2.transformer_blocks.0.attn1.to_v,to_v,0.0019597254992743175,0.5052578058906144,0.1598496612718053,0.3163724724451103,up_b,6.1620379898935616,5000
2,2,up_2,,,,768,640,cub,0.7984605773248687,attn2,unet.up_blocks.2.attentions.2.transformer_blocks.0.attn2.to_k,to_k,0.001138892889269345,0.6564705264945748,0.034992415358439416,0.05330386353412105,up_b,1.47936892584444,1000
2,2,up_2,,,,768,640,cub,1.4864207172771726,attn2,unet.up_blocks.2.attentions.2.transformer_blocks.0.attn2.to_k,to_k,0.0021201722833221782,1.2657312056728784,0.05148292212661061,0.04067445117562828,up_b,1.3791151349721287,2500
2,2,up_2,0.7842996842301849,0.6336348158515414,0.8492037380593345,768,640,cub,2.191065824715525,attn2,unet.up_blocks.2.attentions.2.transformer_blocks.0.attn2.to_k,to_k,0.003125250461394149,1.8231737236427195,0.06999869356067272,0.038393869247311564,up_b,1.444291129720735,5000
2,2,up_2,,,,640,640,cub,0.6023668633633376,attn2,unet.up_blocks.2.attentions.2.transformer_blocks.0.attn2.to_out.0,to_out,0.000941198224005215,0.5012474916620698,0.012888915360220198,0.02571367552879372,up_b,1.4441680122353688,1000
2,2,up_2,,,,640,640,cub,0.9214624018420524,attn2,unet.up_blocks.2.attentions.2.transformer_blocks.0.attn2.to_out.0,to_out,0.0014397850028782069,0.7123460565418247,0.023089809158581207,0.03241375304395401,up_b,1.6732976077663868,2500
2,2,up_2,0.8135384046152083,0.7035118250416227,0.8607356562672872,640,640,cub,1.3024251089902144,attn2,unet.up_blocks.2.attentions.2.transformer_blocks.0.attn2.to_out.0,to_out,0.00203503923279721,0.9201961549328069,0.04280781827423294,0.04652031856985838,up_b,2.003294008040029,5000
2,2,up_2,,,,640,640,cub,0.6336368118245417,attn2,unet.up_blocks.2.attentions.2.transformer_blocks.0.attn2.to_q,to_q,0.0009900575184758464,0.3175095418472589,0.057992444601943166,0.18264787969692264,up_b,3.9826050273860747,1000
2,2,up_2,,,,640,640,cub,1.1219679586054165,attn2,unet.up_blocks.2.attentions.2.transformer_blocks.0.attn2.to_q,to_q,0.0017530749353209633,0.5708231160832363,0.11361869933036592,0.19904361986944877,up_b,3.8632944024461304,2500
2,2,up_2,0.7858048225574955,0.6658541680927136,0.8501232744604503,640,640,cub,1.7567360764329214,attn2,unet.up_blocks.2.attentions.2.transformer_blocks.0.attn2.to_q,to_q,0.00274490011942644,0.8422081347699026,0.17347273116120931,0.20597370649786387,up_b,4.350850656964114,5000
2,2,up_2,,,,768,640,cub,0.5351774488058088,attn2,unet.up_blocks.2.attentions.2.transformer_blocks.0.attn2.to_v,to_v,0.0007633561483828325,0.47579019562411,0.003304814899979917,0.006945949980421266,up_b,1.26521587612866,1000
2,2,up_2,,,,768,640,cub,0.8198434796506129,attn2,unet.up_blocks.2.attentions.2.transformer_blocks.0.attn2.to_v,to_v,0.001169392623510855,0.6103758175020007,0.007488044967546548,0.012267925354893346,up_b,1.8041276231500516,2500
2,2,up_2,0.7911659356794933,0.6118502232003667,0.8093326584716584,768,640,cub,1.2519766080986818,attn2,unet.up_blocks.2.attentions.2.transformer_blocks.0.attn2.to_v,to_v,0.0017857703899074298,0.800627144564136,0.01702179687104437,0.02126057926790765,up_b,2.4452980887794262,5000
0,3,up_3,,,,320,320,cub,0.24374161592557506,attn1,unet.up_blocks.3.attentions.0.transformer_blocks.0.attn1.to_k,to_k,0.000761692549767422,0.10840480716663761,0.02862786787165836,0.26408301089131775,up_b,5.055478754113808,1000
0,3,up_3,,,,320,320,cub,0.38999373022225486,attn1,unet.up_blocks.3.attentions.0.transformer_blocks.0.attn1.to_k,to_k,0.0012187304069445465,0.17429625257176626,0.04787938784600485,0.2747011891508716,up_b,5.006556835499263,2500
0,3,up_3,0.6684448105690407,0.5078501781199157,0.7556413201168192,320,320,cub,0.5452132501108632,attn1,unet.up_blocks.3.attentions.0.transformer_blocks.0.attn1.to_k,to_k,0.0017037914065964476,0.24086438948672714,0.07481698580446665,0.3106187094069771,up_b,5.12374621282704,5000
0,3,up_3,,,,320,320,cub,0.2897206985400712,attn1,unet.up_blocks.3.attentions.0.transformer_blocks.0.attn1.to_out.0,to_out,0.0009053771829377225,0.17287002156925405,0.024350478839427866,0.14086004397050844,up_b,2.808792617184359,1000
0,3,up_3,,,,320,320,cub,0.42373664716524945,attn1,unet.up_blocks.3.attentions.0.transformer_blocks.0.attn1.to_out.0,to_out,0.0013241770223914044,0.22655877491718474,0.04144077867361485,0.18291403053694533,up_b,3.4980843421100123,2500
0,3,up_3,0.7624769006122619,0.6261020963941349,0.8142563581122733,320,320,cub,0.5705138217715939,attn1,unet.up_blocks.3.attentions.0.transformer_blocks.0.attn1.to_out.0,to_out,0.0017828556930362311,0.28251880662868795,0.06550449991090886,0.2318589006253338,up_b,4.077909794779904,5000
0,3,up_3,,,,320,320,cub,0.24485997111341204,attn1,unet.up_blocks.3.attentions.0.transformer_blocks.0.attn1.to_q,to_q,0.0007651874097294126,0.09730881625942374,0.0310568329567106,0.31915744277387553,up_b,6.331858614844989,1000
0,3,up_3,,,,320,320,cub,0.39839736775669027,attn1,unet.up_blocks.3.attentions.0.transformer_blocks.0.attn1.to_q,to_q,0.0012449917742396572,0.159680037930219,0.04714867458001497,0.29526968549831617,up_b,6.224889785791184,2500
0,3,up_3,0.6528397684338859,0.5072538133857073,0.7653362472345229,320,320,cub,0.5794646759148975,attn1,unet.up_blocks.3.attentions.0.transformer_blocks.0.attn1.to_q,to_q,0.0018108271122340546,0.22864039224400604,0.07095722426966329,0.31034422034203574,up_b,6.423149348146966,5000
0,3,up_3,,,,320,320,cub,0.22981954560008752,attn1,unet.up_blocks.3.attentions.0.transformer_blocks.0.attn1.to_v,to_v,0.0007181860800002735,0.11319668080576382,0.020323374260435394,0.1795403727014631,up_b,4.121986245394413,1000
0,3,up_3,,,,320,320,cub,0.34883422548493653,attn1,unet.up_blocks.3.attentions.0.transformer_blocks.0.attn1.to_v,to_v,0.0010901069546404266,0.1465922172578943,0.03235448833459968,0.22071081903126974,up_b,5.662606066166675,2500
0,3,up_3,0.6850094437422227,0.568440505020706,0.7686329549172474,320,320,cub,0.4744568457880104,attn1,unet.up_blocks.3.attentions.0.transformer_blocks.0.attn1.to_v,to_v,0.0014826776430875324,0.1850328227756763,0.04924925525318625,0.266164967460359,up_b,6.575001951801338,5000
0,3,up_3,,,,768,320,cub,0.35931184882984907,attn2,unet.up_blocks.3.attentions.0.transformer_blocks.0.attn2.to_k,to_k,0.0007247962534442721,0.2474333565558892,0.014630796537512761,0.059130251236793205,up_b,2.1087572303542466,1000
0,3,up_3,,,,768,320,cub,0.6267113054630944,attn2,unet.up_blocks.3.attentions.0.transformer_blocks.0.attn2.to_k,to_k,0.0012641887754887885,0.4335331742776907,0.02614593293611359,0.060308955548039216,up_b,2.0897310086793324,2500
0,3,up_3,0.7401320045808608,0.6041426632297557,0.7957393288366952,768,320,cub,0.9946961079443237,attn2,unet.up_blocks.3.attentions.0.transformer_blocks.0.attn2.to_k,to_k,0.0020064799273988025,0.7184991716653792,0.03408951262552128,0.04744544457373086,up_b,1.9165859216342478,5000
0,3,up_3,,,,320,320,cub,0.2500302774054164,attn2,unet.up_blocks.3.attentions.0.transformer_blocks.0.attn2.to_out.0,to_out,0.0007813446168919262,0.13687143029221457,0.013500136504453598,0.09863370665179279,up_b,3.337026029317664,1000
0,3,up_3,,,,320,320,cub,0.40607934330718504,attn2,unet.up_blocks.3.attentions.0.transformer_blocks.0.attn2.to_out.0,to_out,0.0012689979478349533,0.19686019414915498,0.02704931600085819,0.13740368446636675,up_b,4.2550628377129796,2500
0,3,up_3,0.6818351792192531,0.5287496582841789,0.758600506037108,320,320,cub,0.5886894099118364,attn2,unet.up_blocks.3.attentions.0.transformer_blocks.0.attn2.to_out.0,to_out,0.0018396544059744886,0.2787183467447092,0.04974339082893608,0.17847189253923895,up_b,4.461093564328999,5000
0,3,up_3,,,,320,320,cub,0.2272888072748685,attn2,unet.up_blocks.3.attentions.0.transformer_blocks.0.attn2.to_q,to_q,0.000710277522733964,0.12165983579716061,0.018897534177137187,0.1553309196359957,up_b,3.490291079897282,1000
0,3,up_3,,,,320,320,cub,0.38786294486846806,attn2,unet.up_blocks.3.attentions.0.transformer_blocks.0.attn2.to_q,to_q,0.0012120717027139627,0.20711286529624834,0.031079999907599833,0.15006310623506602,up_b,3.5070537915891036,2500
0,3,up_3,0.6826366601405525,0.5498946985226364,0.7649319958369292,320,320,cub,0.5817017344577275,attn2,unet.up_blocks.3.attentions.0.transformer_blocks.0.attn2.to_q,to_q,0.0018178179201803987,0.28916905090025913,0.0439671809547837,0.1520466343749524,up_b,4.046663557439031,5000
0,3,up_3,,,,768,320,cub,0.35780163009281973,attn2,unet.up_blocks.3.attentions.0.transformer_blocks.0.attn2.to_v,to_v,0.0007217498721850819,0.2593362795442641,0.015816838424935566,0.06098968664442459,up_b,1.903522774999176,1000
0,3,up_3,,,,768,320,cub,0.5604620608073906,attn2,unet.up_blocks.3.attentions.0.transformer_blocks.0.attn2.to_v,to_v,0.0011305522019208918,0.36220382776882665,0.03173895071242663,0.08762731997598804,up_b,2.394343013090976,2500
0,3,up_3,0.7436447176367511,0.577249563998581,0.7686015076296798,768,320,cub,0.82664870388919,attn2,unet.up_blocks.3.attentions.0.transformer_blocks.0.attn2.to_v,to_v,0.0016674982621493642,0.4832403303535117,0.05650285625204531,0.11692495990703211,up_b,2.9262783432322137,5000
1,3,up_3,,,,320,320,cub,0.24298733872170594,attn1,unet.up_blocks.3.attentions.1.transformer_blocks.0.attn1.to_k,to_k,0.0007593354335053311,0.11044702316747115,0.024328663569081036,0.22027450692076517,up_b,4.840154881958284,1000
1,3,up_3,,,,320,320,cub,0.3882355394694874,attn1,unet.up_blocks.3.attentions.1.transformer_blocks.0.attn1.to_k,to_k,0.001213236060842148,0.16291071329016657,0.04239581993977712,0.2602396066136196,up_b,5.679253924874729,2500
1,3,up_3,0.7216528682795775,0.5591993506740687,0.7877554503855679,320,320,cub,0.5715064626227301,attn1,unet.up_blocks.3.attentions.1.transformer_blocks.0.attn1.to_k,to_k,0.0017859576956960315,0.2503210785230327,0.06809037813698703,0.2720121634931429,up_b,5.21251657427752,5000
1,3,up_3,,,,320,320,cub,0.22402354366051527,attn1,unet.up_blocks.3.attentions.1.transformer_blocks.0.attn1.to_out.0,to_out,0.0007000735739391103,0.09773143372802222,0.023707137140934444,0.24257433086379632,up_b,5.254347424758654,1000
1,3,up_3,,,,320,320,cub,0.34854693899604566,attn1,unet.up_blocks.3.attentions.1.transformer_blocks.0.attn1.to_out.0,to_out,0.0010892091843626426,0.1426918090283164,0.039889826636018456,0.2795523226431486,up_b,5.966566126821301,2500
1,3,up_3,0.7130096999059291,0.597374157321892,0.7866412032699324,320,320,cub,0.5037697320498508,attn1,unet.up_blocks.3.attentions.1.transformer_blocks.0.attn1.to_out.0,to_out,0.0015742804126557836,0.19859020712560324,0.06898278594050491,0.3473624754158953,up_b,6.434998988874105,5000
1,3,up_3,,,,320,320,cub,0.22754533816932157,attn1,unet.up_blocks.3.attentions.1.transformer_blocks.0.attn1.to_q,to_q,0.0007110791817791299,0.10550293611866278,0.023373369236889995,0.2215423579359077,up_b,4.65164745527107,1000
1,3,up_3,,,,320,320,cub,0.377900855401892,attn1,unet.up_blocks.3.attentions.1.transformer_blocks.0.attn1.to_q,to_q,0.0011809401731309125,0.1856804379124541,0.041916115155571275,0.22574330191602723,up_b,4.142127343970364,2500
1,3,up_3,0.6889172369937423,0.5730156641250316,0.8067900795522632,320,320,cub,0.5495514683760223,attn1,unet.up_blocks.3.attentions.1.transformer_blocks.0.attn1.to_q,to_q,0.0017173483386750698,0.260725807597451,0.06739729436228946,0.2584987461860617,up_b,4.4427175406860355,5000
1,3,up_3,,,,320,320,cub,0.20710322890853863,attn1,unet.up_blocks.3.attentions.1.transformer_blocks.0.attn1.to_v,to_v,0.0006471975903391832,0.09073286950121998,0.019284392521882524,0.21254031342658275,up_b,5.210080671824315,1000
1,3,up_3,,,,320,320,cub,0.3172755492566091,attn1,unet.up_blocks.3.attentions.1.transformer_blocks.0.attn1.to_v,to_v,0.0009914860914269036,0.12493479542214853,0.03554620479356883,0.2845180533850474,up_b,6.449208077371637,2500
1,3,up_3,0.7152653310297377,0.586583553819926,0.781546099472193,320,320,cub,0.44291154517573694,attn1,unet.up_blocks.3.attentions.1.transformer_blocks.0.attn1.to_v,to_v,0.0013840985786741779,0.179058703404793,0.05731311309126133,0.3200800184601761,up_b,6.11847417433471,5000
1,3,up_3,,,,768,320,cub,0.3965417432078522,attn2,unet.up_blocks.3.attentions.1.transformer_blocks.0.attn2.to_k,to_k,0.0007998956080833696,0.3073250312613625,0.01786178796533377,0.058120185954340084,up_b,1.6648762343467454,1000
1,3,up_3,,,,768,320,cub,0.5988265859318648,attn2,unet.up_blocks.3.attentions.1.transformer_blocks.0.attn2.to_k,to_k,0.001207940309677269,0.4232617628795573,0.0319987518737734,0.07560038415962207,up_b,2.001631255031406,2500
1,3,up_3,0.7325848466712522,0.563419074203724,0.763381252954152,768,320,cub,0.9161708258560198,attn2,unet.up_blocks.3.attentions.1.transformer_blocks.0.attn2.to_k,to_k,0.0018480803910528437,0.5746352700691096,0.048694563148003356,0.08473994842354005,up_b,2.541957932281076,5000
1,3,up_3,,,,320,320,cub,0.24501440571003588,attn2,unet.up_blocks.3.attentions.1.transformer_blocks.0.attn2.to_out.0,to_out,0.0007656700178438621,0.13974518681471068,0.01196781483770683,0.08564026504594434,up_b,3.074040054663825,1000
1,3,up_3,,,,320,320,cub,0.37679827220514744,attn2,unet.up_blocks.3.attentions.1.transformer_blocks.0.attn2.to_out.0,to_out,0.0011774946006410858,0.20023597415559233,0.019532356451032424,0.09754668976641984,up_b,3.5410625265280147,2500
1,3,up_3,0.7205319065962051,0.5804636270158,0.7769423225057681,320,320,cub,0.5487866160424344,attn2,unet.up_blocks.3.attentions.1.transformer_blocks.0.attn2.to_out.0,to_out,0.0017149581751326076,0.28532297128474204,0.03266709518207728,0.11449164094634601,up_b,3.6994192002614286,5000
1,3,up_3,,,,320,320,cub,0.25515614781658547,attn2,unet.up_blocks.3.attentions.1.transformer_blocks.0.attn2.to_q,to_q,0.0007973629619268296,0.1405569980232561,0.017652727649924243,0.12559123983996498,up_b,3.295392337686433,1000
1,3,up_3,,,,320,320,cub,0.38994773515784104,attn2,unet.up_blocks.3.attentions.1.transformer_blocks.0.attn2.to_q,to_q,0.0012185866723682533,0.2219894074037483,0.030400223287449988,0.1369444769594744,up_b,3.085661635075137,2500
1,3,up_3,0.6949812115150689,0.580999675948673,0.7659217770209504,320,320,cub,0.5642656912129531,attn2,unet.up_blocks.3.attentions.1.transformer_blocks.0.attn2.to_q,to_q,0.0017633302850404784,0.2649640705595245,0.04822909513434594,0.1820212643642611,up_b,4.535167330986756,5000
1,3,up_3,,,,768,320,cub,0.30767440828433285,attn2,unet.up_blocks.3.attentions.1.transformer_blocks.0.attn2.to_v,to_v,0.0006206343017392928,0.271543181848624,0.0040751876249240674,0.015007512238682701,up_b,1.283822382045102,1000
1,3,up_3,,,,768,320,cub,0.4690878508698797,attn2,unet.up_blocks.3.attentions.1.transformer_blocks.0.attn2.to_v,to_v,0.0009462340803787877,0.3330688664739619,0.010265178577463322,0.03081998832894763,up_b,1.9835369366022133,2500
1,3,up_3,0.7206965069912967,0.5661753321751646,0.7518712258752782,768,320,cub,0.7068182516555686,attn2,unet.up_blocks.3.attentions.1.transformer_blocks.0.attn2.to_v,to_v,0.0014257788111757604,0.46441489133462216,0.030151330131967694,0.06492326300157962,up_b,2.316344962106303,5000
2,3,up_3,,,,320,320,cub,0.24833795389831587,attn1,unet.up_blocks.3.attentions.2.transformer_blocks.0.attn1.to_k,to_k,0.0007760561059322371,0.10273411239856471,0.02694835903342131,0.2623116937913779,up_b,5.843282065848349,1000
2,3,up_3,,,,320,320,cub,0.4030403557384439,attn1,unet.up_blocks.3.attentions.2.transformer_blocks.0.attn1.to_k,to_k,0.0012595011116826372,0.16660978028042717,0.042438765411852784,0.2547195329135091,up_b,5.851889052851959,2500
2,3,up_3,0.7251914817085044,0.6021744171181374,0.8070165978966554,320,320,cub,0.6084727409824066,attn1,unet.up_blocks.3.attentions.2.transformer_blocks.0.attn1.to_k,to_k,0.0019014773155700206,0.2518304484140817,0.06674884478582666,0.26505470329811887,up_b,5.838022661141009,5000
2,3,up_3,,,,320,320,cub,0.2512146208102884,attn1,unet.up_blocks.3.attentions.2.transformer_blocks.0.attn1.to_out.0,to_out,0.0007850456900321513,0.13949701398085795,0.02080631885278579,0.14915243171901066,up_b,3.243097468033696,1000
2,3,up_3,,,,320,320,cub,0.36921654219917316,attn1,unet.up_blocks.3.attentions.2.transformer_blocks.0.attn1.to_out.0,to_out,0.0011538016943724162,0.19273303718348533,0.03838482556074075,0.19916059084461843,up_b,3.669864005386681,2500
2,3,up_3,0.7593421668321119,0.6296663165022276,0.8124715410489313,320,320,cub,0.5229687725587171,attn1,unet.up_blocks.3.attentions.2.transformer_blocks.0.attn1.to_out.0,to_out,0.001634277414245991,0.2563921513837922,0.05653285637211671,0.2204937088245457,up_b,4.160466803936084,5000
2,3,up_3,,,,320,320,cub,0.251182594056646,attn1,unet.up_blocks.3.attentions.2.transformer_blocks.0.attn1.to_q,to_q,0.0007849456064270187,0.11545671573153157,0.024735916770587178,0.21424407072261561,up_b,4.733045544961789,1000
2,3,up_3,,,,320,320,cub,0.4129110443291344,attn1,unet.up_blocks.3.attentions.2.transformer_blocks.0.attn1.to_q,to_q,0.0012903470135285449,0.19188787434996615,0.03820708889688188,0.19911153336974063,up_b,4.630393872322333,2500
2,3,up_3,0.7223356785820174,0.6129330970364609,0.8155757452774551,320,320,cub,0.6145199279244088,attn1,unet.up_blocks.3.attentions.2.transformer_blocks.0.attn1.to_q,to_q,0.0019203747747637775,0.26659757443133836,0.057035263956606325,0.2139376702067319,up_b,5.313241478088309,5000
2,3,up_3,,,,320,320,cub,0.1921126864085996,attn1,unet.up_blocks.3.attentions.2.transformer_blocks.0.attn1.to_v,to_v,0.0006003521450268737,0.09529258822659155,0.017071259213287344,0.1791457187907882,up_b,4.0643756816325025,1000
2,3,up_3,,,,320,320,cub,0.2865080915407695,attn1,unet.up_blocks.3.attentions.2.transformer_blocks.0.attn1.to_v,to_v,0.0008953377860649047,0.12929784361269975,0.03299501200465672,0.2551860965561835,up_b,4.910109978703329,2500
2,3,up_3,0.7283577568237637,0.580949627835589,0.7704088407892847,320,320,cub,0.40114648879447334,attn1,unet.up_blocks.3.attentions.2.transformer_blocks.0.attn1.to_v,to_v,0.0012535827774827293,0.16668097863263262,0.05050004669703104,0.3029742632381221,up_b,5.79207140314078,5000
2,3,up_3,,,,768,320,cub,0.3432034713684774,attn2,unet.up_blocks.3.attentions.2.transformer_blocks.0.attn2.to_k,to_k,0.0006923027755055661,0.19478217898399489,0.019576315218222996,0.10050362574407573,up_b,3.104594645184787,1000
2,3,up_3,,,,768,320,cub,0.6091481473764933,attn2,unet.up_blocks.3.attentions.2.transformer_blocks.0.attn2.to_k,to_k,0.0012287607448761768,0.34564325098928356,0.03237888827789667,0.09367718937147874,up_b,3.1059159059951025,2500
2,3,up_3,0.6506870325847728,0.5306662297754141,0.7767233228867246,768,320,cub,0.892191493829686,attn2,unet.up_blocks.3.attentions.2.transformer_blocks.0.attn2.to_k,to_k,0.00179970979022411,0.519590724463979,0.057358831767342716,0.1103923320157713,up_b,2.948447352972282,5000
2,3,up_3,,,,320,320,cub,0.23031613657633482,attn2,unet.up_blocks.3.attentions.2.transformer_blocks.0.attn2.to_out.0,to_out,0.0007197379268010463,0.14114822225406398,0.01208576267358683,0.08562461843715395,up_b,2.662550836117505,1000
2,3,up_3,,,,320,320,cub,0.336525061753426,attn2,unet.up_blocks.3.attentions.2.transformer_blocks.0.attn2.to_out.0,to_out,0.0010516408179794563,0.17615374270396866,0.02013580055150146,0.11430810519501844,up_b,3.6496488023603533,2500
2,3,up_3,0.6740989198309376,0.5081823267381355,0.7470520868647867,320,320,cub,0.4699697372655116,attn2,unet.up_blocks.3.attentions.2.transformer_blocks.0.attn2.to_out.0,to_out,0.0014686554289547239,0.2314152536459143,0.035191925243047546,0.1520726256744263,up_b,4.124352940556038,5000
2,3,up_3,,,,320,320,cub,0.23416496599945544,attn2,unet.up_blocks.3.attentions.2.transformer_blocks.0.attn2.to_q,to_q,0.0007317655187482982,0.1342468403003984,0.014625280646223482,0.1089432020410843,up_b,3.0425357785701137,1000
2,3,up_3,,,,320,320,cub,0.36811588176244747,attn2,unet.up_blocks.3.attentions.2.transformer_blocks.0.attn2.to_q,to_q,0.0011503621305076484,0.21037304057038056,0.0196007129459833,0.09317122047977368,up_b,3.0618854686012376,2500
2,3,up_3,0.6882909869684313,0.5201146637299107,0.7490760490424014,320,320,cub,0.5288873131158803,attn2,unet.up_blocks.3.attentions.2.transformer_blocks.0.attn2.to_q,to_q,0.001652772853487126,0.3062007421398795,0.03916000326689104,0.12788996849982112,up_b,2.9834160428766663,5000
2,3,up_3,,,,768,320,cub,0.296398950855609,attn2,unet.up_blocks.3.attentions.2.transformer_blocks.0.attn2.to_v,to_v,0.0005978896877589189,0.2270754292350813,0.003292063128300223,0.01449766335085111,up_b,1.7037781193054624,1000
2,3,up_3,,,,768,320,cub,0.44379118549911806,attn2,unet.up_blocks.3.attentions.2.transformer_blocks.0.attn2.to_v,to_v,0.000895206182620693,0.2922080517832383,0.009494482201188675,0.03249219911377302,up_b,2.3066037127389034,2500
2,3,up_3,0.7217191133543893,0.5332577108358135,0.7124302210016688,768,320,cub,0.6601722851561067,attn2,unet.up_blocks.3.attentions.2.transformer_blocks.0.attn2.to_v,to_v,0.0013316855552277579,0.3832131682071315,0.026915467235783145,0.07023627961874994,up_b,2.96779383275608,5000
