timestamp,dataset,t,prompt,cfg,lora,block,seed,probe_acc,knn_acc,n_train,n_test,train_file
2026-08-02T21:11:44,cub,100,P0,off,none,down_2,0,0.2169,0.0721,5994,5794,cub_train_t100_P0_cfgoff.pt
2026-08-02T21:11:44,cub,100,P0,off,none,mid,0,0.2258,0.0851,5994,5794,cub_train_t100_P0_cfgoff.pt
2026-08-02T21:11:45,cub,100,P0,off,none,up_0,0,0.1748,0.0656,5994,5794,cub_train_t100_P0_cfgoff.pt
2026-08-02T21:11:45,cub,100,P0,off,none,up_1,0,0.1993,0.0651,5994,5794,cub_train_t100_P0_cfgoff.pt
2026-08-02T21:11:46,cub,100,P0,off,none,up_2,0,0.1250,0.0480,5994,5794,cub_train_t100_P0_cfgoff.pt
2026-08-02T21:11:47,cub,200,P0,off,none,down_2,0,0.2333,0.0792,5994,5794,cub_train_t200_P0_cfgoff.pt
2026-08-02T21:11:47,cub,200,P0,off,none,mid,0,0.2316,0.0882,5994,5794,cub_train_t200_P0_cfgoff.pt
2026-08-02T21:11:48,cub,200,P0,off,none,up_0,0,0.1764,0.0701,5994,5794,cub_train_t200_P0_cfgoff.pt
2026-08-02T21:11:48,cub,200,P0,off,none,up_1,0,0.2138,0.0670,5994,5794,cub_train_t200_P0_cfgoff.pt
2026-08-02T21:11:49,cub,200,P0,off,none,up_2,0,0.1289,0.0502,5994,5794,cub_train_t200_P0_cfgoff.pt
2026-08-02T21:12:00,cub,300,P0,off,none,down_2,0,0.2359,0.0777,5994,5794,cub_train_t300_P0_cfgoff.pt
2026-08-02T21:12:00,cub,300,P0,off,none,mid,0,0.2283,0.0847,5994,5794,cub_train_t300_P0_cfgoff.pt
2026-08-02T21:12:01,cub,300,P0,off,none,up_0,0,0.1785,0.0673,5994,5794,cub_train_t300_P0_cfgoff.pt
2026-08-02T21:12:02,cub,300,P0,off,none,up_1,0,0.2199,0.0670,5994,5794,cub_train_t300_P0_cfgoff.pt
2026-08-02T21:12:02,cub,300,P0,off,none,up_2,0,0.1327,0.0506,5994,5794,cub_train_t300_P0_cfgoff.pt
2026-08-02T21:12:12,cub,500,P0,off,none,down_2,0,0.1792,0.0654,5994,5794,cub_train_t500_P0_cfgoff.pt
2026-08-02T21:12:13,cub,500,P0,off,none,mid,0,0.1766,0.0701,5994,5794,cub_train_t500_P0_cfgoff.pt
2026-08-02T21:12:13,cub,500,P0,off,none,up_0,0,0.1320,0.0542,5994,5794,cub_train_t500_P0_cfgoff.pt
2026-08-02T21:12:13,cub,500,P0,off,none,up_1,0,0.1764,0.0642,5994,5794,cub_train_t500_P0_cfgoff.pt
2026-08-02T21:12:14,cub,500,P0,off,none,up_2,0,0.1160,0.0447,5994,5794,cub_train_t500_P0_cfgoff.pt
2026-08-02T21:12:24,cub,50,P0,off,none,down_2,0,0.2154,0.0737,5994,5794,cub_train_t50_P0_cfgoff.pt
2026-08-02T21:12:24,cub,50,P0,off,none,mid,0,0.2168,0.0851,5994,5794,cub_train_t50_P0_cfgoff.pt
2026-08-02T21:12:25,cub,50,P0,off,none,up_0,0,0.1647,0.0637,5994,5794,cub_train_t50_P0_cfgoff.pt
2026-08-02T21:12:25,cub,50,P0,off,none,up_1,0,0.1973,0.0645,5994,5794,cub_train_t50_P0_cfgoff.pt
2026-08-02T21:12:26,cub,50,P0,off,none,up_2,0,0.1262,0.0447,5994,5794,cub_train_t50_P0_cfgoff.pt
2026-08-02T21:12:33,pets,100,P0,off,none,down_2,0,0.5931,0.2919,3680,3669,pets_trainval_t100_P0_cfgoff.pt
2026-08-02T21:12:34,pets,100,P0,off,none,mid,0,0.5762,0.2175,3680,3669,pets_trainval_t100_P0_cfgoff.pt
2026-08-02T21:12:34,pets,100,P0,off,none,up_0,0,0.4993,0.1428,3680,3669,pets_trainval_t100_P0_cfgoff.pt
2026-08-02T21:12:34,pets,100,P0,off,none,up_1,0,0.6694,0.3159,3680,3669,pets_trainval_t100_P0_cfgoff.pt
2026-08-02T21:12:35,pets,100,P0,off,none,up_2,0,0.4353,0.1682,3680,3669,pets_trainval_t100_P0_cfgoff.pt
2026-08-02T21:12:43,pets,200,P0,off,none,down_2,0,0.5846,0.2908,3680,3669,pets_trainval_t200_P0_cfgoff.pt
2026-08-02T21:12:43,pets,200,P0,off,none,mid,0,0.5647,0.2194,3680,3669,pets_trainval_t200_P0_cfgoff.pt
2026-08-02T21:12:43,pets,200,P0,off,none,up_0,0,0.4898,0.1445,3680,3669,pets_trainval_t200_P0_cfgoff.pt
2026-08-02T21:12:44,pets,200,P0,off,none,up_1,0,0.6653,0.3241,3680,3669,pets_trainval_t200_P0_cfgoff.pt
2026-08-02T21:12:44,pets,200,P0,off,none,up_2,0,0.4505,0.1788,3680,3669,pets_trainval_t200_P0_cfgoff.pt
2026-08-02T21:12:51,pets,300,P0,off,none,down_2,0,0.5506,0.2742,3680,3669,pets_trainval_t300_P0_cfgoff.pt
2026-08-02T21:12:52,pets,300,P0,off,none,mid,0,0.5516,0.2137,3680,3669,pets_trainval_t300_P0_cfgoff.pt
2026-08-02T21:12:52,pets,300,P0,off,none,up_0,0,0.4821,0.1472,3680,3669,pets_trainval_t300_P0_cfgoff.pt
2026-08-02T21:12:52,pets,300,P0,off,none,up_1,0,0.6498,0.3164,3680,3669,pets_trainval_t300_P0_cfgoff.pt
2026-08-02T21:12:52,pets,300,P0,off,none,up_2,0,0.4464,0.1810,3680,3669,pets_trainval_t300_P0_cfgoff.pt
2026-08-02T21:13:02,pets,500,P0,off,none,down_2,0,0.3974,0.2041,3680,3669,pets_trainval_t500_P0_cfgoff.pt
2026-08-02T21:13:02,pets,500,P0,off,none,mid,0,0.3968,0.1772,3680,3669,pets_trainval_t500_P0_cfgoff.pt
2026-08-02T21:13:02,pets,500,P0,off,none,up_0,0,0.3415,0.1085,3680,3669,pets_trainval_t500_P0_cfgoff.pt
2026-08-02T21:13:03,pets,500,P0,off,none,up_1,0,0.5075,0.2464,3680,3669,pets_trainval_t500_P0_cfgoff.pt
2026-08-02T21:13:03,pets,500,P0,off,none,up_2,0,0.3726,0.1578,3680,3669,pets_trainval_t500_P0_cfgoff.pt
2026-08-02T21:13:11,pets,50,P0,off,none,down_2,0,0.5972,0.2854,3680,3669,pets_trainval_t50_P0_cfgoff.pt
2026-08-02T21:13:12,pets,50,P0,off,none,mid,0,0.5718,0.2071,3680,3669,pets_trainval_t50_P0_cfgoff.pt
2026-08-02T21:13:12,pets,50,P0,off,none,up_0,0,0.5010,0.1360,3680,3669,pets_trainval_t50_P0_cfgoff.pt
2026-08-02T21:13:12,pets,50,P0,off,none,up_1,0,0.6645,0.3031,3680,3669,pets_trainval_t50_P0_cfgoff.pt
2026-08-02T21:13:13,pets,50,P0,off,none,up_2,0,0.4276,0.1671,3680,3669,pets_trainval_t50_P0_cfgoff.pt
2026-08-07T17:20:51,cub,-,-,off,none,clip,0,0.8020,0.6997,5994,5794,cub_train_clip.pt
2026-08-07T17:20:52,cub,-,-,off,none,dinov2,0,0.8954,0.8652,5994,5794,cub_train_dinov2.pt
2026-08-07T17:20:55,cub,-,-,off,none,resnet50,0,0.6068,0.5102,5994,5794,cub_train_resnet50.pt
2026-08-07T17:21:17,pets,-,-,off,none,clip,0,0.9234,0.8247,3680,3669,pets_trainval_clip.pt
2026-08-07T17:21:18,pets,-,-,off,none,dinov2,0,0.9572,0.9389,3680,3669,pets_trainval_dinov2.pt
2026-08-07T17:21:20,pets,-,-,off,none,resnet50,0,0.9052,0.9062,3680,3669,pets_trainval_resnet50.pt
2026-08-09T05:07:19,cub,200,P1,off,none,down_2,0,0.2233,0.0759,5994,5794,cub_train_t200_P1_cfgoff.pt
2026-08-09T05:07:20,cub,200,P1,off,none,mid,0,0.2240,0.0904,5994,5794,cub_train_t200_P1_cfgoff.pt
2026-08-09T05:07:21,cub,200,P1,off,none,up_0,0,0.1757,0.0651,5994,5794,cub_train_t200_P1_cfgoff.pt
2026-08-09T05:07:22,cub,200,P1,off,none,up_1,0,0.2138,0.0677,5994,5794,cub_train_t200_P1_cfgoff.pt
2026-08-09T05:07:23,cub,200,P1,off,none,up_2,0,0.1348,0.0476,5994,5794,cub_train_t200_P1_cfgoff.pt
2026-08-09T05:07:26,cub,200,P2,off,none,down_2,0,0.2169,0.0770,5994,5794,cub_train_t200_P2_cfgoff.pt
2026-08-09T05:07:27,cub,200,P2,off,none,mid,0,0.2171,0.0872,5994,5794,cub_train_t200_P2_cfgoff.pt
2026-08-09T05:07:29,cub,200,P2,off,none,up_0,0,0.1712,0.0635,5994,5794,cub_train_t200_P2_cfgoff.pt
2026-08-09T05:07:30,cub,200,P2,off,none,up_1,0,0.2088,0.0685,5994,5794,cub_train_t200_P2_cfgoff.pt
2026-08-09T05:07:31,cub,200,P2,off,none,up_2,0,0.1313,0.0487,5994,5794,cub_train_t200_P2_cfgoff.pt
2026-08-09T05:07:33,cub,200,P3,off,none,down_2,0,0.8619,0.1790,5994,5794,cub_train_t200_P3_cfgoff.pt
2026-08-09T05:07:34,cub,200,P3,off,none,mid,0,0.9075,0.2308,5994,5794,cub_train_t200_P3_cfgoff.pt
2026-08-09T05:07:36,cub,200,P3,off,none,up_0,0,0.6094,0.0973,5994,5794,cub_train_t200_P3_cfgoff.pt
2026-08-09T05:07:37,cub,200,P3,off,none,up_1,0,0.6115,0.0922,5994,5794,cub_train_t200_P3_cfgoff.pt
2026-08-09T05:07:38,cub,200,P3,off,none,up_2,0,0.1857,0.0504,5994,5794,cub_train_t200_P3_cfgoff.pt
2026-08-09T05:07:40,cub,200,P4,off,none,down_2,0,0.8535,0.1705,5994,5794,cub_train_t200_P4_cfgoff.pt
2026-08-09T05:07:42,cub,200,P4,off,none,mid,0,0.9123,0.2406,5994,5794,cub_train_t200_P4_cfgoff.pt
2026-08-09T05:07:43,cub,200,P4,off,none,up_0,0,0.6143,0.0958,5994,5794,cub_train_t200_P4_cfgoff.pt
2026-08-09T05:07:44,cub,200,P4,off,none,up_1,0,0.6080,0.0958,5994,5794,cub_train_t200_P4_cfgoff.pt
2026-08-09T05:07:45,cub,200,P4,off,none,up_2,0,0.1843,0.0523,5994,5794,cub_train_t200_P4_cfgoff.pt
2026-08-09T05:07:49,cub,300,P1,off,none,down_2,0,0.2207,0.0787,5994,5794,cub_train_t300_P1_cfgoff.pt
2026-08-09T05:07:50,cub,300,P1,off,none,mid,0,0.2276,0.0877,5994,5794,cub_train_t300_P1_cfgoff.pt
2026-08-09T05:07:51,cub,300,P1,off,none,up_0,0,0.1741,0.0632,5994,5794,cub_train_t300_P1_cfgoff.pt
2026-08-09T05:07:53,cub,300,P1,off,none,up_1,0,0.2054,0.0644,5994,5794,cub_train_t300_P1_cfgoff.pt
2026-08-09T05:07:54,cub,300,P1,off,none,up_2,0,0.1293,0.0490,5994,5794,cub_train_t300_P1_cfgoff.pt
2026-08-09T05:07:57,cub,300,P2,off,none,down_2,0,0.2180,0.0739,5994,5794,cub_train_t300_P2_cfgoff.pt
2026-08-09T05:07:58,cub,300,P2,off,none,mid,0,0.2207,0.0868,5994,5794,cub_train_t300_P2_cfgoff.pt
2026-08-09T05:07:59,cub,300,P2,off,none,up_0,0,0.1773,0.0621,5994,5794,cub_train_t300_P2_cfgoff.pt
2026-08-09T05:08:00,cub,300,P2,off,none,up_1,0,0.2049,0.0625,5994,5794,cub_train_t300_P2_cfgoff.pt
2026-08-09T05:08:01,cub,300,P2,off,none,up_2,0,0.1300,0.0488,5994,5794,cub_train_t300_P2_cfgoff.pt
2026-08-09T05:08:04,cub,300,P3,off,none,down_2,0,0.9218,0.2342,5994,5794,cub_train_t300_P3_cfgoff.pt
2026-08-09T05:08:05,cub,300,P3,off,none,mid,0,0.9411,0.2741,5994,5794,cub_train_t300_P3_cfgoff.pt
2026-08-09T05:08:06,cub,300,P3,off,none,up_0,0,0.6966,0.1060,5994,5794,cub_train_t300_P3_cfgoff.pt
2026-08-09T05:08:07,cub,300,P3,off,none,up_1,0,0.6914,0.1086,5994,5794,cub_train_t300_P3_cfgoff.pt
2026-08-09T05:08:08,cub,300,P3,off,none,up_2,0,0.2166,0.0538,5994,5794,cub_train_t300_P3_cfgoff.pt
2026-08-09T05:08:11,cub,300,P4,off,none,down_2,0,0.9158,0.2185,5994,5794,cub_train_t300_P4_cfgoff.pt
2026-08-09T05:08:12,cub,300,P4,off,none,mid,0,0.9418,0.2774,5994,5794,cub_train_t300_P4_cfgoff.pt
2026-08-09T05:08:14,cub,300,P4,off,none,up_0,0,0.6883,0.1015,5994,5794,cub_train_t300_P4_cfgoff.pt
2026-08-09T05:08:15,cub,300,P4,off,none,up_1,0,0.6895,0.1075,5994,5794,cub_train_t300_P4_cfgoff.pt
2026-08-09T05:08:16,cub,300,P4,off,none,up_2,0,0.2185,0.0538,5994,5794,cub_train_t300_P4_cfgoff.pt
2026-08-09T05:08:26,pets,100,P1,off,none,down_2,0,0.5923,0.2927,3680,3669,pets_trainval_t100_P1_cfgoff.pt
2026-08-09T05:08:27,pets,100,P1,off,none,mid,0,0.5814,0.2131,3680,3669,pets_trainval_t100_P1_cfgoff.pt
2026-08-09T05:08:27,pets,100,P1,off,none,up_0,0,0.5034,0.1420,3680,3669,pets_trainval_t100_P1_cfgoff.pt
2026-08-09T05:08:28,pets,100,P1,off,none,up_1,0,0.6642,0.3140,3680,3669,pets_trainval_t100_P1_cfgoff.pt
2026-08-09T05:08:29,pets,100,P1,off,none,up_2,0,0.4361,0.1733,3680,3669,pets_trainval_t100_P1_cfgoff.pt
2026-08-09T05:08:31,pets,100,P2,off,none,down_2,0,0.5996,0.2933,3680,3669,pets_trainval_t100_P2_cfgoff.pt
2026-08-09T05:08:32,pets,100,P2,off,none,mid,0,0.5765,0.2066,3680,3669,pets_trainval_t100_P2_cfgoff.pt
2026-08-09T05:08:33,pets,100,P2,off,none,up_0,0,0.5031,0.1368,3680,3669,pets_trainval_t100_P2_cfgoff.pt
2026-08-09T05:08:33,pets,100,P2,off,none,up_1,0,0.6727,0.3137,3680,3669,pets_trainval_t100_P2_cfgoff.pt
2026-08-09T05:08:34,pets,100,P2,off,none,up_2,0,0.4383,0.1750,3680,3669,pets_trainval_t100_P2_cfgoff.pt
2026-08-09T05:08:36,pets,100,P3,off,none,down_2,0,0.9507,0.5271,3680,3669,pets_trainval_t100_P3_cfgoff.pt
2026-08-09T05:08:36,pets,100,P3,off,none,mid,0,0.9409,0.3598,3680,3669,pets_trainval_t100_P3_cfgoff.pt
2026-08-09T05:08:37,pets,100,P3,off,none,up_0,0,0.7765,0.1619,3680,3669,pets_trainval_t100_P3_cfgoff.pt
2026-08-09T05:08:38,pets,100,P3,off,none,up_1,0,0.8626,0.3996,3680,3669,pets_trainval_t100_P3_cfgoff.pt
2026-08-09T05:08:39,pets,100,P3,off,none,up_2,0,0.5195,0.1837,3680,3669,pets_trainval_t100_P3_cfgoff.pt
2026-08-09T05:08:41,pets,100,P4,off,none,down_2,0,0.9455,0.5121,3680,3669,pets_trainval_t100_P4_cfgoff.pt
2026-08-09T05:08:41,pets,100,P4,off,none,mid,0,0.9406,0.3655,3680,3669,pets_trainval_t100_P4_cfgoff.pt
2026-08-09T05:08:42,pets,100,P4,off,none,up_0,0,0.7732,0.1627,3680,3669,pets_trainval_t100_P4_cfgoff.pt
2026-08-09T05:08:43,pets,100,P4,off,none,up_1,0,0.8583,0.3949,3680,3669,pets_trainval_t100_P4_cfgoff.pt
2026-08-09T05:08:44,pets,100,P4,off,none,up_2,0,0.5184,0.1856,3680,3669,pets_trainval_t100_P4_cfgoff.pt
2026-08-09T05:08:47,pets,200,P1,off,none,down_2,0,0.5735,0.2938,3680,3669,pets_trainval_t200_P1_cfgoff.pt
2026-08-09T05:08:48,pets,200,P1,off,none,mid,0,0.5726,0.2137,3680,3669,pets_trainval_t200_P1_cfgoff.pt
2026-08-09T05:08:49,pets,200,P1,off,none,up_0,0,0.4966,0.1425,3680,3669,pets_trainval_t200_P1_cfgoff.pt
2026-08-09T05:08:50,pets,200,P1,off,none,up_1,0,0.6618,0.3219,3680,3669,pets_trainval_t200_P1_cfgoff.pt
2026-08-09T05:08:51,pets,200,P1,off,none,up_2,0,0.4494,0.1834,3680,3669,pets_trainval_t200_P1_cfgoff.pt
2026-08-09T05:08:52,pets,200,P2,off,none,down_2,0,0.5816,0.2892,3680,3669,pets_trainval_t200_P2_cfgoff.pt
2026-08-09T05:08:53,pets,200,P2,off,none,mid,0,0.5691,0.2058,3680,3669,pets_trainval_t200_P2_cfgoff.pt
2026-08-09T05:08:54,pets,200,P2,off,none,up_0,0,0.4990,0.1349,3680,3669,pets_trainval_t200_P2_cfgoff.pt
2026-08-09T05:08:55,pets,200,P2,off,none,up_1,0,0.6710,0.3339,3680,3669,pets_trainval_t200_P2_cfgoff.pt
2026-08-09T05:08:55,pets,200,P2,off,none,up_2,0,0.4543,0.1832,3680,3669,pets_trainval_t200_P2_cfgoff.pt
2026-08-09T05:08:57,pets,200,P3,off,none,down_2,0,0.9689,0.6141,3680,3669,pets_trainval_t200_P3_cfgoff.pt
2026-08-09T05:08:58,pets,200,P3,off,none,mid,0,0.9580,0.4189,3680,3669,pets_trainval_t200_P3_cfgoff.pt
2026-08-09T05:08:59,pets,200,P3,off,none,up_0,0,0.8264,0.1804,3680,3669,pets_trainval_t200_P3_cfgoff.pt
2026-08-09T05:08:59,pets,200,P3,off,none,up_1,0,0.8956,0.4334,3680,3669,pets_trainval_t200_P3_cfgoff.pt
2026-08-09T05:09:00,pets,200,P3,off,none,up_2,0,0.5590,0.2077,3680,3669,pets_trainval_t200_P3_cfgoff.pt
2026-08-09T05:09:02,pets,200,P4,off,none,down_2,0,0.9654,0.5914,3680,3669,pets_trainval_t200_P4_cfgoff.pt
2026-08-09T05:09:03,pets,200,P4,off,none,mid,0,0.9613,0.4276,3680,3669,pets_trainval_t200_P4_cfgoff.pt
2026-08-09T05:09:03,pets,200,P4,off,none,up_0,0,0.8179,0.1780,3680,3669,pets_trainval_t200_P4_cfgoff.pt
2026-08-09T05:09:04,pets,200,P4,off,none,up_1,0,0.8902,0.4293,3680,3669,pets_trainval_t200_P4_cfgoff.pt
2026-08-09T05:09:05,pets,200,P4,off,none,up_2,0,0.5576,0.2090,3680,3669,pets_trainval_t200_P4_cfgoff.pt
2026-08-11T13:37:50,cub,300,P2,2.0,none,cond/down_2,0,0.2180,0.0739,5994,5794,cub_train_t300_P2_cfg2.0.pt
2026-08-11T13:37:51,cub,300,P2,2.0,none,cond/mid,0,0.2207,0.0868,5994,5794,cub_train_t300_P2_cfg2.0.pt
2026-08-11T13:37:51,cub,300,P2,2.0,none,cond/up_0,0,0.1773,0.0621,5994,5794,cub_train_t300_P2_cfg2.0.pt
2026-08-11T13:37:52,cub,300,P2,2.0,none,cond/up_1,0,0.2049,0.0625,5994,5794,cub_train_t300_P2_cfg2.0.pt
2026-08-11T13:37:53,cub,300,P2,2.0,none,cond/up_2,0,0.1300,0.0488,5994,5794,cub_train_t300_P2_cfg2.0.pt
2026-08-11T13:37:53,cub,300,P2,2.0,none,cfg/down_2,0,0.2320,0.0796,5994,5794,cub_train_t300_P2_cfg2.0.pt
2026-08-11T13:37:54,cub,300,P2,2.0,none,cfg/mid,0,0.2259,0.0885,5994,5794,cub_train_t300_P2_cfg2.0.pt
2026-08-11T13:37:54,cub,300,P2,2.0,none,cfg/up_0,0,0.1798,0.0649,5994,5794,cub_train_t300_P2_cfg2.0.pt
2026-08-11T13:37:54,cub,300,P2,2.0,none,cfg/up_1,0,0.2028,0.0623,5994,5794,cub_train_t300_P2_cfg2.0.pt
2026-08-11T13:37:55,cub,300,P2,2.0,none,cfg/up_2,0,0.1307,0.0468,5994,5794,cub_train_t300_P2_cfg2.0.pt
2026-08-11T13:38:09,cub,300,P2,5.0,none,cond/down_2,0,0.2285,0.0732,5994,5794,cub_train_t300_P2_cfg5.0.pt
2026-08-11T13:38:10,cub,300,P2,5.0,none,cond/mid,0,0.2223,0.0865,5994,5794,cub_train_t300_P2_cfg5.0.pt
2026-08-11T13:38:10,cub,300,P2,5.0,none,cond/up_0,0,0.1786,0.0656,5994,5794,cub_train_t300_P2_cfg5.0.pt
2026-08-11T13:38:11,cub,300,P2,5.0,none,cond/up_1,0,0.2147,0.0671,5994,5794,cub_train_t300_P2_cfg5.0.pt
2026-08-11T13:38:11,cub,300,P2,5.0,none,cond/up_2,0,0.1296,0.0492,5994,5794,cub_train_t300_P2_cfg5.0.pt
2026-08-11T13:38:12,cub,300,P2,5.0,none,cfg/down_2,0,0.2799,0.0951,5994,5794,cub_train_t300_P2_cfg5.0.pt
2026-08-11T13:38:12,cub,300,P2,5.0,none,cfg/mid,0,0.2432,0.0949,5994,5794,cub_train_t300_P2_cfg5.0.pt
2026-08-11T13:38:13,cub,300,P2,5.0,none,cfg/up_0,0,0.1845,0.0627,5994,5794,cub_train_t300_P2_cfg5.0.pt
2026-08-11T13:38:13,cub,300,P2,5.0,none,cfg/up_1,0,0.2144,0.0673,5994,5794,cub_train_t300_P2_cfg5.0.pt
2026-08-11T13:38:13,cub,300,P2,5.0,none,cfg/up_2,0,0.1232,0.0447,5994,5794,cub_train_t300_P2_cfg5.0.pt
2026-08-11T13:38:32,cub,300,P3,0.0,none,cond/down_2,0,0.9218,0.2342,5994,5794,cub_train_t300_P3_cfg0.0.pt
2026-08-11T13:38:33,cub,300,P3,0.0,none,cond/mid,0,0.9411,0.2741,5994,5794,cub_train_t300_P3_cfg0.0.pt
2026-08-11T13:38:33,cub,300,P3,0.0,none,cond/up_0,0,0.6966,0.1060,5994,5794,cub_train_t300_P3_cfg0.0.pt
2026-08-11T13:38:34,cub,300,P3,0.0,none,cond/up_1,0,0.6914,0.1086,5994,5794,cub_train_t300_P3_cfg0.0.pt
2026-08-11T13:38:34,cub,300,P3,0.0,none,cond/up_2,0,0.2166,0.0538,5994,5794,cub_train_t300_P3_cfg0.0.pt
2026-08-11T13:38:35,cub,300,P3,0.0,none,cfg/down_2,0,0.2285,0.0784,5994,5794,cub_train_t300_P3_cfg0.0.pt
2026-08-11T13:38:35,cub,300,P3,0.0,none,cfg/mid,0,0.2247,0.0880,5994,5794,cub_train_t300_P3_cfg0.0.pt
2026-08-11T13:38:36,cub,300,P3,0.0,none,cfg/up_0,0,0.1840,0.0656,5994,5794,cub_train_t300_P3_cfg0.0.pt
2026-08-11T13:38:36,cub,300,P3,0.0,none,cfg/up_1,0,0.2071,0.0654,5994,5794,cub_train_t300_P3_cfg0.0.pt
2026-08-11T13:38:37,cub,300,P3,0.0,none,cfg/up_2,0,0.1344,0.0492,5994,5794,cub_train_t300_P3_cfg0.0.pt
2026-08-11T13:38:49,cub,300,P3,1.0,none,cond/down_2,0,0.9218,0.2342,5994,5794,cub_train_t300_P3_cfg1.0.pt
2026-08-11T13:38:50,cub,300,P3,1.0,none,cond/mid,0,0.9411,0.2741,5994,5794,cub_train_t300_P3_cfg1.0.pt
2026-08-11T13:38:50,cub,300,P3,1.0,none,cond/up_0,0,0.6966,0.1060,5994,5794,cub_train_t300_P3_cfg1.0.pt
2026-08-11T13:38:51,cub,300,P3,1.0,none,cond/up_1,0,0.6914,0.1086,5994,5794,cub_train_t300_P3_cfg1.0.pt
2026-08-11T13:38:51,cub,300,P3,1.0,none,cond/up_2,0,0.2166,0.0538,5994,5794,cub_train_t300_P3_cfg1.0.pt
2026-08-11T13:38:52,cub,300,P3,1.0,none,cfg/down_2,0,0.9218,0.2342,5994,5794,cub_train_t300_P3_cfg1.0.pt
2026-08-11T13:38:52,cub,300,P3,1.0,none,cfg/mid,0,0.9411,0.2741,5994,5794,cub_train_t300_P3_cfg1.0.pt
2026-08-11T13:38:53,cub,300,P3,1.0,none,cfg/up_0,0,0.6966,0.1060,5994,5794,cub_train_t300_P3_cfg1.0.pt
2026-08-11T13:38:53,cub,300,P3,1.0,none,cfg/up_1,0,0.6914,0.1086,5994,5794,cub_train_t300_P3_cfg1.0.pt
2026-08-11T13:38:54,cub,300,P3,1.0,none,cfg/up_2,0,0.2166,0.0538,5994,5794,cub_train_t300_P3_cfg1.0.pt
2026-08-11T13:39:06,cub,300,P3,2.0,none,cond/down_2,0,0.9199,0.2283,5994,5794,cub_train_t300_P3_cfg2.0.pt
2026-08-11T13:39:06,cub,300,P3,2.0,none,cond/mid,0,0.9456,0.2799,5994,5794,cub_train_t300_P3_cfg2.0.pt
2026-08-11T13:39:07,cub,300,P3,2.0,none,cond/up_0,0,0.6930,0.1094,5994,5794,cub_train_t300_P3_cfg2.0.pt
2026-08-11T13:39:07,cub,300,P3,2.0,none,cond/up_1,0,0.6949,0.1087,5994,5794,cub_train_t300_P3_cfg2.0.pt
2026-08-11T13:39:07,cub,300,P3,2.0,none,cond/up_2,0,0.2164,0.0537,5994,5794,cub_train_t300_P3_cfg2.0.pt
2026-08-11T13:39:08,cub,300,P3,2.0,none,cfg/down_2,0,0.9914,0.5865,5994,5794,cub_train_t300_P3_cfg2.0.pt
2026-08-11T13:39:08,cub,300,P3,2.0,none,cfg/mid,0,0.9941,0.6638,5994,5794,cub_train_t300_P3_cfg2.0.pt
2026-08-11T13:39:09,cub,300,P3,2.0,none,cfg/up_0,0,0.9206,0.2064,5994,5794,cub_train_t300_P3_cfg2.0.pt
2026-08-11T13:39:09,cub,300,P3,2.0,none,cfg/up_1,0,0.9037,0.2276,5994,5794,cub_train_t300_P3_cfg2.0.pt
2026-08-11T13:39:10,cub,300,P3,2.0,none,cfg/up_2,0,0.3816,0.0623,5994,5794,cub_train_t300_P3_cfg2.0.pt
2026-08-11T13:39:22,cub,300,P3,3.0,none,cond/down_2,0,0.9199,0.2283,5994,5794,cub_train_t300_P3_cfg3.0.pt
2026-08-11T13:39:22,cub,300,P3,3.0,none,cond/mid,0,0.9456,0.2799,5994,5794,cub_train_t300_P3_cfg3.0.pt
2026-08-11T13:39:23,cub,300,P3,3.0,none,cond/up_0,0,0.6930,0.1094,5994,5794,cub_train_t300_P3_cfg3.0.pt
2026-08-11T13:39:23,cub,300,P3,3.0,none,cond/up_1,0,0.6949,0.1087,5994,5794,cub_train_t300_P3_cfg3.0.pt
2026-08-11T13:39:23,cub,300,P3,3.0,none,cond/up_2,0,0.2164,0.0537,5994,5794,cub_train_t300_P3_cfg3.0.pt
2026-08-11T13:39:24,cub,300,P3,3.0,none,cfg/down_2,0,0.9967,0.7601,5994,5794,cub_train_t300_P3_cfg3.0.pt
2026-08-11T13:39:24,cub,300,P3,3.0,none,cfg/mid,0,0.9962,0.8158,5994,5794,cub_train_t300_P3_cfg3.0.pt
2026-08-11T13:39:25,cub,300,P3,3.0,none,cfg/up_0,0,0.9539,0.3105,5994,5794,cub_train_t300_P3_cfg3.0.pt
2026-08-11T13:39:25,cub,300,P3,3.0,none,cfg/up_1,0,0.9591,0.3894,5994,5794,cub_train_t300_P3_cfg3.0.pt
2026-08-11T13:39:26,cub,300,P3,3.0,none,cfg/up_2,0,0.5388,0.0782,5994,5794,cub_train_t300_P3_cfg3.0.pt
2026-08-11T13:39:38,cub,300,P3,5.0,none,cond/down_2,0,0.9199,0.2283,5994,5794,cub_train_t300_P3_cfg5.0.pt
2026-08-11T13:39:38,cub,300,P3,5.0,none,cond/mid,0,0.9456,0.2799,5994,5794,cub_train_t300_P3_cfg5.0.pt
2026-08-11T13:39:39,cub,300,P3,5.0,none,cond/up_0,0,0.6930,0.1094,5994,5794,cub_train_t300_P3_cfg5.0.pt
2026-08-11T13:39:39,cub,300,P3,5.0,none,cond/up_1,0,0.6949,0.1087,5994,5794,cub_train_t300_P3_cfg5.0.pt
2026-08-11T13:39:40,cub,300,P3,5.0,none,cond/up_2,0,0.2164,0.0537,5994,5794,cub_train_t300_P3_cfg5.0.pt
2026-08-11T13:39:40,cub,300,P3,5.0,none,cfg/down_2,0,0.9988,0.8619,5994,5794,cub_train_t300_P3_cfg5.0.pt
2026-08-11T13:39:41,cub,300,P3,5.0,none,cfg/mid,0,0.9972,0.8830,5994,5794,cub_train_t300_P3_cfg5.0.pt
2026-08-11T13:39:41,cub,300,P3,5.0,none,cfg/up_0,0,0.9636,0.4341,5994,5794,cub_train_t300_P3_cfg5.0.pt
2026-08-11T13:39:42,cub,300,P3,5.0,none,cfg/up_1,0,0.9800,0.6182,5994,5794,cub_train_t300_P3_cfg5.0.pt
2026-08-11T13:39:42,cub,300,P3,5.0,none,cfg/up_2,0,0.7114,0.1212,5994,5794,cub_train_t300_P3_cfg5.0.pt
2026-08-11T13:39:53,cub,300,P3,7.5,none,cond/down_2,0,0.9199,0.2283,5994,5794,cub_train_t300_P3_cfg7.5.pt
2026-08-11T13:39:54,cub,300,P3,7.5,none,cond/mid,0,0.9456,0.2799,5994,5794,cub_train_t300_P3_cfg7.5.pt
2026-08-11T13:39:54,cub,300,P3,7.5,none,cond/up_0,0,0.6930,0.1094,5994,5794,cub_train_t300_P3_cfg7.5.pt
2026-08-11T13:39:55,cub,300,P3,7.5,none,cond/up_1,0,0.6949,0.1087,5994,5794,cub_train_t300_P3_cfg7.5.pt
2026-08-11T13:39:55,cub,300,P3,7.5,none,cond/up_2,0,0.2164,0.0537,5994,5794,cub_train_t300_P3_cfg7.5.pt
2026-08-11T13:39:56,cub,300,P3,7.5,none,cfg/down_2,0,0.9988,0.8901,5994,5794,cub_train_t300_P3_cfg7.5.pt
2026-08-11T13:39:56,cub,300,P3,7.5,none,cfg/mid,0,0.9972,0.8939,5994,5794,cub_train_t300_P3_cfg7.5.pt
2026-08-11T13:39:57,cub,300,P3,7.5,none,cfg/up_0,0,0.9651,0.4800,5994,5794,cub_train_t300_P3_cfg7.5.pt
2026-08-11T13:39:57,cub,300,P3,7.5,none,cfg/up_1,0,0.9869,0.7601,5994,5794,cub_train_t300_P3_cfg7.5.pt
2026-08-11T13:39:58,cub,300,P3,7.5,none,cfg/up_2,0,0.7924,0.1833,5994,5794,cub_train_t300_P3_cfg7.5.pt
2026-08-11T13:41:07,pets,200,P2,2.0,none,cond/down_2,0,0.5816,0.2892,3680,3669,pets_trainval_t200_P2_cfg2.0.pt
2026-08-11T13:41:07,pets,200,P2,2.0,none,cond/mid,0,0.5691,0.2058,3680,3669,pets_trainval_t200_P2_cfg2.0.pt
2026-08-11T13:41:08,pets,200,P2,2.0,none,cond/up_0,0,0.4990,0.1349,3680,3669,pets_trainval_t200_P2_cfg2.0.pt
2026-08-11T13:41:08,pets,200,P2,2.0,none,cond/up_1,0,0.6710,0.3339,3680,3669,pets_trainval_t200_P2_cfg2.0.pt
2026-08-11T13:41:08,pets,200,P2,2.0,none,cond/up_2,0,0.4543,0.1832,3680,3669,pets_trainval_t200_P2_cfg2.0.pt
2026-08-11T13:41:09,pets,200,P2,2.0,none,cfg/down_2,0,0.5808,0.2941,3680,3669,pets_trainval_t200_P2_cfg2.0.pt
2026-08-11T13:41:09,pets,200,P2,2.0,none,cfg/mid,0,0.5694,0.2069,3680,3669,pets_trainval_t200_P2_cfg2.0.pt
2026-08-11T13:41:09,pets,200,P2,2.0,none,cfg/up_0,0,0.5010,0.1316,3680,3669,pets_trainval_t200_P2_cfg2.0.pt
2026-08-11T13:41:10,pets,200,P2,2.0,none,cfg/up_1,0,0.6727,0.3388,3680,3669,pets_trainval_t200_P2_cfg2.0.pt
2026-08-11T13:41:10,pets,200,P2,2.0,none,cfg/up_2,0,0.4573,0.1859,3680,3669,pets_trainval_t200_P2_cfg2.0.pt
2026-08-11T13:41:18,pets,200,P2,5.0,none,cond/down_2,0,0.5868,0.2881,3680,3669,pets_trainval_t200_P2_cfg5.0.pt
2026-08-11T13:41:18,pets,200,P2,5.0,none,cond/mid,0,0.5677,0.2093,3680,3669,pets_trainval_t200_P2_cfg5.0.pt
2026-08-11T13:41:19,pets,200,P2,5.0,none,cond/up_0,0,0.5023,0.1322,3680,3669,pets_trainval_t200_P2_cfg5.0.pt
2026-08-11T13:41:19,pets,200,P2,5.0,none,cond/up_1,0,0.6738,0.3284,3680,3669,pets_trainval_t200_P2_cfg5.0.pt
2026-08-11T13:41:19,pets,200,P2,5.0,none,cond/up_2,0,0.4565,0.1823,3680,3669,pets_trainval_t200_P2_cfg5.0.pt
2026-08-11T13:41:20,pets,200,P2,5.0,none,cfg/down_2,0,0.5874,0.3238,3680,3669,pets_trainval_t200_P2_cfg5.0.pt
2026-08-11T13:41:20,pets,200,P2,5.0,none,cfg/mid,0,0.5462,0.2093,3680,3669,pets_trainval_t200_P2_cfg5.0.pt
2026-08-11T13:41:20,pets,200,P2,5.0,none,cfg/up_0,0,0.4748,0.1401,3680,3669,pets_trainval_t200_P2_cfg5.0.pt
2026-08-11T13:41:21,pets,200,P2,5.0,none,cfg/up_1,0,0.6770,0.3671,3680,3669,pets_trainval_t200_P2_cfg5.0.pt
2026-08-11T13:41:21,pets,200,P2,5.0,none,cfg/up_2,0,0.4677,0.1853,3680,3669,pets_trainval_t200_P2_cfg5.0.pt
2026-08-11T13:41:32,pets,200,P3,0.0,none,cond/down_2,0,0.9689,0.6141,3680,3669,pets_trainval_t200_P3_cfg0.0.pt
2026-08-11T13:41:32,pets,200,P3,0.0,none,cond/mid,0,0.9580,0.4189,3680,3669,pets_trainval_t200_P3_cfg0.0.pt
2026-08-11T13:41:32,pets,200,P3,0.0,none,cond/up_0,0,0.8264,0.1804,3680,3669,pets_trainval_t200_P3_cfg0.0.pt
2026-08-11T13:41:33,pets,200,P3,0.0,none,cond/up_1,0,0.8956,0.4334,3680,3669,pets_trainval_t200_P3_cfg0.0.pt
2026-08-11T13:41:33,pets,200,P3,0.0,none,cond/up_2,0,0.5590,0.2077,3680,3669,pets_trainval_t200_P3_cfg0.0.pt
2026-08-11T13:41:34,pets,200,P3,0.0,none,cfg/down_2,0,0.5765,0.2965,3680,3669,pets_trainval_t200_P3_cfg0.0.pt
2026-08-11T13:41:34,pets,200,P3,0.0,none,cfg/mid,0,0.5743,0.2150,3680,3669,pets_trainval_t200_P3_cfg0.0.pt
2026-08-11T13:41:34,pets,200,P3,0.0,none,cfg/up_0,0,0.4974,0.1477,3680,3669,pets_trainval_t200_P3_cfg0.0.pt
2026-08-11T13:41:35,pets,200,P3,0.0,none,cfg/up_1,0,0.6656,0.3282,3680,3669,pets_trainval_t200_P3_cfg0.0.pt
2026-08-11T13:41:35,pets,200,P3,0.0,none,cfg/up_2,0,0.4508,0.1832,3680,3669,pets_trainval_t200_P3_cfg0.0.pt
2026-08-11T13:41:43,pets,200,P3,1.0,none,cond/down_2,0,0.9689,0.6141,3680,3669,pets_trainval_t200_P3_cfg1.0.pt
2026-08-11T13:41:43,pets,200,P3,1.0,none,cond/mid,0,0.9580,0.4189,3680,3669,pets_trainval_t200_P3_cfg1.0.pt
2026-08-11T13:41:44,pets,200,P3,1.0,none,cond/up_0,0,0.8264,0.1804,3680,3669,pets_trainval_t200_P3_cfg1.0.pt
2026-08-11T13:41:44,pets,200,P3,1.0,none,cond/up_1,0,0.8956,0.4334,3680,3669,pets_trainval_t200_P3_cfg1.0.pt
2026-08-11T13:41:44,pets,200,P3,1.0,none,cond/up_2,0,0.5590,0.2077,3680,3669,pets_trainval_t200_P3_cfg1.0.pt
2026-08-11T13:41:45,pets,200,P3,1.0,none,cfg/down_2,0,0.9689,0.6141,3680,3669,pets_trainval_t200_P3_cfg1.0.pt
2026-08-11T13:41:45,pets,200,P3,1.0,none,cfg/mid,0,0.9580,0.4189,3680,3669,pets_trainval_t200_P3_cfg1.0.pt
2026-08-11T13:41:45,pets,200,P3,1.0,none,cfg/up_0,0,0.8264,0.1804,3680,3669,pets_trainval_t200_P3_cfg1.0.pt
2026-08-11T13:41:46,pets,200,P3,1.0,none,cfg/up_1,0,0.8956,0.4334,3680,3669,pets_trainval_t200_P3_cfg1.0.pt
2026-08-11T13:41:46,pets,200,P3,1.0,none,cfg/up_2,0,0.5590,0.2077,3680,3669,pets_trainval_t200_P3_cfg1.0.pt
2026-08-11T13:41:55,pets,200,P3,2.0,none,cond/down_2,0,0.9708,0.6228,3680,3669,pets_trainval_t200_P3_cfg2.0.pt
2026-08-11T13:41:55,pets,200,P3,2.0,none,cond/mid,0,0.9569,0.4238,3680,3669,pets_trainval_t200_P3_cfg2.0.pt
2026-08-11T13:41:55,pets,200,P3,2.0,none,cond/up_0,0,0.8242,0.1766,3680,3669,pets_trainval_t200_P3_cfg2.0.pt
2026-08-11T13:41:56,pets,200,P3,2.0,none,cond/up_1,0,0.8942,0.4374,3680,3669,pets_trainval_t200_P3_cfg2.0.pt
2026-08-11T13:41:56,pets,200,P3,2.0,none,cond/up_2,0,0.5571,0.2066,3680,3669,pets_trainval_t200_P3_cfg2.0.pt
2026-08-11T13:41:56,pets,200,P3,2.0,none,cfg/down_2,0,0.9978,0.8760,3680,3669,pets_trainval_t200_P3_cfg2.0.pt
2026-08-11T13:41:57,pets,200,P3,2.0,none,cfg/mid,0,0.9967,0.7479,3680,3669,pets_trainval_t200_P3_cfg2.0.pt
2026-08-11T13:41:57,pets,200,P3,2.0,none,cfg/up_0,0,0.9597,0.2881,3680,3669,pets_trainval_t200_P3_cfg2.0.pt
2026-08-11T13:41:57,pets,200,P3,2.0,none,cfg/up_1,0,0.9662,0.5988,3680,3669,pets_trainval_t200_P3_cfg2.0.pt
2026-08-11T13:41:58,pets,200,P3,2.0,none,cfg/up_2,0,0.6871,0.2505,3680,3669,pets_trainval_t200_P3_cfg2.0.pt
2026-08-11T13:42:07,pets,200,P3,3.0,none,cond/down_2,0,0.9708,0.6228,3680,3669,pets_trainval_t200_P3_cfg3.0.pt
2026-08-11T13:42:07,pets,200,P3,3.0,none,cond/mid,0,0.9569,0.4238,3680,3669,pets_trainval_t200_P3_cfg3.0.pt
2026-08-11T13:42:07,pets,200,P3,3.0,none,cond/up_0,0,0.8242,0.1766,3680,3669,pets_trainval_t200_P3_cfg3.0.pt
2026-08-11T13:42:08,pets,200,P3,3.0,none,cond/up_1,0,0.8942,0.4374,3680,3669,pets_trainval_t200_P3_cfg3.0.pt
2026-08-11T13:42:08,pets,200,P3,3.0,none,cond/up_2,0,0.5571,0.2066,3680,3669,pets_trainval_t200_P3_cfg3.0.pt
2026-08-11T13:42:09,pets,200,P3,3.0,none,cfg/down_2,0,0.9986,0.9488,3680,3669,pets_trainval_t200_P3_cfg3.0.pt
2026-08-11T13:42:09,pets,200,P3,3.0,none,cfg/mid,0,0.9995,0.9095,3680,3669,pets_trainval_t200_P3_cfg3.0.pt
2026-08-11T13:42:09,pets,200,P3,3.0,none,cfg/up_0,0,0.9839,0.4437,3680,3669,pets_trainval_t200_P3_cfg3.0.pt
2026-08-11T13:42:10,pets,200,P3,3.0,none,cfg/up_1,0,0.9861,0.7364,3680,3669,pets_trainval_t200_P3_cfg3.0.pt
2026-08-11T13:42:10,pets,200,P3,3.0,none,cfg/up_2,0,0.7817,0.2919,3680,3669,pets_trainval_t200_P3_cfg3.0.pt
2026-08-11T13:42:19,pets,200,P3,5.0,none,cond/down_2,0,0.9708,0.6228,3680,3669,pets_trainval_t200_P3_cfg5.0.pt
2026-08-11T13:42:19,pets,200,P3,5.0,none,cond/mid,0,0.9569,0.4238,3680,3669,pets_trainval_t200_P3_cfg5.0.pt
2026-08-11T13:42:20,pets,200,P3,5.0,none,cond/up_0,0,0.8242,0.1766,3680,3669,pets_trainval_t200_P3_cfg5.0.pt
2026-08-11T13:42:20,pets,200,P3,5.0,none,cond/up_1,0,0.8942,0.4374,3680,3669,pets_trainval_t200_P3_cfg5.0.pt
2026-08-11T13:42:20,pets,200,P3,5.0,none,cond/up_2,0,0.5571,0.2066,3680,3669,pets_trainval_t200_P3_cfg5.0.pt
2026-08-11T13:42:21,pets,200,P3,5.0,none,cfg/down_2,0,0.9995,0.9869,3680,3669,pets_trainval_t200_P3_cfg5.0.pt
2026-08-11T13:42:21,pets,200,P3,5.0,none,cfg/mid,0,0.9997,0.9738,3680,3669,pets_trainval_t200_P3_cfg5.0.pt
2026-08-11T13:42:21,pets,200,P3,5.0,none,cfg/up_0,0,0.9943,0.6936,3680,3669,pets_trainval_t200_P3_cfg5.0.pt
2026-08-11T13:42:22,pets,200,P3,5.0,none,cfg/up_1,0,0.9948,0.8842,3680,3669,pets_trainval_t200_P3_cfg5.0.pt
2026-08-11T13:42:22,pets,200,P3,5.0,none,cfg/up_2,0,0.8730,0.4047,3680,3669,pets_trainval_t200_P3_cfg5.0.pt
2026-08-11T13:42:30,pets,200,P3,7.5,none,cond/down_2,0,0.9708,0.6228,3680,3669,pets_trainval_t200_P3_cfg7.5.pt
2026-08-11T13:42:30,pets,200,P3,7.5,none,cond/mid,0,0.9569,0.4238,3680,3669,pets_trainval_t200_P3_cfg7.5.pt
2026-08-11T13:42:31,pets,200,P3,7.5,none,cond/up_0,0,0.8242,0.1766,3680,3669,pets_trainval_t200_P3_cfg7.5.pt
2026-08-11T13:42:31,pets,200,P3,7.5,none,cond/up_1,0,0.8942,0.4374,3680,3669,pets_trainval_t200_P3_cfg7.5.pt
2026-08-11T13:42:31,pets,200,P3,7.5,none,cond/up_2,0,0.5571,0.2066,3680,3669,pets_trainval_t200_P3_cfg7.5.pt
2026-08-11T13:42:32,pets,200,P3,7.5,none,cfg/down_2,0,0.9997,0.9951,3680,3669,pets_trainval_t200_P3_cfg7.5.pt
2026-08-11T13:42:32,pets,200,P3,7.5,none,cfg/mid,0,0.9995,0.9864,3680,3669,pets_trainval_t200_P3_cfg7.5.pt
2026-08-11T13:42:32,pets,200,P3,7.5,none,cfg/up_0,0,0.9954,0.8215,3680,3669,pets_trainval_t200_P3_cfg7.5.pt
2026-08-11T13:42:33,pets,200,P3,7.5,none,cfg/up_1,0,0.9978,0.9403,3680,3669,pets_trainval_t200_P3_cfg7.5.pt
2026-08-11T13:42:33,pets,200,P3,7.5,none,cfg/up_2,0,0.9234,0.5421,3680,3669,pets_trainval_t200_P3_cfg7.5.pt
2026-08-11T14:33:10,cub,300,P2,10.0,none,cond/down_2,0,0.2194,0.0737,5994,5794,cub_train_t300_P2_cfg10.0.pt
2026-08-11T14:33:11,cub,300,P2,10.0,none,cond/mid,0,0.2306,0.0841,5994,5794,cub_train_t300_P2_cfg10.0.pt
2026-08-11T14:33:12,cub,300,P2,10.0,none,cond/up_0,0,0.1776,0.0628,5994,5794,cub_train_t300_P2_cfg10.0.pt
2026-08-11T14:33:12,cub,300,P2,10.0,none,cond/up_1,0,0.2137,0.0668,5994,5794,cub_train_t300_P2_cfg10.0.pt
2026-08-11T14:33:13,cub,300,P2,10.0,none,cond/up_2,0,0.1331,0.0523,5994,5794,cub_train_t300_P2_cfg10.0.pt
2026-08-11T14:33:14,cub,300,P2,10.0,none,cfg/down_2,0,0.2834,0.0965,5994,5794,cub_train_t300_P2_cfg10.0.pt
2026-08-11T14:33:14,cub,300,P2,10.0,none,cfg/mid,0,0.2439,0.0951,5994,5794,cub_train_t300_P2_cfg10.0.pt
2026-08-11T14:33:15,cub,300,P2,10.0,none,cfg/up_0,0,0.1862,0.0680,5994,5794,cub_train_t300_P2_cfg10.0.pt
2026-08-11T14:33:16,cub,300,P2,10.0,none,cfg/up_1,0,0.2314,0.0799,5994,5794,cub_train_t300_P2_cfg10.0.pt
2026-08-11T14:33:16,cub,300,P2,10.0,none,cfg/up_2,0,0.1381,0.0444,5994,5794,cub_train_t300_P2_cfg10.0.pt
2026-08-11T14:33:41,cub,300,P2,7.5,none,cond/down_2,0,0.2271,0.0747,5994,5794,cub_train_t300_P2_cfg7.5.pt
2026-08-11T14:33:41,cub,300,P2,7.5,none,cond/mid,0,0.2225,0.0858,5994,5794,cub_train_t300_P2_cfg7.5.pt
2026-08-11T14:33:42,cub,300,P2,7.5,none,cond/up_0,0,0.1748,0.0687,5994,5794,cub_train_t300_P2_cfg7.5.pt
2026-08-11T14:33:43,cub,300,P2,7.5,none,cond/up_1,0,0.2142,0.0652,5994,5794,cub_train_t300_P2_cfg7.5.pt
2026-08-11T14:33:43,cub,300,P2,7.5,none,cond/up_2,0,0.1310,0.0482,5994,5794,cub_train_t300_P2_cfg7.5.pt
2026-08-11T14:33:44,cub,300,P2,7.5,none,cfg/down_2,0,0.2765,0.0968,5994,5794,cub_train_t300_P2_cfg7.5.pt
2026-08-11T14:33:45,cub,300,P2,7.5,none,cfg/mid,0,0.2387,0.0965,5994,5794,cub_train_t300_P2_cfg7.5.pt
2026-08-11T14:33:46,cub,300,P2,7.5,none,cfg/up_0,0,0.1847,0.0656,5994,5794,cub_train_t300_P2_cfg7.5.pt
2026-08-11T14:33:46,cub,300,P2,7.5,none,cfg/up_1,0,0.2261,0.0721,5994,5794,cub_train_t300_P2_cfg7.5.pt
2026-08-11T14:33:47,cub,300,P2,7.5,none,cfg/up_2,0,0.1320,0.0457,5994,5794,cub_train_t300_P2_cfg7.5.pt
2026-08-11T14:35:10,pets,200,P2,10.0,none,cond/down_2,0,0.5819,0.2865,3680,3669,pets_trainval_t200_P2_cfg10.0.pt
2026-08-11T14:35:10,pets,200,P2,10.0,none,cond/mid,0,0.5696,0.2006,3680,3669,pets_trainval_t200_P2_cfg10.0.pt
2026-08-11T14:35:11,pets,200,P2,10.0,none,cond/up_0,0,0.4928,0.1341,3680,3669,pets_trainval_t200_P2_cfg10.0.pt
2026-08-11T14:35:11,pets,200,P2,10.0,none,cond/up_1,0,0.6735,0.3273,3680,3669,pets_trainval_t200_P2_cfg10.0.pt
2026-08-11T14:35:12,pets,200,P2,10.0,none,cond/up_2,0,0.4538,0.1823,3680,3669,pets_trainval_t200_P2_cfg10.0.pt
2026-08-11T14:35:12,pets,200,P2,10.0,none,cfg/down_2,0,0.5931,0.3617,3680,3669,pets_trainval_t200_P2_cfg10.0.pt
2026-08-11T14:35:13,pets,200,P2,10.0,none,cfg/mid,0,0.5465,0.2306,3680,3669,pets_trainval_t200_P2_cfg10.0.pt
2026-08-11T14:35:13,pets,200,P2,10.0,none,cfg/up_0,0,0.4770,0.1695,3680,3669,pets_trainval_t200_P2_cfg10.0.pt
2026-08-11T14:35:14,pets,200,P2,10.0,none,cfg/up_1,0,0.6746,0.4110,3680,3669,pets_trainval_t200_P2_cfg10.0.pt
2026-08-11T14:35:14,pets,200,P2,10.0,none,cfg/up_2,0,0.4985,0.1992,3680,3669,pets_trainval_t200_P2_cfg10.0.pt
2026-08-11T14:35:30,pets,200,P2,7.5,none,cond/down_2,0,0.5868,0.2881,3680,3669,pets_trainval_t200_P2_cfg7.5.pt
2026-08-11T14:35:31,pets,200,P2,7.5,none,cond/mid,0,0.5677,0.2093,3680,3669,pets_trainval_t200_P2_cfg7.5.pt
2026-08-11T14:35:31,pets,200,P2,7.5,none,cond/up_0,0,0.5023,0.1322,3680,3669,pets_trainval_t200_P2_cfg7.5.pt
2026-08-11T14:35:32,pets,200,P2,7.5,none,cond/up_1,0,0.6738,0.3284,3680,3669,pets_trainval_t200_P2_cfg7.5.pt
2026-08-11T14:35:32,pets,200,P2,7.5,none,cond/up_2,0,0.4565,0.1823,3680,3669,pets_trainval_t200_P2_cfg7.5.pt
2026-08-11T14:35:33,pets,200,P2,7.5,none,cfg/down_2,0,0.5958,0.3513,3680,3669,pets_trainval_t200_P2_cfg7.5.pt
2026-08-11T14:35:33,pets,200,P2,7.5,none,cfg/mid,0,0.5407,0.2197,3680,3669,pets_trainval_t200_P2_cfg7.5.pt
2026-08-11T14:35:34,pets,200,P2,7.5,none,cfg/up_0,0,0.4723,0.1608,3680,3669,pets_trainval_t200_P2_cfg7.5.pt
2026-08-11T14:35:34,pets,200,P2,7.5,none,cfg/up_1,0,0.6727,0.3933,3680,3669,pets_trainval_t200_P2_cfg7.5.pt
2026-08-11T14:35:35,pets,200,P2,7.5,none,cfg/up_2,0,0.4849,0.1889,3680,3669,pets_trainval_t200_P2_cfg7.5.pt
2026-08-14T19:32:03,cub,300,P0,off,/home/s4184343/lora/cub_r16/ckpt-5000,down_2,0,0.2263,0.0803,5994,5794,cub_train_t300_P0_cfgoff_lora.pt
2026-08-14T19:32:04,cub,300,P0,off,/home/s4184343/lora/cub_r16/ckpt-5000,mid,0,0.2330,0.0884,5994,5794,cub_train_t300_P0_cfgoff_lora.pt
2026-08-14T19:32:06,cub,300,P0,off,/home/s4184343/lora/cub_r16/ckpt-5000,up_0,0,0.1798,0.0614,5994,5794,cub_train_t300_P0_cfgoff_lora.pt
2026-08-14T19:32:07,cub,300,P0,off,/home/s4184343/lora/cub_r16/ckpt-5000,up_1,0,0.2128,0.0694,5994,5794,cub_train_t300_P0_cfgoff_lora.pt
2026-08-14T19:32:08,cub,300,P0,off,/home/s4184343/lora/cub_r16/ckpt-5000,up_2,0,0.1348,0.0514,5994,5794,cub_train_t300_P0_cfgoff_lora.pt
2026-08-14T19:35:40,cub,300,P3,off,/home/s4184343/lora/cub_r16/ckpt-5000,down_2,0,0.9073,0.2245,5994,5794,cub_train_t300_P3_cfgoff_lora.pt
2026-08-14T19:35:41,cub,300,P3,off,/home/s4184343/lora/cub_r16/ckpt-5000,mid,0,0.9337,0.2705,5994,5794,cub_train_t300_P3_cfgoff_lora.pt
2026-08-14T19:35:42,cub,300,P3,off,/home/s4184343/lora/cub_r16/ckpt-5000,up_0,0,0.6778,0.0989,5994,5794,cub_train_t300_P3_cfgoff_lora.pt
2026-08-14T19:35:43,cub,300,P3,off,/home/s4184343/lora/cub_r16/ckpt-5000,up_1,0,0.6873,0.1149,5994,5794,cub_train_t300_P3_cfgoff_lora.pt
2026-08-14T19:35:44,cub,300,P3,off,/home/s4184343/lora/cub_r16/ckpt-5000,up_2,0,0.2504,0.0559,5994,5794,cub_train_t300_P3_cfgoff_lora.pt
2026-08-14T19:37:18,pets,200,P0,off,/home/s4184343/lora/pets_r16/ckpt-5000,down_2,0,0.5691,0.2835,3680,3669,pets_trainval_t200_P0_cfgoff_lora.pt
2026-08-14T19:37:19,pets,200,P0,off,/home/s4184343/lora/pets_r16/ckpt-5000,mid,0,0.5732,0.2134,3680,3669,pets_trainval_t200_P0_cfgoff_lora.pt
2026-08-14T19:37:20,pets,200,P0,off,/home/s4184343/lora/pets_r16/ckpt-5000,up_0,0,0.4966,0.1494,3680,3669,pets_trainval_t200_P0_cfgoff_lora.pt
2026-08-14T19:37:20,pets,200,P0,off,/home/s4184343/lora/pets_r16/ckpt-5000,up_1,0,0.6729,0.3181,3680,3669,pets_trainval_t200_P0_cfgoff_lora.pt
2026-08-14T19:37:21,pets,200,P0,off,/home/s4184343/lora/pets_r16/ckpt-5000,up_2,0,0.4516,0.1758,3680,3669,pets_trainval_t200_P0_cfgoff_lora.pt
2026-08-14T19:40:02,pets,200,P3,off,/home/s4184343/lora/pets_r16/ckpt-5000,down_2,0,0.9616,0.6176,3680,3669,pets_trainval_t200_P3_cfgoff_lora.pt
2026-08-14T19:40:03,pets,200,P3,off,/home/s4184343/lora/pets_r16/ckpt-5000,mid,0,0.9564,0.4336,3680,3669,pets_trainval_t200_P3_cfgoff_lora.pt
2026-08-14T19:40:04,pets,200,P3,off,/home/s4184343/lora/pets_r16/ckpt-5000,up_0,0,0.8291,0.1881,3680,3669,pets_trainval_t200_P3_cfgoff_lora.pt
2026-08-14T19:40:05,pets,200,P3,off,/home/s4184343/lora/pets_r16/ckpt-5000,up_1,0,0.9076,0.4781,3680,3669,pets_trainval_t200_P3_cfgoff_lora.pt
2026-08-14T19:40:05,pets,200,P3,off,/home/s4184343/lora/pets_r16/ckpt-5000,up_2,0,0.6111,0.2249,3680,3669,pets_trainval_t200_P3_cfgoff_lora.pt
2026-08-14T23:26:54,cub,300,P2,5.0,/home/s4184343/lora/cub_r16/ckpt-5000,cond/down_2,0,0.2242,0.0775,5994,5794,cub_train_t300_P2_cfg5.0_lora.pt
2026-08-14T23:26:55,cub,300,P2,5.0,/home/s4184343/lora/cub_r16/ckpt-5000,cond/mid,0,0.2176,0.0870,5994,5794,cub_train_t300_P2_cfg5.0_lora.pt
2026-08-14T23:26:56,cub,300,P2,5.0,/home/s4184343/lora/cub_r16/ckpt-5000,cond/up_0,0,0.1774,0.0613,5994,5794,cub_train_t300_P2_cfg5.0_lora.pt
2026-08-14T23:26:57,cub,300,P2,5.0,/home/s4184343/lora/cub_r16/ckpt-5000,cond/up_1,0,0.2068,0.0656,5994,5794,cub_train_t300_P2_cfg5.0_lora.pt
2026-08-14T23:26:59,cub,300,P2,5.0,/home/s4184343/lora/cub_r16/ckpt-5000,cond/up_2,0,0.1334,0.0499,5994,5794,cub_train_t300_P2_cfg5.0_lora.pt
2026-08-14T23:27:00,cub,300,P2,5.0,/home/s4184343/lora/cub_r16/ckpt-5000,cfg/down_2,0,0.2782,0.0968,5994,5794,cub_train_t300_P2_cfg5.0_lora.pt
2026-08-14T23:27:01,cub,300,P2,5.0,/home/s4184343/lora/cub_r16/ckpt-5000,cfg/mid,0,0.2377,0.0986,5994,5794,cub_train_t300_P2_cfg5.0_lora.pt
2026-08-14T23:27:03,cub,300,P2,5.0,/home/s4184343/lora/cub_r16/ckpt-5000,cfg/up_0,0,0.1919,0.0616,5994,5794,cub_train_t300_P2_cfg5.0_lora.pt
2026-08-14T23:27:04,cub,300,P2,5.0,/home/s4184343/lora/cub_r16/ckpt-5000,cfg/up_1,0,0.2218,0.0704,5994,5794,cub_train_t300_P2_cfg5.0_lora.pt
2026-08-14T23:27:06,cub,300,P2,5.0,/home/s4184343/lora/cub_r16/ckpt-5000,cfg/up_2,0,0.1403,0.0495,5994,5794,cub_train_t300_P2_cfg5.0_lora.pt
2026-08-14T23:30:25,pets,200,P2,5.0,/home/s4184343/lora/pets_r16/ckpt-5000,cond/down_2,0,0.5756,0.2788,3680,3669,pets_trainval_t200_P2_cfg5.0_lora.pt
2026-08-14T23:30:26,pets,200,P2,5.0,/home/s4184343/lora/pets_r16/ckpt-5000,cond/mid,0,0.5792,0.2050,3680,3669,pets_trainval_t200_P2_cfg5.0_lora.pt
2026-08-14T23:30:27,pets,200,P2,5.0,/home/s4184343/lora/pets_r16/ckpt-5000,cond/up_0,0,0.5031,0.1319,3680,3669,pets_trainval_t200_P2_cfg5.0_lora.pt
2026-08-14T23:30:28,pets,200,P2,5.0,/home/s4184343/lora/pets_r16/ckpt-5000,cond/up_1,0,0.6724,0.3216,3680,3669,pets_trainval_t200_P2_cfg5.0_lora.pt
2026-08-14T23:30:30,pets,200,P2,5.0,/home/s4184343/lora/pets_r16/ckpt-5000,cond/up_2,0,0.4513,0.1788,3680,3669,pets_trainval_t200_P2_cfg5.0_lora.pt
2026-08-14T23:30:31,pets,200,P2,5.0,/home/s4184343/lora/pets_r16/ckpt-5000,cfg/down_2,0,0.5705,0.2963,3680,3669,pets_trainval_t200_P2_cfg5.0_lora.pt
2026-08-14T23:30:32,pets,200,P2,5.0,/home/s4184343/lora/pets_r16/ckpt-5000,cfg/mid,0,0.5525,0.2033,3680,3669,pets_trainval_t200_P2_cfg5.0_lora.pt
2026-08-14T23:30:33,pets,200,P2,5.0,/home/s4184343/lora/pets_r16/ckpt-5000,cfg/up_0,0,0.4781,0.1439,3680,3669,pets_trainval_t200_P2_cfg5.0_lora.pt
2026-08-14T23:30:35,pets,200,P2,5.0,/home/s4184343/lora/pets_r16/ckpt-5000,cfg/up_1,0,0.6738,0.3622,3680,3669,pets_trainval_t200_P2_cfg5.0_lora.pt
2026-08-14T23:30:36,pets,200,P2,5.0,/home/s4184343/lora/pets_r16/ckpt-5000,cfg/up_2,0,0.4693,0.1774,3680,3669,pets_trainval_t200_P2_cfg5.0_lora.pt
2026-08-16T15:15:17,cub,-,-,off,none,clip,1,0.8019,0.6997,5994,5794,cub_train_clip.pt
2026-08-16T15:15:19,cub,-,-,off,none,dinov2,1,0.8947,0.8652,5994,5794,cub_train_dinov2.pt
2026-08-16T15:15:26,cub,-,-,off,none,resnet50,1,0.6051,0.5102,5994,5794,cub_train_resnet50.pt
2026-08-16T15:15:42,cub,100,P0,off,none,down_2,1,0.2168,0.0721,5994,5794,cub_train_t100_P0_cfgoff.pt
2026-08-16T15:15:42,cub,100,P0,off,none,mid,1,0.2252,0.0851,5994,5794,cub_train_t100_P0_cfgoff.pt
2026-08-16T15:15:43,cub,100,P0,off,none,up_0,1,0.1755,0.0656,5994,5794,cub_train_t100_P0_cfgoff.pt
2026-08-16T15:15:43,cub,100,P0,off,none,up_1,1,0.2009,0.0651,5994,5794,cub_train_t100_P0_cfgoff.pt
2026-08-16T15:15:44,cub,100,P0,off,none,up_2,1,0.1269,0.0480,5994,5794,cub_train_t100_P0_cfgoff.pt
2026-08-16T15:15:59,cub,200,P0,off,none,down_2,1,0.2356,0.0792,5994,5794,cub_train_t200_P0_cfgoff.pt
2026-08-16T15:16:00,cub,200,P0,off,none,mid,1,0.2318,0.0882,5994,5794,cub_train_t200_P0_cfgoff.pt
2026-08-16T15:16:00,cub,200,P0,off,none,up_0,1,0.1773,0.0701,5994,5794,cub_train_t200_P0_cfgoff.pt
2026-08-16T15:16:00,cub,200,P0,off,none,up_1,1,0.2142,0.0670,5994,5794,cub_train_t200_P0_cfgoff.pt
2026-08-16T15:16:01,cub,200,P0,off,none,up_2,1,0.1310,0.0502,5994,5794,cub_train_t200_P0_cfgoff.pt
2026-08-16T15:16:15,cub,200,P1,off,none,down_2,1,0.2251,0.0759,5994,5794,cub_train_t200_P1_cfgoff.pt
2026-08-16T15:16:16,cub,200,P1,off,none,mid,1,0.2252,0.0904,5994,5794,cub_train_t200_P1_cfgoff.pt
2026-08-16T15:16:16,cub,200,P1,off,none,up_0,1,0.1726,0.0651,5994,5794,cub_train_t200_P1_cfgoff.pt
2026-08-16T15:16:17,cub,200,P1,off,none,up_1,1,0.2137,0.0677,5994,5794,cub_train_t200_P1_cfgoff.pt
2026-08-16T15:16:17,cub,200,P1,off,none,up_2,1,0.1320,0.0476,5994,5794,cub_train_t200_P1_cfgoff.pt
2026-08-16T15:16:32,cub,200,P2,off,none,down_2,1,0.2183,0.0770,5994,5794,cub_train_t200_P2_cfgoff.pt
2026-08-16T15:16:33,cub,200,P2,off,none,mid,1,0.2199,0.0872,5994,5794,cub_train_t200_P2_cfgoff.pt
2026-08-16T15:16:33,cub,200,P2,off,none,up_0,1,0.1726,0.0635,5994,5794,cub_train_t200_P2_cfgoff.pt
2026-08-16T15:16:34,cub,200,P2,off,none,up_1,1,0.2081,0.0685,5994,5794,cub_train_t200_P2_cfgoff.pt
2026-08-16T15:16:34,cub,200,P2,off,none,up_2,1,0.1308,0.0487,5994,5794,cub_train_t200_P2_cfgoff.pt
2026-08-16T15:16:47,cub,200,P3,off,none,down_2,1,0.8626,0.1790,5994,5794,cub_train_t200_P3_cfgoff.pt
2026-08-16T15:16:48,cub,200,P3,off,none,mid,1,0.9140,0.2308,5994,5794,cub_train_t200_P3_cfgoff.pt
2026-08-16T15:16:48,cub,200,P3,off,none,up_0,1,0.6108,0.0973,5994,5794,cub_train_t200_P3_cfgoff.pt
2026-08-16T15:16:49,cub,200,P3,off,none,up_1,1,0.6118,0.0922,5994,5794,cub_train_t200_P3_cfgoff.pt
2026-08-16T15:16:49,cub,200,P3,off,none,up_2,1,0.1864,0.0504,5994,5794,cub_train_t200_P3_cfgoff.pt
2026-08-16T15:16:56,cub,200,P4,off,none,down_2,1,0.8557,0.1705,5994,5794,cub_train_t200_P4_cfgoff.pt
2026-08-16T15:16:57,cub,200,P4,off,none,mid,1,0.9139,0.2406,5994,5794,cub_train_t200_P4_cfgoff.pt
2026-08-16T15:16:57,cub,200,P4,off,none,up_0,1,0.6125,0.0958,5994,5794,cub_train_t200_P4_cfgoff.pt
2026-08-16T15:16:58,cub,200,P4,off,none,up_1,1,0.6084,0.0958,5994,5794,cub_train_t200_P4_cfgoff.pt
2026-08-16T15:16:58,cub,200,P4,off,none,up_2,1,0.1845,0.0523,5994,5794,cub_train_t200_P4_cfgoff.pt
2026-08-16T15:17:12,cub,300,P0,off,none,down_2,1,0.2342,0.0777,5994,5794,cub_train_t300_P0_cfgoff.pt
2026-08-16T15:17:12,cub,300,P0,off,none,mid,1,0.2276,0.0847,5994,5794,cub_train_t300_P0_cfgoff.pt
2026-08-16T15:17:13,cub,300,P0,off,none,up_0,1,0.1786,0.0673,5994,5794,cub_train_t300_P0_cfgoff.pt
2026-08-16T15:17:13,cub,300,P0,off,none,up_1,1,0.2171,0.0670,5994,5794,cub_train_t300_P0_cfgoff.pt
2026-08-16T15:17:14,cub,300,P0,off,none,up_2,1,0.1315,0.0506,5994,5794,cub_train_t300_P0_cfgoff.pt
2026-08-16T15:17:26,cub,300,P0,off,/home/s4184343/lora/cub_r16/ckpt-5000,down_2,1,0.2282,0.0803,5994,5794,cub_train_t300_P0_cfgoff_lora.pt
2026-08-16T15:17:27,cub,300,P0,off,/home/s4184343/lora/cub_r16/ckpt-5000,mid,1,0.2278,0.0884,5994,5794,cub_train_t300_P0_cfgoff_lora.pt
2026-08-16T15:17:27,cub,300,P0,off,/home/s4184343/lora/cub_r16/ckpt-5000,up_0,1,0.1823,0.0614,5994,5794,cub_train_t300_P0_cfgoff_lora.pt
2026-08-16T15:17:27,cub,300,P0,off,/home/s4184343/lora/cub_r16/ckpt-5000,up_1,1,0.2118,0.0694,5994,5794,cub_train_t300_P0_cfgoff_lora.pt
2026-08-16T15:17:28,cub,300,P0,off,/home/s4184343/lora/cub_r16/ckpt-5000,up_2,1,0.1358,0.0514,5994,5794,cub_train_t300_P0_cfgoff_lora.pt
2026-08-16T15:17:41,cub,300,P1,off,none,down_2,1,0.2223,0.0787,5994,5794,cub_train_t300_P1_cfgoff.pt
2026-08-16T15:17:42,cub,300,P1,off,none,mid,1,0.2268,0.0877,5994,5794,cub_train_t300_P1_cfgoff.pt
2026-08-16T15:17:42,cub,300,P1,off,none,up_0,1,0.1767,0.0632,5994,5794,cub_train_t300_P1_cfgoff.pt
2026-08-16T15:17:43,cub,300,P1,off,none,up_1,1,0.2069,0.0644,5994,5794,cub_train_t300_P1_cfgoff.pt
2026-08-16T15:17:43,cub,300,P1,off,none,up_2,1,0.1326,0.0490,5994,5794,cub_train_t300_P1_cfgoff.pt
2026-08-16T15:18:02,cub,300,P2,10.0,none,cond/down_2,1,0.2242,0.0737,5994,5794,cub_train_t300_P2_cfg10.0.pt
2026-08-16T15:18:03,cub,300,P2,10.0,none,cond/mid,1,0.2287,0.0841,5994,5794,cub_train_t300_P2_cfg10.0.pt
2026-08-16T15:18:03,cub,300,P2,10.0,none,cond/up_0,1,0.1776,0.0628,5994,5794,cub_train_t300_P2_cfg10.0.pt
2026-08-16T15:18:04,cub,300,P2,10.0,none,cond/up_1,1,0.2173,0.0668,5994,5794,cub_train_t300_P2_cfg10.0.pt
2026-08-16T15:18:04,cub,300,P2,10.0,none,cond/up_2,1,0.1332,0.0523,5994,5794,cub_train_t300_P2_cfg10.0.pt
2026-08-16T15:18:05,cub,300,P2,10.0,none,cfg/down_2,1,0.2815,0.0965,5994,5794,cub_train_t300_P2_cfg10.0.pt
2026-08-16T15:18:05,cub,300,P2,10.0,none,cfg/mid,1,0.2409,0.0951,5994,5794,cub_train_t300_P2_cfg10.0.pt
2026-08-16T15:18:06,cub,300,P2,10.0,none,cfg/up_0,1,0.1850,0.0680,5994,5794,cub_train_t300_P2_cfg10.0.pt
2026-08-16T15:18:06,cub,300,P2,10.0,none,cfg/up_1,1,0.2320,0.0799,5994,5794,cub_train_t300_P2_cfg10.0.pt
2026-08-16T15:18:07,cub,300,P2,10.0,none,cfg/up_2,1,0.1370,0.0444,5994,5794,cub_train_t300_P2_cfg10.0.pt
2026-08-16T15:18:26,cub,300,P2,2.0,none,cond/down_2,1,0.2221,0.0739,5994,5794,cub_train_t300_P2_cfg2.0.pt
2026-08-16T15:18:27,cub,300,P2,2.0,none,cond/mid,1,0.2223,0.0868,5994,5794,cub_train_t300_P2_cfg2.0.pt
2026-08-16T15:18:27,cub,300,P2,2.0,none,cond/up_0,1,0.1774,0.0621,5994,5794,cub_train_t300_P2_cfg2.0.pt
2026-08-16T15:18:28,cub,300,P2,2.0,none,cond/up_1,1,0.2078,0.0625,5994,5794,cub_train_t300_P2_cfg2.0.pt
2026-08-16T15:18:28,cub,300,P2,2.0,none,cond/up_2,1,0.1305,0.0488,5994,5794,cub_train_t300_P2_cfg2.0.pt
2026-08-16T15:18:29,cub,300,P2,2.0,none,cfg/down_2,1,0.2349,0.0796,5994,5794,cub_train_t300_P2_cfg2.0.pt
2026-08-16T15:18:29,cub,300,P2,2.0,none,cfg/mid,1,0.2273,0.0885,5994,5794,cub_train_t300_P2_cfg2.0.pt
2026-08-16T15:18:30,cub,300,P2,2.0,none,cfg/up_0,1,0.1805,0.0649,5994,5794,cub_train_t300_P2_cfg2.0.pt
2026-08-16T15:18:30,cub,300,P2,2.0,none,cfg/up_1,1,0.2049,0.0623,5994,5794,cub_train_t300_P2_cfg2.0.pt
2026-08-16T15:18:30,cub,300,P2,2.0,none,cfg/up_2,1,0.1291,0.0468,5994,5794,cub_train_t300_P2_cfg2.0.pt
2026-08-16T15:18:51,cub,300,P2,5.0,none,cond/down_2,1,0.2282,0.0732,5994,5794,cub_train_t300_P2_cfg5.0.pt
2026-08-16T15:18:51,cub,300,P2,5.0,none,cond/mid,1,0.2223,0.0865,5994,5794,cub_train_t300_P2_cfg5.0.pt
2026-08-16T15:18:52,cub,300,P2,5.0,none,cond/up_0,1,0.1752,0.0656,5994,5794,cub_train_t300_P2_cfg5.0.pt
2026-08-16T15:18:52,cub,300,P2,5.0,none,cond/up_1,1,0.2151,0.0671,5994,5794,cub_train_t300_P2_cfg5.0.pt
2026-08-16T15:18:53,cub,300,P2,5.0,none,cond/up_2,1,0.1298,0.0492,5994,5794,cub_train_t300_P2_cfg5.0.pt
2026-08-16T15:18:53,cub,300,P2,5.0,none,cfg/down_2,1,0.2777,0.0951,5994,5794,cub_train_t300_P2_cfg5.0.pt
2026-08-16T15:18:54,cub,300,P2,5.0,none,cfg/mid,1,0.2420,0.0949,5994,5794,cub_train_t300_P2_cfg5.0.pt
2026-08-16T15:18:54,cub,300,P2,5.0,none,cfg/up_0,1,0.1855,0.0627,5994,5794,cub_train_t300_P2_cfg5.0.pt
2026-08-16T15:18:55,cub,300,P2,5.0,none,cfg/up_1,1,0.2132,0.0673,5994,5794,cub_train_t300_P2_cfg5.0.pt
2026-08-16T15:18:55,cub,300,P2,5.0,none,cfg/up_2,1,0.1255,0.0447,5994,5794,cub_train_t300_P2_cfg5.0.pt
2026-08-16T15:19:16,cub,300,P2,5.0,/home/s4184343/lora/cub_r16/ckpt-5000,cond/down_2,1,0.2239,0.0775,5994,5794,cub_train_t300_P2_cfg5.0_lora.pt
2026-08-16T15:19:16,cub,300,P2,5.0,/home/s4184343/lora/cub_r16/ckpt-5000,cond/mid,1,0.2209,0.0870,5994,5794,cub_train_t300_P2_cfg5.0_lora.pt
2026-08-16T15:19:17,cub,300,P2,5.0,/home/s4184343/lora/cub_r16/ckpt-5000,cond/up_0,1,0.1757,0.0613,5994,5794,cub_train_t300_P2_cfg5.0_lora.pt
2026-08-16T15:19:17,cub,300,P2,5.0,/home/s4184343/lora/cub_r16/ckpt-5000,cond/up_1,1,0.2068,0.0656,5994,5794,cub_train_t300_P2_cfg5.0_lora.pt
2026-08-16T15:19:18,cub,300,P2,5.0,/home/s4184343/lora/cub_r16/ckpt-5000,cond/up_2,1,0.1353,0.0499,5994,5794,cub_train_t300_P2_cfg5.0_lora.pt
2026-08-16T15:19:18,cub,300,P2,5.0,/home/s4184343/lora/cub_r16/ckpt-5000,cfg/down_2,1,0.2780,0.0968,5994,5794,cub_train_t300_P2_cfg5.0_lora.pt
2026-08-16T15:19:19,cub,300,P2,5.0,/home/s4184343/lora/cub_r16/ckpt-5000,cfg/mid,1,0.2420,0.0986,5994,5794,cub_train_t300_P2_cfg5.0_lora.pt
2026-08-16T15:19:19,cub,300,P2,5.0,/home/s4184343/lora/cub_r16/ckpt-5000,cfg/up_0,1,0.1909,0.0616,5994,5794,cub_train_t300_P2_cfg5.0_lora.pt
2026-08-16T15:19:19,cub,300,P2,5.0,/home/s4184343/lora/cub_r16/ckpt-5000,cfg/up_1,1,0.2214,0.0704,5994,5794,cub_train_t300_P2_cfg5.0_lora.pt
2026-08-16T15:19:20,cub,300,P2,5.0,/home/s4184343/lora/cub_r16/ckpt-5000,cfg/up_2,1,0.1398,0.0495,5994,5794,cub_train_t300_P2_cfg5.0_lora.pt
2026-08-16T15:19:42,cub,300,P2,7.5,none,cond/down_2,1,0.2278,0.0747,5994,5794,cub_train_t300_P2_cfg7.5.pt
2026-08-16T15:19:42,cub,300,P2,7.5,none,cond/mid,1,0.2235,0.0858,5994,5794,cub_train_t300_P2_cfg7.5.pt
2026-08-16T15:19:43,cub,300,P2,7.5,none,cond/up_0,1,0.1769,0.0687,5994,5794,cub_train_t300_P2_cfg7.5.pt
2026-08-16T15:19:43,cub,300,P2,7.5,none,cond/up_1,1,0.2113,0.0652,5994,5794,cub_train_t300_P2_cfg7.5.pt
2026-08-16T15:19:44,cub,300,P2,7.5,none,cond/up_2,1,0.1296,0.0482,5994,5794,cub_train_t300_P2_cfg7.5.pt
2026-08-16T15:19:44,cub,300,P2,7.5,none,cfg/down_2,1,0.2786,0.0968,5994,5794,cub_train_t300_P2_cfg7.5.pt
2026-08-16T15:19:44,cub,300,P2,7.5,none,cfg/mid,1,0.2396,0.0965,5994,5794,cub_train_t300_P2_cfg7.5.pt
2026-08-16T15:19:45,cub,300,P2,7.5,none,cfg/up_0,1,0.1838,0.0656,5994,5794,cub_train_t300_P2_cfg7.5.pt
2026-08-16T15:19:45,cub,300,P2,7.5,none,cfg/up_1,1,0.2266,0.0721,5994,5794,cub_train_t300_P2_cfg7.5.pt
2026-08-16T15:19:46,cub,300,P2,7.5,none,cfg/up_2,1,0.1326,0.0457,5994,5794,cub_train_t300_P2_cfg7.5.pt
2026-08-16T15:19:58,cub,300,P2,off,none,down_2,1,0.2221,0.0739,5994,5794,cub_train_t300_P2_cfgoff.pt
2026-08-16T15:19:59,cub,300,P2,off,none,mid,1,0.2223,0.0868,5994,5794,cub_train_t300_P2_cfgoff.pt
2026-08-16T15:19:59,cub,300,P2,off,none,up_0,1,0.1774,0.0621,5994,5794,cub_train_t300_P2_cfgoff.pt
2026-08-16T15:20:00,cub,300,P2,off,none,up_1,1,0.2078,0.0625,5994,5794,cub_train_t300_P2_cfgoff.pt
2026-08-16T15:20:00,cub,300,P2,off,none,up_2,1,0.1305,0.0488,5994,5794,cub_train_t300_P2_cfgoff.pt
2026-08-16T15:20:20,cub,300,P3,0.0,none,cond/down_2,1,0.9182,0.2342,5994,5794,cub_train_t300_P3_cfg0.0.pt
2026-08-16T15:20:20,cub,300,P3,0.0,none,cond/mid,1,0.9449,0.2741,5994,5794,cub_train_t300_P3_cfg0.0.pt
2026-08-16T15:20:21,cub,300,P3,0.0,none,cond/up_0,1,0.6950,0.1060,5994,5794,cub_train_t300_P3_cfg0.0.pt
2026-08-16T15:20:21,cub,300,P3,0.0,none,cond/up_1,1,0.6947,0.1086,5994,5794,cub_train_t300_P3_cfg0.0.pt
2026-08-16T15:20:22,cub,300,P3,0.0,none,cond/up_2,1,0.2168,0.0538,5994,5794,cub_train_t300_P3_cfg0.0.pt
2026-08-16T15:20:22,cub,300,P3,0.0,none,cfg/down_2,1,0.2290,0.0784,5994,5794,cub_train_t300_P3_cfg0.0.pt
2026-08-16T15:20:23,cub,300,P3,0.0,none,cfg/mid,1,0.2254,0.0880,5994,5794,cub_train_t300_P3_cfg0.0.pt
2026-08-16T15:20:23,cub,300,P3,0.0,none,cfg/up_0,1,0.1835,0.0656,5994,5794,cub_train_t300_P3_cfg0.0.pt
2026-08-16T15:20:24,cub,300,P3,0.0,none,cfg/up_1,1,0.2092,0.0654,5994,5794,cub_train_t300_P3_cfg0.0.pt
2026-08-16T15:20:24,cub,300,P3,0.0,none,cfg/up_2,1,0.1355,0.0492,5994,5794,cub_train_t300_P3_cfg0.0.pt
2026-08-16T15:20:48,cub,300,P3,1.0,none,cond/down_2,1,0.9182,0.2342,5994,5794,cub_train_t300_P3_cfg1.0.pt
2026-08-16T15:20:48,cub,300,P3,1.0,none,cond/mid,1,0.9449,0.2741,5994,5794,cub_train_t300_P3_cfg1.0.pt
2026-08-16T15:20:49,cub,300,P3,1.0,none,cond/up_0,1,0.6950,0.1060,5994,5794,cub_train_t300_P3_cfg1.0.pt
2026-08-16T15:20:49,cub,300,P3,1.0,none,cond/up_1,1,0.6947,0.1086,5994,5794,cub_train_t300_P3_cfg1.0.pt
2026-08-16T15:20:50,cub,300,P3,1.0,none,cond/up_2,1,0.2168,0.0538,5994,5794,cub_train_t300_P3_cfg1.0.pt
2026-08-16T15:20:50,cub,300,P3,1.0,none,cfg/down_2,1,0.9182,0.2342,5994,5794,cub_train_t300_P3_cfg1.0.pt
2026-08-16T15:20:51,cub,300,P3,1.0,none,cfg/mid,1,0.9449,0.2741,5994,5794,cub_train_t300_P3_cfg1.0.pt
2026-08-16T15:20:51,cub,300,P3,1.0,none,cfg/up_0,1,0.6950,0.1060,5994,5794,cub_train_t300_P3_cfg1.0.pt
2026-08-16T15:20:52,cub,300,P3,1.0,none,cfg/up_1,1,0.6947,0.1086,5994,5794,cub_train_t300_P3_cfg1.0.pt
2026-08-16T15:20:52,cub,300,P3,1.0,none,cfg/up_2,1,0.2168,0.0538,5994,5794,cub_train_t300_P3_cfg1.0.pt
2026-08-16T15:21:15,cub,300,P3,2.0,none,cond/down_2,1,0.9189,0.2283,5994,5794,cub_train_t300_P3_cfg2.0.pt
2026-08-16T15:21:15,cub,300,P3,2.0,none,cond/mid,1,0.9456,0.2799,5994,5794,cub_train_t300_P3_cfg2.0.pt
2026-08-16T15:21:16,cub,300,P3,2.0,none,cond/up_0,1,0.6933,0.1094,5994,5794,cub_train_t300_P3_cfg2.0.pt
2026-08-16T15:21:16,cub,300,P3,2.0,none,cond/up_1,1,0.6945,0.1087,5994,5794,cub_train_t300_P3_cfg2.0.pt
2026-08-16T15:21:17,cub,300,P3,2.0,none,cond/up_2,1,0.2142,0.0537,5994,5794,cub_train_t300_P3_cfg2.0.pt
2026-08-16T15:21:17,cub,300,P3,2.0,none,cfg/down_2,1,0.9926,0.5865,5994,5794,cub_train_t300_P3_cfg2.0.pt
2026-08-16T15:21:18,cub,300,P3,2.0,none,cfg/mid,1,0.9941,0.6638,5994,5794,cub_train_t300_P3_cfg2.0.pt
2026-08-16T15:21:18,cub,300,P3,2.0,none,cfg/up_0,1,0.9192,0.2064,5994,5794,cub_train_t300_P3_cfg2.0.pt
2026-08-16T15:21:19,cub,300,P3,2.0,none,cfg/up_1,1,0.9054,0.2276,5994,5794,cub_train_t300_P3_cfg2.0.pt
2026-08-16T15:21:19,cub,300,P3,2.0,none,cfg/up_2,1,0.3851,0.0623,5994,5794,cub_train_t300_P3_cfg2.0.pt
2026-08-16T15:21:39,cub,300,P3,3.0,none,cond/down_2,1,0.9189,0.2283,5994,5794,cub_train_t300_P3_cfg3.0.pt
2026-08-16T15:21:39,cub,300,P3,3.0,none,cond/mid,1,0.9456,0.2799,5994,5794,cub_train_t300_P3_cfg3.0.pt
2026-08-16T15:21:40,cub,300,P3,3.0,none,cond/up_0,1,0.6933,0.1094,5994,5794,cub_train_t300_P3_cfg3.0.pt
2026-08-16T15:21:40,cub,300,P3,3.0,none,cond/up_1,1,0.6945,0.1087,5994,5794,cub_train_t300_P3_cfg3.0.pt
2026-08-16T15:21:41,cub,300,P3,3.0,none,cond/up_2,1,0.2142,0.0537,5994,5794,cub_train_t300_P3_cfg3.0.pt
2026-08-16T15:21:41,cub,300,P3,3.0,none,cfg/down_2,1,0.9964,0.7601,5994,5794,cub_train_t300_P3_cfg3.0.pt
2026-08-16T15:21:42,cub,300,P3,3.0,none,cfg/mid,1,0.9957,0.8158,5994,5794,cub_train_t300_P3_cfg3.0.pt
2026-08-16T15:21:42,cub,300,P3,3.0,none,cfg/up_0,1,0.9515,0.3105,5994,5794,cub_train_t300_P3_cfg3.0.pt
2026-08-16T15:21:43,cub,300,P3,3.0,none,cfg/up_1,1,0.9596,0.3894,5994,5794,cub_train_t300_P3_cfg3.0.pt
2026-08-16T15:21:43,cub,300,P3,3.0,none,cfg/up_2,1,0.5383,0.0782,5994,5794,cub_train_t300_P3_cfg3.0.pt
2026-08-16T15:22:05,cub,300,P3,5.0,none,cond/down_2,1,0.9189,0.2283,5994,5794,cub_train_t300_P3_cfg5.0.pt
2026-08-16T15:22:05,cub,300,P3,5.0,none,cond/mid,1,0.9456,0.2799,5994,5794,cub_train_t300_P3_cfg5.0.pt
2026-08-16T15:22:05,cub,300,P3,5.0,none,cond/up_0,1,0.6933,0.1094,5994,5794,cub_train_t300_P3_cfg5.0.pt
2026-08-16T15:22:06,cub,300,P3,5.0,none,cond/up_1,1,0.6945,0.1087,5994,5794,cub_train_t300_P3_cfg5.0.pt
2026-08-16T15:22:06,cub,300,P3,5.0,none,cond/up_2,1,0.2142,0.0537,5994,5794,cub_train_t300_P3_cfg5.0.pt
2026-08-16T15:22:07,cub,300,P3,5.0,none,cfg/down_2,1,0.9984,0.8619,5994,5794,cub_train_t300_P3_cfg5.0.pt
2026-08-16T15:22:07,cub,300,P3,5.0,none,cfg/mid,1,0.9964,0.8830,5994,5794,cub_train_t300_P3_cfg5.0.pt
2026-08-16T15:22:08,cub,300,P3,5.0,none,cfg/up_0,1,0.9629,0.4341,5994,5794,cub_train_t300_P3_cfg5.0.pt
2026-08-16T15:22:08,cub,300,P3,5.0,none,cfg/up_1,1,0.9796,0.6182,5994,5794,cub_train_t300_P3_cfg5.0.pt
2026-08-16T15:22:09,cub,300,P3,5.0,none,cfg/up_2,1,0.7092,0.1212,5994,5794,cub_train_t300_P3_cfg5.0.pt
2026-08-16T15:22:23,cub,300,P3,7.5,none,cond/down_2,1,0.9189,0.2283,5994,5794,cub_train_t300_P3_cfg7.5.pt
2026-08-16T15:22:23,cub,300,P3,7.5,none,cond/mid,1,0.9456,0.2799,5994,5794,cub_train_t300_P3_cfg7.5.pt
2026-08-16T15:22:24,cub,300,P3,7.5,none,cond/up_0,1,0.6933,0.1094,5994,5794,cub_train_t300_P3_cfg7.5.pt
2026-08-16T15:22:24,cub,300,P3,7.5,none,cond/up_1,1,0.6945,0.1087,5994,5794,cub_train_t300_P3_cfg7.5.pt
2026-08-16T15:22:25,cub,300,P3,7.5,none,cond/up_2,1,0.2142,0.0537,5994,5794,cub_train_t300_P3_cfg7.5.pt
2026-08-16T15:22:25,cub,300,P3,7.5,none,cfg/down_2,1,0.9988,0.8901,5994,5794,cub_train_t300_P3_cfg7.5.pt
2026-08-16T15:22:26,cub,300,P3,7.5,none,cfg/mid,1,0.9965,0.8939,5994,5794,cub_train_t300_P3_cfg7.5.pt
2026-08-16T15:22:26,cub,300,P3,7.5,none,cfg/up_0,1,0.9631,0.4800,5994,5794,cub_train_t300_P3_cfg7.5.pt
2026-08-16T15:22:27,cub,300,P3,7.5,none,cfg/up_1,1,0.9874,0.7601,5994,5794,cub_train_t300_P3_cfg7.5.pt
2026-08-16T15:22:27,cub,300,P3,7.5,none,cfg/up_2,1,0.7936,0.1833,5994,5794,cub_train_t300_P3_cfg7.5.pt
2026-08-16T15:22:40,cub,300,P3,off,none,down_2,1,0.9182,0.2342,5994,5794,cub_train_t300_P3_cfgoff.pt
2026-08-16T15:22:40,cub,300,P3,off,none,mid,1,0.9449,0.2741,5994,5794,cub_train_t300_P3_cfgoff.pt
2026-08-16T15:22:41,cub,300,P3,off,none,up_0,1,0.6950,0.1060,5994,5794,cub_train_t300_P3_cfgoff.pt
2026-08-16T15:22:41,cub,300,P3,off,none,up_1,1,0.6947,0.1086,5994,5794,cub_train_t300_P3_cfgoff.pt
2026-08-16T15:22:42,cub,300,P3,off,none,up_2,1,0.2168,0.0538,5994,5794,cub_train_t300_P3_cfgoff.pt
2026-08-16T15:22:56,cub,300,P3,off,/home/s4184343/lora/cub_r16/ckpt-5000,down_2,1,0.9021,0.2245,5994,5794,cub_train_t300_P3_cfgoff_lora.pt
2026-08-16T15:22:56,cub,300,P3,off,/home/s4184343/lora/cub_r16/ckpt-5000,mid,1,0.9356,0.2705,5994,5794,cub_train_t300_P3_cfgoff_lora.pt
2026-08-16T15:22:57,cub,300,P3,off,/home/s4184343/lora/cub_r16/ckpt-5000,up_0,1,0.6783,0.0989,5994,5794,cub_train_t300_P3_cfgoff_lora.pt
2026-08-16T15:22:57,cub,300,P3,off,/home/s4184343/lora/cub_r16/ckpt-5000,up_1,1,0.6885,0.1149,5994,5794,cub_train_t300_P3_cfgoff_lora.pt
2026-08-16T15:22:58,cub,300,P3,off,/home/s4184343/lora/cub_r16/ckpt-5000,up_2,1,0.2480,0.0559,5994,5794,cub_train_t300_P3_cfgoff_lora.pt
2026-08-16T15:23:10,cub,300,P4,off,none,down_2,1,0.9135,0.2185,5994,5794,cub_train_t300_P4_cfgoff.pt
2026-08-16T15:23:10,cub,300,P4,off,none,mid,1,0.9453,0.2774,5994,5794,cub_train_t300_P4_cfgoff.pt
2026-08-16T15:23:11,cub,300,P4,off,none,up_0,1,0.6892,0.1015,5994,5794,cub_train_t300_P4_cfgoff.pt
2026-08-16T15:23:11,cub,300,P4,off,none,up_1,1,0.6936,0.1075,5994,5794,cub_train_t300_P4_cfgoff.pt
2026-08-16T15:23:12,cub,300,P4,off,none,up_2,1,0.2135,0.0538,5994,5794,cub_train_t300_P4_cfgoff.pt
2026-08-16T15:23:26,cub,500,P0,off,none,down_2,1,0.1731,0.0654,5994,5794,cub_train_t500_P0_cfgoff.pt
2026-08-16T15:23:27,cub,500,P0,off,none,mid,1,0.1759,0.0701,5994,5794,cub_train_t500_P0_cfgoff.pt
2026-08-16T15:23:27,cub,500,P0,off,none,up_0,1,0.1326,0.0542,5994,5794,cub_train_t500_P0_cfgoff.pt
2026-08-16T15:23:28,cub,500,P0,off,none,up_1,1,0.1762,0.0642,5994,5794,cub_train_t500_P0_cfgoff.pt
2026-08-16T15:23:28,cub,500,P0,off,none,up_2,1,0.1149,0.0447,5994,5794,cub_train_t500_P0_cfgoff.pt
2026-08-16T15:23:42,cub,50,P0,off,none,down_2,1,0.2126,0.0737,5994,5794,cub_train_t50_P0_cfgoff.pt
2026-08-16T15:23:42,cub,50,P0,off,none,mid,1,0.2175,0.0851,5994,5794,cub_train_t50_P0_cfgoff.pt
2026-08-16T15:23:43,cub,50,P0,off,none,up_0,1,0.1659,0.0637,5994,5794,cub_train_t50_P0_cfgoff.pt
2026-08-16T15:23:43,cub,50,P0,off,none,up_1,1,0.1980,0.0645,5994,5794,cub_train_t50_P0_cfgoff.pt
2026-08-16T15:23:44,cub,50,P0,off,none,up_2,1,0.1260,0.0447,5994,5794,cub_train_t50_P0_cfgoff.pt
2026-08-16T15:23:44,pets,-,-,off,none,clip,1,0.9259,0.8247,3680,3669,pets_trainval_clip.pt
2026-08-16T15:23:46,pets,-,-,off,none,dinov2,1,0.9575,0.9389,3680,3669,pets_trainval_dinov2.pt
2026-08-16T15:23:50,pets,-,-,off,none,resnet50,1,0.9041,0.9062,3680,3669,pets_trainval_resnet50.pt
2026-08-16T15:23:58,pets,100,P0,off,none,down_2,1,0.5963,0.2919,3680,3669,pets_trainval_t100_P0_cfgoff.pt
2026-08-16T15:23:59,pets,100,P0,off,none,mid,1,0.5748,0.2175,3680,3669,pets_trainval_t100_P0_cfgoff.pt
2026-08-16T15:23:59,pets,100,P0,off,none,up_0,1,0.5007,0.1428,3680,3669,pets_trainval_t100_P0_cfgoff.pt
2026-08-16T15:23:59,pets,100,P0,off,none,up_1,1,0.6658,0.3159,3680,3669,pets_trainval_t100_P0_cfgoff.pt
2026-08-16T15:24:00,pets,100,P0,off,none,up_2,1,0.4334,0.1682,3680,3669,pets_trainval_t100_P0_cfgoff.pt
2026-08-16T15:24:08,pets,100,P1,off,none,down_2,1,0.5906,0.2927,3680,3669,pets_trainval_t100_P1_cfgoff.pt
2026-08-16T15:24:08,pets,100,P1,off,none,mid,1,0.5846,0.2131,3680,3669,pets_trainval_t100_P1_cfgoff.pt
2026-08-16T15:24:08,pets,100,P1,off,none,up_0,1,0.5059,0.1420,3680,3669,pets_trainval_t100_P1_cfgoff.pt
2026-08-16T15:24:09,pets,100,P1,off,none,up_1,1,0.6645,0.3140,3680,3669,pets_trainval_t100_P1_cfgoff.pt
2026-08-16T15:24:09,pets,100,P1,off,none,up_2,1,0.4345,0.1733,3680,3669,pets_trainval_t100_P1_cfgoff.pt
2026-08-16T15:24:19,pets,100,P2,off,none,down_2,1,0.5958,0.2933,3680,3669,pets_trainval_t100_P2_cfgoff.pt
2026-08-16T15:24:19,pets,100,P2,off,none,mid,1,0.5773,0.2066,3680,3669,pets_trainval_t100_P2_cfgoff.pt
2026-08-16T15:24:19,pets,100,P2,off,none,up_0,1,0.5029,0.1368,3680,3669,pets_trainval_t100_P2_cfgoff.pt
2026-08-16T15:24:20,pets,100,P2,off,none,up_1,1,0.6735,0.3137,3680,3669,pets_trainval_t100_P2_cfgoff.pt
2026-08-16T15:24:20,pets,100,P2,off,none,up_2,1,0.4364,0.1750,3680,3669,pets_trainval_t100_P2_cfgoff.pt
2026-08-16T15:24:28,pets,100,P3,off,none,down_2,1,0.9553,0.5271,3680,3669,pets_trainval_t100_P3_cfgoff.pt
2026-08-16T15:24:29,pets,100,P3,off,none,mid,1,0.9362,0.3598,3680,3669,pets_trainval_t100_P3_cfgoff.pt
2026-08-16T15:24:29,pets,100,P3,off,none,up_0,1,0.7773,0.1619,3680,3669,pets_trainval_t100_P3_cfgoff.pt
2026-08-16T15:24:29,pets,100,P3,off,none,up_1,1,0.8591,0.3996,3680,3669,pets_trainval_t100_P3_cfgoff.pt
2026-08-16T15:24:30,pets,100,P3,off,none,up_2,1,0.5173,0.1837,3680,3669,pets_trainval_t100_P3_cfgoff.pt
2026-08-16T15:24:35,pets,100,P4,off,none,down_2,1,0.9469,0.5121,3680,3669,pets_trainval_t100_P4_cfgoff.pt
2026-08-16T15:24:35,pets,100,P4,off,none,mid,1,0.9379,0.3655,3680,3669,pets_trainval_t100_P4_cfgoff.pt
2026-08-16T15:24:36,pets,100,P4,off,none,up_0,1,0.7746,0.1627,3680,3669,pets_trainval_t100_P4_cfgoff.pt
2026-08-16T15:24:36,pets,100,P4,off,none,up_1,1,0.8561,0.3949,3680,3669,pets_trainval_t100_P4_cfgoff.pt
2026-08-16T15:24:36,pets,100,P4,off,none,up_2,1,0.5146,0.1856,3680,3669,pets_trainval_t100_P4_cfgoff.pt
2026-08-16T15:24:40,pets,200,P0,off,none,down_2,1,0.5882,0.2908,3680,3669,pets_trainval_t200_P0_cfgoff.pt
2026-08-16T15:24:40,pets,200,P0,off,none,mid,1,0.5705,0.2194,3680,3669,pets_trainval_t200_P0_cfgoff.pt
2026-08-16T15:24:40,pets,200,P0,off,none,up_0,1,0.4922,0.1445,3680,3669,pets_trainval_t200_P0_cfgoff.pt
2026-08-16T15:24:41,pets,200,P0,off,none,up_1,1,0.6639,0.3241,3680,3669,pets_trainval_t200_P0_cfgoff.pt
2026-08-16T15:24:41,pets,200,P0,off,none,up_2,1,0.4497,0.1788,3680,3669,pets_trainval_t200_P0_cfgoff.pt
2026-08-16T15:24:51,pets,200,P0,off,/home/s4184343/lora/pets_r16/ckpt-5000,down_2,1,0.5735,0.2835,3680,3669,pets_trainval_t200_P0_cfgoff_lora.pt
2026-08-16T15:24:51,pets,200,P0,off,/home/s4184343/lora/pets_r16/ckpt-5000,mid,1,0.5702,0.2134,3680,3669,pets_trainval_t200_P0_cfgoff_lora.pt
2026-08-16T15:24:51,pets,200,P0,off,/home/s4184343/lora/pets_r16/ckpt-5000,up_0,1,0.4952,0.1494,3680,3669,pets_trainval_t200_P0_cfgoff_lora.pt
2026-08-16T15:24:52,pets,200,P0,off,/home/s4184343/lora/pets_r16/ckpt-5000,up_1,1,0.6721,0.3181,3680,3669,pets_trainval_t200_P0_cfgoff_lora.pt
2026-08-16T15:24:52,pets,200,P0,off,/home/s4184343/lora/pets_r16/ckpt-5000,up_2,1,0.4459,0.1758,3680,3669,pets_trainval_t200_P0_cfgoff_lora.pt
2026-08-16T15:25:00,pets,200,P1,off,none,down_2,1,0.5773,0.2938,3680,3669,pets_trainval_t200_P1_cfgoff.pt
2026-08-16T15:25:01,pets,200,P1,off,none,mid,1,0.5696,0.2137,3680,3669,pets_trainval_t200_P1_cfgoff.pt
2026-08-16T15:25:01,pets,200,P1,off,none,up_0,1,0.4985,0.1425,3680,3669,pets_trainval_t200_P1_cfgoff.pt
2026-08-16T15:25:01,pets,200,P1,off,none,up_1,1,0.6664,0.3219,3680,3669,pets_trainval_t200_P1_cfgoff.pt
2026-08-16T15:25:02,pets,200,P1,off,none,up_2,1,0.4445,0.1834,3680,3669,pets_trainval_t200_P1_cfgoff.pt
2026-08-16T15:25:17,pets,200,P2,10.0,none,cond/down_2,1,0.5849,0.2865,3680,3669,pets_trainval_t200_P2_cfg10.0.pt
2026-08-16T15:25:17,pets,200,P2,10.0,none,cond/mid,1,0.5705,0.2006,3680,3669,pets_trainval_t200_P2_cfg10.0.pt
2026-08-16T15:25:18,pets,200,P2,10.0,none,cond/up_0,1,0.4925,0.1341,3680,3669,pets_trainval_t200_P2_cfg10.0.pt
2026-08-16T15:25:18,pets,200,P2,10.0,none,cond/up_1,1,0.6759,0.3273,3680,3669,pets_trainval_t200_P2_cfg10.0.pt
2026-08-16T15:25:18,pets,200,P2,10.0,none,cond/up_2,1,0.4505,0.1823,3680,3669,pets_trainval_t200_P2_cfg10.0.pt
2026-08-16T15:25:19,pets,200,P2,10.0,none,cfg/down_2,1,0.5928,0.3617,3680,3669,pets_trainval_t200_P2_cfg10.0.pt
2026-08-16T15:25:19,pets,200,P2,10.0,none,cfg/mid,1,0.5446,0.2306,3680,3669,pets_trainval_t200_P2_cfg10.0.pt
2026-08-16T15:25:19,pets,200,P2,10.0,none,cfg/up_0,1,0.4791,0.1695,3680,3669,pets_trainval_t200_P2_cfg10.0.pt
2026-08-16T15:25:20,pets,200,P2,10.0,none,cfg/up_1,1,0.6746,0.4110,3680,3669,pets_trainval_t200_P2_cfg10.0.pt
2026-08-16T15:25:20,pets,200,P2,10.0,none,cfg/up_2,1,0.4941,0.1992,3680,3669,pets_trainval_t200_P2_cfg10.0.pt
2026-08-16T15:25:34,pets,200,P2,2.0,none,cond/down_2,1,0.5830,0.2892,3680,3669,pets_trainval_t200_P2_cfg2.0.pt
2026-08-16T15:25:34,pets,200,P2,2.0,none,cond/mid,1,0.5702,0.2058,3680,3669,pets_trainval_t200_P2_cfg2.0.pt
2026-08-16T15:25:35,pets,200,P2,2.0,none,cond/up_0,1,0.5050,0.1349,3680,3669,pets_trainval_t200_P2_cfg2.0.pt
2026-08-16T15:25:35,pets,200,P2,2.0,none,cond/up_1,1,0.6743,0.3339,3680,3669,pets_trainval_t200_P2_cfg2.0.pt
2026-08-16T15:25:35,pets,200,P2,2.0,none,cond/up_2,1,0.4454,0.1832,3680,3669,pets_trainval_t200_P2_cfg2.0.pt
2026-08-16T15:25:36,pets,200,P2,2.0,none,cfg/down_2,1,0.5833,0.2941,3680,3669,pets_trainval_t200_P2_cfg2.0.pt
2026-08-16T15:25:36,pets,200,P2,2.0,none,cfg/mid,1,0.5666,0.2069,3680,3669,pets_trainval_t200_P2_cfg2.0.pt
2026-08-16T15:25:36,pets,200,P2,2.0,none,cfg/up_0,1,0.5012,0.1316,3680,3669,pets_trainval_t200_P2_cfg2.0.pt
2026-08-16T15:25:37,pets,200,P2,2.0,none,cfg/up_1,1,0.6765,0.3388,3680,3669,pets_trainval_t200_P2_cfg2.0.pt
2026-08-16T15:25:37,pets,200,P2,2.0,none,cfg/up_2,1,0.4508,0.1859,3680,3669,pets_trainval_t200_P2_cfg2.0.pt
2026-08-16T15:25:53,pets,200,P2,5.0,none,cond/down_2,1,0.5830,0.2881,3680,3669,pets_trainval_t200_P2_cfg5.0.pt
2026-08-16T15:25:53,pets,200,P2,5.0,none,cond/mid,1,0.5696,0.2093,3680,3669,pets_trainval_t200_P2_cfg5.0.pt
2026-08-16T15:25:53,pets,200,P2,5.0,none,cond/up_0,1,0.5020,0.1322,3680,3669,pets_trainval_t200_P2_cfg5.0.pt
2026-08-16T15:25:54,pets,200,P2,5.0,none,cond/up_1,1,0.6759,0.3284,3680,3669,pets_trainval_t200_P2_cfg5.0.pt
2026-08-16T15:25:54,pets,200,P2,5.0,none,cond/up_2,1,0.4492,0.1823,3680,3669,pets_trainval_t200_P2_cfg5.0.pt
2026-08-16T15:25:54,pets,200,P2,5.0,none,cfg/down_2,1,0.5868,0.3238,3680,3669,pets_trainval_t200_P2_cfg5.0.pt
2026-08-16T15:25:55,pets,200,P2,5.0,none,cfg/mid,1,0.5478,0.2093,3680,3669,pets_trainval_t200_P2_cfg5.0.pt
2026-08-16T15:25:55,pets,200,P2,5.0,none,cfg/up_0,1,0.4726,0.1401,3680,3669,pets_trainval_t200_P2_cfg5.0.pt
2026-08-16T15:25:55,pets,200,P2,5.0,none,cfg/up_1,1,0.6738,0.3671,3680,3669,pets_trainval_t200_P2_cfg5.0.pt
2026-08-16T15:25:56,pets,200,P2,5.0,none,cfg/up_2,1,0.4680,0.1853,3680,3669,pets_trainval_t200_P2_cfg5.0.pt
2026-08-16T15:26:09,pets,200,P2,5.0,/home/s4184343/lora/pets_r16/ckpt-5000,cond/down_2,1,0.5729,0.2788,3680,3669,pets_trainval_t200_P2_cfg5.0_lora.pt
2026-08-16T15:26:10,pets,200,P2,5.0,/home/s4184343/lora/pets_r16/ckpt-5000,cond/mid,1,0.5740,0.2050,3680,3669,pets_trainval_t200_P2_cfg5.0_lora.pt
2026-08-16T15:26:10,pets,200,P2,5.0,/home/s4184343/lora/pets_r16/ckpt-5000,cond/up_0,1,0.5029,0.1319,3680,3669,pets_trainval_t200_P2_cfg5.0_lora.pt
2026-08-16T15:26:10,pets,200,P2,5.0,/home/s4184343/lora/pets_r16/ckpt-5000,cond/up_1,1,0.6768,0.3216,3680,3669,pets_trainval_t200_P2_cfg5.0_lora.pt
2026-08-16T15:26:11,pets,200,P2,5.0,/home/s4184343/lora/pets_r16/ckpt-5000,cond/up_2,1,0.4475,0.1788,3680,3669,pets_trainval_t200_P2_cfg5.0_lora.pt
2026-08-16T15:26:11,pets,200,P2,5.0,/home/s4184343/lora/pets_r16/ckpt-5000,cfg/down_2,1,0.5694,0.2963,3680,3669,pets_trainval_t200_P2_cfg5.0_lora.pt
2026-08-16T15:26:11,pets,200,P2,5.0,/home/s4184343/lora/pets_r16/ckpt-5000,cfg/mid,1,0.5487,0.2033,3680,3669,pets_trainval_t200_P2_cfg5.0_lora.pt
2026-08-16T15:26:12,pets,200,P2,5.0,/home/s4184343/lora/pets_r16/ckpt-5000,cfg/up_0,1,0.4759,0.1439,3680,3669,pets_trainval_t200_P2_cfg5.0_lora.pt
2026-08-16T15:26:12,pets,200,P2,5.0,/home/s4184343/lora/pets_r16/ckpt-5000,cfg/up_1,1,0.6664,0.3622,3680,3669,pets_trainval_t200_P2_cfg5.0_lora.pt
2026-08-16T15:26:12,pets,200,P2,5.0,/home/s4184343/lora/pets_r16/ckpt-5000,cfg/up_2,1,0.4707,0.1774,3680,3669,pets_trainval_t200_P2_cfg5.0_lora.pt
2026-08-16T15:26:28,pets,200,P2,7.5,none,cond/down_2,1,0.5830,0.2881,3680,3669,pets_trainval_t200_P2_cfg7.5.pt
2026-08-16T15:26:28,pets,200,P2,7.5,none,cond/mid,1,0.5696,0.2093,3680,3669,pets_trainval_t200_P2_cfg7.5.pt
2026-08-16T15:26:29,pets,200,P2,7.5,none,cond/up_0,1,0.5020,0.1322,3680,3669,pets_trainval_t200_P2_cfg7.5.pt
2026-08-16T15:26:29,pets,200,P2,7.5,none,cond/up_1,1,0.6759,0.3284,3680,3669,pets_trainval_t200_P2_cfg7.5.pt
2026-08-16T15:26:29,pets,200,P2,7.5,none,cond/up_2,1,0.4492,0.1823,3680,3669,pets_trainval_t200_P2_cfg7.5.pt
2026-08-16T15:26:29,pets,200,P2,7.5,none,cfg/down_2,1,0.5923,0.3513,3680,3669,pets_trainval_t200_P2_cfg7.5.pt
2026-08-16T15:26:30,pets,200,P2,7.5,none,cfg/mid,1,0.5454,0.2197,3680,3669,pets_trainval_t200_P2_cfg7.5.pt
2026-08-16T15:26:30,pets,200,P2,7.5,none,cfg/up_0,1,0.4721,0.1608,3680,3669,pets_trainval_t200_P2_cfg7.5.pt
2026-08-16T15:26:30,pets,200,P2,7.5,none,cfg/up_1,1,0.6746,0.3933,3680,3669,pets_trainval_t200_P2_cfg7.5.pt
2026-08-16T15:26:31,pets,200,P2,7.5,none,cfg/up_2,1,0.4811,0.1889,3680,3669,pets_trainval_t200_P2_cfg7.5.pt
2026-08-16T15:26:40,pets,200,P2,off,none,down_2,1,0.5830,0.2892,3680,3669,pets_trainval_t200_P2_cfgoff.pt
2026-08-16T15:26:40,pets,200,P2,off,none,mid,1,0.5702,0.2058,3680,3669,pets_trainval_t200_P2_cfgoff.pt
2026-08-16T15:26:41,pets,200,P2,off,none,up_0,1,0.5050,0.1349,3680,3669,pets_trainval_t200_P2_cfgoff.pt
2026-08-16T15:26:41,pets,200,P2,off,none,up_1,1,0.6743,0.3339,3680,3669,pets_trainval_t200_P2_cfgoff.pt
2026-08-16T15:26:41,pets,200,P2,off,none,up_2,1,0.4454,0.1832,3680,3669,pets_trainval_t200_P2_cfgoff.pt
2026-08-16T15:26:51,pets,200,P3,0.0,none,cond/down_2,1,0.9722,0.6141,3680,3669,pets_trainval_t200_P3_cfg0.0.pt
2026-08-16T15:26:51,pets,200,P3,0.0,none,cond/mid,1,0.9588,0.4189,3680,3669,pets_trainval_t200_P3_cfg0.0.pt
2026-08-16T15:26:52,pets,200,P3,0.0,none,cond/up_0,1,0.8234,0.1804,3680,3669,pets_trainval_t200_P3_cfg0.0.pt
2026-08-16T15:26:52,pets,200,P3,0.0,none,cond/up_1,1,0.8926,0.4334,3680,3669,pets_trainval_t200_P3_cfg0.0.pt
2026-08-16T15:26:52,pets,200,P3,0.0,none,cond/up_2,1,0.5582,0.2077,3680,3669,pets_trainval_t200_P3_cfg0.0.pt
2026-08-16T15:26:52,pets,200,P3,0.0,none,cfg/down_2,1,0.5781,0.2965,3680,3669,pets_trainval_t200_P3_cfg0.0.pt
2026-08-16T15:26:53,pets,200,P3,0.0,none,cfg/mid,1,0.5707,0.2150,3680,3669,pets_trainval_t200_P3_cfg0.0.pt
2026-08-16T15:26:53,pets,200,P3,0.0,none,cfg/up_0,1,0.4971,0.1477,3680,3669,pets_trainval_t200_P3_cfg0.0.pt
2026-08-16T15:26:54,pets,200,P3,0.0,none,cfg/up_1,1,0.6656,0.3282,3680,3669,pets_trainval_t200_P3_cfg0.0.pt
2026-08-16T15:26:54,pets,200,P3,0.0,none,cfg/up_2,1,0.4424,0.1832,3680,3669,pets_trainval_t200_P3_cfg0.0.pt
2026-08-16T15:27:10,pets,200,P3,1.0,none,cond/down_2,1,0.9722,0.6141,3680,3669,pets_trainval_t200_P3_cfg1.0.pt
2026-08-16T15:27:10,pets,200,P3,1.0,none,cond/mid,1,0.9588,0.4189,3680,3669,pets_trainval_t200_P3_cfg1.0.pt
2026-08-16T15:27:11,pets,200,P3,1.0,none,cond/up_0,1,0.8234,0.1804,3680,3669,pets_trainval_t200_P3_cfg1.0.pt
2026-08-16T15:27:11,pets,200,P3,1.0,none,cond/up_1,1,0.8926,0.4334,3680,3669,pets_trainval_t200_P3_cfg1.0.pt
2026-08-16T15:27:11,pets,200,P3,1.0,none,cond/up_2,1,0.5582,0.2077,3680,3669,pets_trainval_t200_P3_cfg1.0.pt
2026-08-16T15:27:12,pets,200,P3,1.0,none,cfg/down_2,1,0.9722,0.6141,3680,3669,pets_trainval_t200_P3_cfg1.0.pt
2026-08-16T15:27:12,pets,200,P3,1.0,none,cfg/mid,1,0.9588,0.4189,3680,3669,pets_trainval_t200_P3_cfg1.0.pt
2026-08-16T15:27:12,pets,200,P3,1.0,none,cfg/up_0,1,0.8234,0.1804,3680,3669,pets_trainval_t200_P3_cfg1.0.pt
2026-08-16T15:27:13,pets,200,P3,1.0,none,cfg/up_1,1,0.8926,0.4334,3680,3669,pets_trainval_t200_P3_cfg1.0.pt
2026-08-16T15:27:13,pets,200,P3,1.0,none,cfg/up_2,1,0.5582,0.2077,3680,3669,pets_trainval_t200_P3_cfg1.0.pt
2026-08-16T15:27:29,pets,200,P3,2.0,none,cond/down_2,1,0.9719,0.6228,3680,3669,pets_trainval_t200_P3_cfg2.0.pt
2026-08-16T15:27:29,pets,200,P3,2.0,none,cond/mid,1,0.9605,0.4238,3680,3669,pets_trainval_t200_P3_cfg2.0.pt
2026-08-16T15:27:30,pets,200,P3,2.0,none,cond/up_0,1,0.8245,0.1766,3680,3669,pets_trainval_t200_P3_cfg2.0.pt
2026-08-16T15:27:30,pets,200,P3,2.0,none,cond/up_1,1,0.8896,0.4374,3680,3669,pets_trainval_t200_P3_cfg2.0.pt
2026-08-16T15:27:30,pets,200,P3,2.0,none,cond/up_2,1,0.5615,0.2066,3680,3669,pets_trainval_t200_P3_cfg2.0.pt
2026-08-16T15:27:31,pets,200,P3,2.0,none,cfg/down_2,1,0.9981,0.8760,3680,3669,pets_trainval_t200_P3_cfg2.0.pt
2026-08-16T15:27:31,pets,200,P3,2.0,none,cfg/mid,1,0.9967,0.7479,3680,3669,pets_trainval_t200_P3_cfg2.0.pt
2026-08-16T15:27:31,pets,200,P3,2.0,none,cfg/up_0,1,0.9575,0.2881,3680,3669,pets_trainval_t200_P3_cfg2.0.pt
2026-08-16T15:27:32,pets,200,P3,2.0,none,cfg/up_1,1,0.9662,0.5988,3680,3669,pets_trainval_t200_P3_cfg2.0.pt
2026-08-16T15:27:32,pets,200,P3,2.0,none,cfg/up_2,1,0.6844,0.2505,3680,3669,pets_trainval_t200_P3_cfg2.0.pt
2026-08-16T15:27:49,pets,200,P3,3.0,none,cond/down_2,1,0.9719,0.6228,3680,3669,pets_trainval_t200_P3_cfg3.0.pt
2026-08-16T15:27:50,pets,200,P3,3.0,none,cond/mid,1,0.9605,0.4238,3680,3669,pets_trainval_t200_P3_cfg3.0.pt
2026-08-16T15:27:50,pets,200,P3,3.0,none,cond/up_0,1,0.8245,0.1766,3680,3669,pets_trainval_t200_P3_cfg3.0.pt
2026-08-16T15:27:50,pets,200,P3,3.0,none,cond/up_1,1,0.8896,0.4374,3680,3669,pets_trainval_t200_P3_cfg3.0.pt
2026-08-16T15:27:51,pets,200,P3,3.0,none,cond/up_2,1,0.5615,0.2066,3680,3669,pets_trainval_t200_P3_cfg3.0.pt
2026-08-16T15:27:51,pets,200,P3,3.0,none,cfg/down_2,1,0.9992,0.9488,3680,3669,pets_trainval_t200_P3_cfg3.0.pt
2026-08-16T15:27:51,pets,200,P3,3.0,none,cfg/mid,1,0.9992,0.9095,3680,3669,pets_trainval_t200_P3_cfg3.0.pt
2026-08-16T15:27:52,pets,200,P3,3.0,none,cfg/up_0,1,0.9834,0.4437,3680,3669,pets_trainval_t200_P3_cfg3.0.pt
2026-08-16T15:27:52,pets,200,P3,3.0,none,cfg/up_1,1,0.9872,0.7364,3680,3669,pets_trainval_t200_P3_cfg3.0.pt
2026-08-16T15:27:52,pets,200,P3,3.0,none,cfg/up_2,1,0.7792,0.2919,3680,3669,pets_trainval_t200_P3_cfg3.0.pt
2026-08-16T15:28:07,pets,200,P3,5.0,none,cond/down_2,1,0.9719,0.6228,3680,3669,pets_trainval_t200_P3_cfg5.0.pt
2026-08-16T15:28:08,pets,200,P3,5.0,none,cond/mid,1,0.9605,0.4238,3680,3669,pets_trainval_t200_P3_cfg5.0.pt
2026-08-16T15:28:08,pets,200,P3,5.0,none,cond/up_0,1,0.8245,0.1766,3680,3669,pets_trainval_t200_P3_cfg5.0.pt
2026-08-16T15:28:08,pets,200,P3,5.0,none,cond/up_1,1,0.8896,0.4374,3680,3669,pets_trainval_t200_P3_cfg5.0.pt
2026-08-16T15:28:09,pets,200,P3,5.0,none,cond/up_2,1,0.5615,0.2066,3680,3669,pets_trainval_t200_P3_cfg5.0.pt
2026-08-16T15:28:09,pets,200,P3,5.0,none,cfg/down_2,1,0.9992,0.9869,3680,3669,pets_trainval_t200_P3_cfg5.0.pt
2026-08-16T15:28:09,pets,200,P3,5.0,none,cfg/mid,1,0.9997,0.9738,3680,3669,pets_trainval_t200_P3_cfg5.0.pt
2026-08-16T15:28:10,pets,200,P3,5.0,none,cfg/up_0,1,0.9943,0.6936,3680,3669,pets_trainval_t200_P3_cfg5.0.pt
2026-08-16T15:28:10,pets,200,P3,5.0,none,cfg/up_1,1,0.9959,0.8842,3680,3669,pets_trainval_t200_P3_cfg5.0.pt
2026-08-16T15:28:10,pets,200,P3,5.0,none,cfg/up_2,1,0.8763,0.4047,3680,3669,pets_trainval_t200_P3_cfg5.0.pt
2026-08-16T15:28:27,pets,200,P3,7.5,none,cond/down_2,1,0.9719,0.6228,3680,3669,pets_trainval_t200_P3_cfg7.5.pt
2026-08-16T15:28:27,pets,200,P3,7.5,none,cond/mid,1,0.9605,0.4238,3680,3669,pets_trainval_t200_P3_cfg7.5.pt
2026-08-16T15:28:27,pets,200,P3,7.5,none,cond/up_0,1,0.8245,0.1766,3680,3669,pets_trainval_t200_P3_cfg7.5.pt
2026-08-16T15:28:28,pets,200,P3,7.5,none,cond/up_1,1,0.8896,0.4374,3680,3669,pets_trainval_t200_P3_cfg7.5.pt
2026-08-16T15:28:28,pets,200,P3,7.5,none,cond/up_2,1,0.5615,0.2066,3680,3669,pets_trainval_t200_P3_cfg7.5.pt
2026-08-16T15:28:28,pets,200,P3,7.5,none,cfg/down_2,1,0.9995,0.9951,3680,3669,pets_trainval_t200_P3_cfg7.5.pt
2026-08-16T15:28:29,pets,200,P3,7.5,none,cfg/mid,1,0.9997,0.9864,3680,3669,pets_trainval_t200_P3_cfg7.5.pt
2026-08-16T15:28:29,pets,200,P3,7.5,none,cfg/up_0,1,0.9956,0.8215,3680,3669,pets_trainval_t200_P3_cfg7.5.pt
2026-08-16T15:28:29,pets,200,P3,7.5,none,cfg/up_1,1,0.9973,0.9403,3680,3669,pets_trainval_t200_P3_cfg7.5.pt
2026-08-16T15:28:30,pets,200,P3,7.5,none,cfg/up_2,1,0.9207,0.5421,3680,3669,pets_trainval_t200_P3_cfg7.5.pt
2026-08-16T15:28:37,pets,200,P3,off,none,down_2,1,0.9722,0.6141,3680,3669,pets_trainval_t200_P3_cfgoff.pt
2026-08-16T15:28:37,pets,200,P3,off,none,mid,1,0.9588,0.4189,3680,3669,pets_trainval_t200_P3_cfgoff.pt
2026-08-16T15:28:38,pets,200,P3,off,none,up_0,1,0.8234,0.1804,3680,3669,pets_trainval_t200_P3_cfgoff.pt
2026-08-16T15:28:38,pets,200,P3,off,none,up_1,1,0.8926,0.4334,3680,3669,pets_trainval_t200_P3_cfgoff.pt
2026-08-16T15:28:38,pets,200,P3,off,none,up_2,1,0.5582,0.2077,3680,3669,pets_trainval_t200_P3_cfgoff.pt
2026-08-16T15:28:47,pets,200,P3,off,/home/s4184343/lora/pets_r16/ckpt-5000,down_2,1,0.9624,0.6176,3680,3669,pets_trainval_t200_P3_cfgoff_lora.pt
2026-08-16T15:28:47,pets,200,P3,off,/home/s4184343/lora/pets_r16/ckpt-5000,mid,1,0.9539,0.4336,3680,3669,pets_trainval_t200_P3_cfgoff_lora.pt
2026-08-16T15:28:47,pets,200,P3,off,/home/s4184343/lora/pets_r16/ckpt-5000,up_0,1,0.8288,0.1881,3680,3669,pets_trainval_t200_P3_cfgoff_lora.pt
2026-08-16T15:28:48,pets,200,P3,off,/home/s4184343/lora/pets_r16/ckpt-5000,up_1,1,0.9032,0.4781,3680,3669,pets_trainval_t200_P3_cfgoff_lora.pt
2026-08-16T15:28:48,pets,200,P3,off,/home/s4184343/lora/pets_r16/ckpt-5000,up_2,1,0.6089,0.2249,3680,3669,pets_trainval_t200_P3_cfgoff_lora.pt
2026-08-16T15:28:57,pets,200,P4,off,none,down_2,1,0.9643,0.5914,3680,3669,pets_trainval_t200_P4_cfgoff.pt
2026-08-16T15:28:57,pets,200,P4,off,none,mid,1,0.9618,0.4276,3680,3669,pets_trainval_t200_P4_cfgoff.pt
2026-08-16T15:28:58,pets,200,P4,off,none,up_0,1,0.8185,0.1780,3680,3669,pets_trainval_t200_P4_cfgoff.pt
2026-08-16T15:28:58,pets,200,P4,off,none,up_1,1,0.8893,0.4293,3680,3669,pets_trainval_t200_P4_cfgoff.pt
2026-08-16T15:28:58,pets,200,P4,off,none,up_2,1,0.5538,0.2090,3680,3669,pets_trainval_t200_P4_cfgoff.pt
2026-08-16T15:29:01,pets,300,P0,off,none,down_2,1,0.5519,0.2742,3680,3669,pets_trainval_t300_P0_cfgoff.pt
2026-08-16T15:29:01,pets,300,P0,off,none,mid,1,0.5516,0.2137,3680,3669,pets_trainval_t300_P0_cfgoff.pt
2026-08-16T15:29:02,pets,300,P0,off,none,up_0,1,0.4772,0.1472,3680,3669,pets_trainval_t300_P0_cfgoff.pt
2026-08-16T15:29:02,pets,300,P0,off,none,up_1,1,0.6558,0.3164,3680,3669,pets_trainval_t300_P0_cfgoff.pt
2026-08-16T15:29:02,pets,300,P0,off,none,up_2,1,0.4451,0.1810,3680,3669,pets_trainval_t300_P0_cfgoff.pt
2026-08-16T15:29:05,pets,500,P0,off,none,down_2,1,0.3982,0.2041,3680,3669,pets_trainval_t500_P0_cfgoff.pt
2026-08-16T15:29:06,pets,500,P0,off,none,mid,1,0.4009,0.1772,3680,3669,pets_trainval_t500_P0_cfgoff.pt
2026-08-16T15:29:06,pets,500,P0,off,none,up_0,1,0.3385,0.1085,3680,3669,pets_trainval_t500_P0_cfgoff.pt
2026-08-16T15:29:06,pets,500,P0,off,none,up_1,1,0.5108,0.2464,3680,3669,pets_trainval_t500_P0_cfgoff.pt
2026-08-16T15:29:07,pets,500,P0,off,none,up_2,1,0.3729,0.1578,3680,3669,pets_trainval_t500_P0_cfgoff.pt
2026-08-16T15:29:15,pets,50,P0,off,none,down_2,1,0.5999,0.2854,3680,3669,pets_trainval_t50_P0_cfgoff.pt
2026-08-16T15:29:15,pets,50,P0,off,none,mid,1,0.5735,0.2071,3680,3669,pets_trainval_t50_P0_cfgoff.pt
2026-08-16T15:29:16,pets,50,P0,off,none,up_0,1,0.5018,0.1360,3680,3669,pets_trainval_t50_P0_cfgoff.pt
2026-08-16T15:29:16,pets,50,P0,off,none,up_1,1,0.6631,0.3031,3680,3669,pets_trainval_t50_P0_cfgoff.pt
2026-08-16T15:29:16,pets,50,P0,off,none,up_2,1,0.4271,0.1671,3680,3669,pets_trainval_t50_P0_cfgoff.pt
2026-08-16T15:29:32,cub,-,-,off,none,clip,2,0.8012,0.6997,5994,5794,cub_train_clip.pt
2026-08-16T15:29:33,cub,-,-,off,none,dinov2,2,0.8954,0.8652,5994,5794,cub_train_dinov2.pt
2026-08-16T15:29:33,cub,-,-,off,none,resnet50,2,0.6065,0.5102,5994,5794,cub_train_resnet50.pt
2026-08-16T15:29:34,cub,100,P0,off,none,down_2,2,0.2178,0.0721,5994,5794,cub_train_t100_P0_cfgoff.pt
2026-08-16T15:29:34,cub,100,P0,off,none,mid,2,0.2245,0.0851,5994,5794,cub_train_t100_P0_cfgoff.pt
2026-08-16T15:29:35,cub,100,P0,off,none,up_0,2,0.1771,0.0656,5994,5794,cub_train_t100_P0_cfgoff.pt
2026-08-16T15:29:35,cub,100,P0,off,none,up_1,2,0.2014,0.0651,5994,5794,cub_train_t100_P0_cfgoff.pt
2026-08-16T15:29:36,cub,100,P0,off,none,up_2,2,0.1277,0.0480,5994,5794,cub_train_t100_P0_cfgoff.pt
2026-08-16T15:29:36,cub,200,P0,off,none,down_2,2,0.2333,0.0792,5994,5794,cub_train_t200_P0_cfgoff.pt
2026-08-16T15:29:37,cub,200,P0,off,none,mid,2,0.2290,0.0882,5994,5794,cub_train_t200_P0_cfgoff.pt
2026-08-16T15:29:37,cub,200,P0,off,none,up_0,2,0.1748,0.0701,5994,5794,cub_train_t200_P0_cfgoff.pt
2026-08-16T15:29:38,cub,200,P0,off,none,up_1,2,0.2147,0.0670,5994,5794,cub_train_t200_P0_cfgoff.pt
2026-08-16T15:29:38,cub,200,P0,off,none,up_2,2,0.1300,0.0502,5994,5794,cub_train_t200_P0_cfgoff.pt
2026-08-16T15:29:39,cub,200,P1,off,none,down_2,2,0.2266,0.0759,5994,5794,cub_train_t200_P1_cfgoff.pt
2026-08-16T15:29:39,cub,200,P1,off,none,mid,2,0.2244,0.0904,5994,5794,cub_train_t200_P1_cfgoff.pt
2026-08-16T15:29:40,cub,200,P1,off,none,up_0,2,0.1762,0.0651,5994,5794,cub_train_t200_P1_cfgoff.pt
2026-08-16T15:29:40,cub,200,P1,off,none,up_1,2,0.2145,0.0677,5994,5794,cub_train_t200_P1_cfgoff.pt
2026-08-16T15:29:41,cub,200,P1,off,none,up_2,2,0.1344,0.0476,5994,5794,cub_train_t200_P1_cfgoff.pt
2026-08-16T15:29:41,cub,200,P2,off,none,down_2,2,0.2173,0.0770,5994,5794,cub_train_t200_P2_cfgoff.pt
2026-08-16T15:29:42,cub,200,P2,off,none,mid,2,0.2216,0.0872,5994,5794,cub_train_t200_P2_cfgoff.pt
2026-08-16T15:29:42,cub,200,P2,off,none,up_0,2,0.1726,0.0635,5994,5794,cub_train_t200_P2_cfgoff.pt
2026-08-16T15:29:43,cub,200,P2,off,none,up_1,2,0.2078,0.0685,5994,5794,cub_train_t200_P2_cfgoff.pt
2026-08-16T15:29:43,cub,200,P2,off,none,up_2,2,0.1334,0.0487,5994,5794,cub_train_t200_P2_cfgoff.pt
2026-08-16T15:29:43,cub,200,P3,off,none,down_2,2,0.8642,0.1790,5994,5794,cub_train_t200_P3_cfgoff.pt
2026-08-16T15:29:44,cub,200,P3,off,none,mid,2,0.9144,0.2308,5994,5794,cub_train_t200_P3_cfgoff.pt
2026-08-16T15:29:44,cub,200,P3,off,none,up_0,2,0.6074,0.0973,5994,5794,cub_train_t200_P3_cfgoff.pt
2026-08-16T15:29:45,cub,200,P3,off,none,up_1,2,0.6122,0.0922,5994,5794,cub_train_t200_P3_cfgoff.pt
2026-08-16T15:29:45,cub,200,P3,off,none,up_2,2,0.1874,0.0504,5994,5794,cub_train_t200_P3_cfgoff.pt
2026-08-16T15:29:46,cub,200,P4,off,none,down_2,2,0.8557,0.1705,5994,5794,cub_train_t200_P4_cfgoff.pt
2026-08-16T15:29:46,cub,200,P4,off,none,mid,2,0.9135,0.2406,5994,5794,cub_train_t200_P4_cfgoff.pt
2026-08-16T15:29:47,cub,200,P4,off,none,up_0,2,0.6187,0.0958,5994,5794,cub_train_t200_P4_cfgoff.pt
2026-08-16T15:29:47,cub,200,P4,off,none,up_1,2,0.6111,0.0958,5994,5794,cub_train_t200_P4_cfgoff.pt
2026-08-16T15:29:48,cub,200,P4,off,none,up_2,2,0.1812,0.0523,5994,5794,cub_train_t200_P4_cfgoff.pt
2026-08-16T15:29:48,cub,300,P0,off,none,down_2,2,0.2306,0.0777,5994,5794,cub_train_t300_P0_cfgoff.pt
2026-08-16T15:29:49,cub,300,P0,off,none,mid,2,0.2285,0.0847,5994,5794,cub_train_t300_P0_cfgoff.pt
2026-08-16T15:29:49,cub,300,P0,off,none,up_0,2,0.1776,0.0673,5994,5794,cub_train_t300_P0_cfgoff.pt
2026-08-16T15:29:50,cub,300,P0,off,none,up_1,2,0.2180,0.0670,5994,5794,cub_train_t300_P0_cfgoff.pt
2026-08-16T15:29:50,cub,300,P0,off,none,up_2,2,0.1334,0.0506,5994,5794,cub_train_t300_P0_cfgoff.pt
2026-08-16T15:29:51,cub,300,P0,off,/home/s4184343/lora/cub_r16/ckpt-5000,down_2,2,0.2258,0.0803,5994,5794,cub_train_t300_P0_cfgoff_lora.pt
2026-08-16T15:29:51,cub,300,P0,off,/home/s4184343/lora/cub_r16/ckpt-5000,mid,2,0.2292,0.0884,5994,5794,cub_train_t300_P0_cfgoff_lora.pt
2026-08-16T15:29:52,cub,300,P0,off,/home/s4184343/lora/cub_r16/ckpt-5000,up_0,2,0.1819,0.0614,5994,5794,cub_train_t300_P0_cfgoff_lora.pt
2026-08-16T15:29:52,cub,300,P0,off,/home/s4184343/lora/cub_r16/ckpt-5000,up_1,2,0.2132,0.0694,5994,5794,cub_train_t300_P0_cfgoff_lora.pt
2026-08-16T15:29:53,cub,300,P0,off,/home/s4184343/lora/cub_r16/ckpt-5000,up_2,2,0.1327,0.0514,5994,5794,cub_train_t300_P0_cfgoff_lora.pt
2026-08-16T15:29:53,cub,300,P1,off,none,down_2,2,0.2213,0.0787,5994,5794,cub_train_t300_P1_cfgoff.pt
2026-08-16T15:29:54,cub,300,P1,off,none,mid,2,0.2244,0.0877,5994,5794,cub_train_t300_P1_cfgoff.pt
2026-08-16T15:29:54,cub,300,P1,off,none,up_0,2,0.1766,0.0632,5994,5794,cub_train_t300_P1_cfgoff.pt
2026-08-16T15:29:55,cub,300,P1,off,none,up_1,2,0.2090,0.0644,5994,5794,cub_train_t300_P1_cfgoff.pt
2026-08-16T15:29:55,cub,300,P1,off,none,up_2,2,0.1310,0.0490,5994,5794,cub_train_t300_P1_cfgoff.pt
2026-08-16T15:29:56,cub,300,P2,10.0,none,cond/down_2,2,0.2216,0.0737,5994,5794,cub_train_t300_P2_cfg10.0.pt
2026-08-16T15:29:56,cub,300,P2,10.0,none,cond/mid,2,0.2280,0.0841,5994,5794,cub_train_t300_P2_cfg10.0.pt
2026-08-16T15:29:57,cub,300,P2,10.0,none,cond/up_0,2,0.1769,0.0628,5994,5794,cub_train_t300_P2_cfg10.0.pt
2026-08-16T15:29:57,cub,300,P2,10.0,none,cond/up_1,2,0.2169,0.0668,5994,5794,cub_train_t300_P2_cfg10.0.pt
2026-08-16T15:29:58,cub,300,P2,10.0,none,cond/up_2,2,0.1326,0.0523,5994,5794,cub_train_t300_P2_cfg10.0.pt
2026-08-16T15:29:58,cub,300,P2,10.0,none,cfg/down_2,2,0.2832,0.0965,5994,5794,cub_train_t300_P2_cfg10.0.pt
2026-08-16T15:29:59,cub,300,P2,10.0,none,cfg/mid,2,0.2402,0.0951,5994,5794,cub_train_t300_P2_cfg10.0.pt
2026-08-16T15:29:59,cub,300,P2,10.0,none,cfg/up_0,2,0.1895,0.0680,5994,5794,cub_train_t300_P2_cfg10.0.pt
2026-08-16T15:30:00,cub,300,P2,10.0,none,cfg/up_1,2,0.2323,0.0799,5994,5794,cub_train_t300_P2_cfg10.0.pt
2026-08-16T15:30:00,cub,300,P2,10.0,none,cfg/up_2,2,0.1346,0.0444,5994,5794,cub_train_t300_P2_cfg10.0.pt
2026-08-16T15:30:01,cub,300,P2,2.0,none,cond/down_2,2,0.2190,0.0739,5994,5794,cub_train_t300_P2_cfg2.0.pt
2026-08-16T15:30:01,cub,300,P2,2.0,none,cond/mid,2,0.2216,0.0868,5994,5794,cub_train_t300_P2_cfg2.0.pt
2026-08-16T15:30:02,cub,300,P2,2.0,none,cond/up_0,2,0.1797,0.0621,5994,5794,cub_train_t300_P2_cfg2.0.pt
2026-08-16T15:30:02,cub,300,P2,2.0,none,cond/up_1,2,0.2061,0.0625,5994,5794,cub_train_t300_P2_cfg2.0.pt
2026-08-16T15:30:03,cub,300,P2,2.0,none,cond/up_2,2,0.1307,0.0488,5994,5794,cub_train_t300_P2_cfg2.0.pt
2026-08-16T15:30:03,cub,300,P2,2.0,none,cfg/down_2,2,0.2354,0.0796,5994,5794,cub_train_t300_P2_cfg2.0.pt
2026-08-16T15:30:04,cub,300,P2,2.0,none,cfg/mid,2,0.2271,0.0885,5994,5794,cub_train_t300_P2_cfg2.0.pt
2026-08-16T15:30:04,cub,300,P2,2.0,none,cfg/up_0,2,0.1807,0.0649,5994,5794,cub_train_t300_P2_cfg2.0.pt
2026-08-16T15:30:05,cub,300,P2,2.0,none,cfg/up_1,2,0.2064,0.0623,5994,5794,cub_train_t300_P2_cfg2.0.pt
2026-08-16T15:30:05,cub,300,P2,2.0,none,cfg/up_2,2,0.1305,0.0468,5994,5794,cub_train_t300_P2_cfg2.0.pt
2026-08-16T15:30:06,cub,300,P2,5.0,none,cond/down_2,2,0.2254,0.0732,5994,5794,cub_train_t300_P2_cfg5.0.pt
2026-08-16T15:30:06,cub,300,P2,5.0,none,cond/mid,2,0.2213,0.0865,5994,5794,cub_train_t300_P2_cfg5.0.pt
2026-08-16T15:30:07,cub,300,P2,5.0,none,cond/up_0,2,0.1752,0.0656,5994,5794,cub_train_t300_P2_cfg5.0.pt
2026-08-16T15:30:07,cub,300,P2,5.0,none,cond/up_1,2,0.2126,0.0671,5994,5794,cub_train_t300_P2_cfg5.0.pt
2026-08-16T15:30:08,cub,300,P2,5.0,none,cond/up_2,2,0.1307,0.0492,5994,5794,cub_train_t300_P2_cfg5.0.pt
2026-08-16T15:30:08,cub,300,P2,5.0,none,cfg/down_2,2,0.2774,0.0951,5994,5794,cub_train_t300_P2_cfg5.0.pt
2026-08-16T15:30:09,cub,300,P2,5.0,none,cfg/mid,2,0.2411,0.0949,5994,5794,cub_train_t300_P2_cfg5.0.pt
2026-08-16T15:30:09,cub,300,P2,5.0,none,cfg/up_0,2,0.1871,0.0627,5994,5794,cub_train_t300_P2_cfg5.0.pt
2026-08-16T15:30:10,cub,300,P2,5.0,none,cfg/up_1,2,0.2142,0.0673,5994,5794,cub_train_t300_P2_cfg5.0.pt
2026-08-16T15:30:10,cub,300,P2,5.0,none,cfg/up_2,2,0.1260,0.0447,5994,5794,cub_train_t300_P2_cfg5.0.pt
2026-08-16T15:30:11,cub,300,P2,5.0,/home/s4184343/lora/cub_r16/ckpt-5000,cond/down_2,2,0.2195,0.0775,5994,5794,cub_train_t300_P2_cfg5.0_lora.pt
2026-08-16T15:30:11,cub,300,P2,5.0,/home/s4184343/lora/cub_r16/ckpt-5000,cond/mid,2,0.2194,0.0870,5994,5794,cub_train_t300_P2_cfg5.0_lora.pt
2026-08-16T15:30:12,cub,300,P2,5.0,/home/s4184343/lora/cub_r16/ckpt-5000,cond/up_0,2,0.1773,0.0613,5994,5794,cub_train_t300_P2_cfg5.0_lora.pt
2026-08-16T15:30:12,cub,300,P2,5.0,/home/s4184343/lora/cub_r16/ckpt-5000,cond/up_1,2,0.2087,0.0656,5994,5794,cub_train_t300_P2_cfg5.0_lora.pt
2026-08-16T15:30:13,cub,300,P2,5.0,/home/s4184343/lora/cub_r16/ckpt-5000,cond/up_2,2,0.1358,0.0499,5994,5794,cub_train_t300_P2_cfg5.0_lora.pt
2026-08-16T15:30:13,cub,300,P2,5.0,/home/s4184343/lora/cub_r16/ckpt-5000,cfg/down_2,2,0.2758,0.0968,5994,5794,cub_train_t300_P2_cfg5.0_lora.pt
2026-08-16T15:30:14,cub,300,P2,5.0,/home/s4184343/lora/cub_r16/ckpt-5000,cfg/mid,2,0.2385,0.0986,5994,5794,cub_train_t300_P2_cfg5.0_lora.pt
2026-08-16T15:30:14,cub,300,P2,5.0,/home/s4184343/lora/cub_r16/ckpt-5000,cfg/up_0,2,0.1899,0.0616,5994,5794,cub_train_t300_P2_cfg5.0_lora.pt
2026-08-16T15:30:15,cub,300,P2,5.0,/home/s4184343/lora/cub_r16/ckpt-5000,cfg/up_1,2,0.2218,0.0704,5994,5794,cub_train_t300_P2_cfg5.0_lora.pt
2026-08-16T15:30:15,cub,300,P2,5.0,/home/s4184343/lora/cub_r16/ckpt-5000,cfg/up_2,2,0.1405,0.0495,5994,5794,cub_train_t300_P2_cfg5.0_lora.pt
2026-08-16T15:30:16,cub,300,P2,7.5,none,cond/down_2,2,0.2270,0.0747,5994,5794,cub_train_t300_P2_cfg7.5.pt
2026-08-16T15:30:16,cub,300,P2,7.5,none,cond/mid,2,0.2225,0.0858,5994,5794,cub_train_t300_P2_cfg7.5.pt
2026-08-16T15:30:16,cub,300,P2,7.5,none,cond/up_0,2,0.1790,0.0687,5994,5794,cub_train_t300_P2_cfg7.5.pt
2026-08-16T15:30:17,cub,300,P2,7.5,none,cond/up_1,2,0.2125,0.0652,5994,5794,cub_train_t300_P2_cfg7.5.pt
2026-08-16T15:30:17,cub,300,P2,7.5,none,cond/up_2,2,0.1305,0.0482,5994,5794,cub_train_t300_P2_cfg7.5.pt
2026-08-16T15:30:18,cub,300,P2,7.5,none,cfg/down_2,2,0.2780,0.0968,5994,5794,cub_train_t300_P2_cfg7.5.pt
2026-08-16T15:30:18,cub,300,P2,7.5,none,cfg/mid,2,0.2382,0.0965,5994,5794,cub_train_t300_P2_cfg7.5.pt
2026-08-16T15:30:19,cub,300,P2,7.5,none,cfg/up_0,2,0.1883,0.0656,5994,5794,cub_train_t300_P2_cfg7.5.pt
2026-08-16T15:30:19,cub,300,P2,7.5,none,cfg/up_1,2,0.2247,0.0721,5994,5794,cub_train_t300_P2_cfg7.5.pt
2026-08-16T15:30:20,cub,300,P2,7.5,none,cfg/up_2,2,0.1317,0.0457,5994,5794,cub_train_t300_P2_cfg7.5.pt
2026-08-16T15:30:20,cub,300,P2,off,none,down_2,2,0.2190,0.0739,5994,5794,cub_train_t300_P2_cfgoff.pt
2026-08-16T15:30:21,cub,300,P2,off,none,mid,2,0.2216,0.0868,5994,5794,cub_train_t300_P2_cfgoff.pt
2026-08-16T15:30:21,cub,300,P2,off,none,up_0,2,0.1797,0.0621,5994,5794,cub_train_t300_P2_cfgoff.pt
2026-08-16T15:30:22,cub,300,P2,off,none,up_1,2,0.2061,0.0625,5994,5794,cub_train_t300_P2_cfgoff.pt
2026-08-16T15:30:22,cub,300,P2,off,none,up_2,2,0.1307,0.0488,5994,5794,cub_train_t300_P2_cfgoff.pt
2026-08-16T15:30:23,cub,300,P3,0.0,none,cond/down_2,2,0.9211,0.2342,5994,5794,cub_train_t300_P3_cfg0.0.pt
2026-08-16T15:30:23,cub,300,P3,0.0,none,cond/mid,2,0.9462,0.2741,5994,5794,cub_train_t300_P3_cfg0.0.pt
2026-08-16T15:30:24,cub,300,P3,0.0,none,cond/up_0,2,0.6912,0.1060,5994,5794,cub_train_t300_P3_cfg0.0.pt
2026-08-16T15:30:24,cub,300,P3,0.0,none,cond/up_1,2,0.6911,0.1086,5994,5794,cub_train_t300_P3_cfg0.0.pt
2026-08-16T15:30:25,cub,300,P3,0.0,none,cond/up_2,2,0.2159,0.0538,5994,5794,cub_train_t300_P3_cfg0.0.pt
2026-08-16T15:30:25,cub,300,P3,0.0,none,cfg/down_2,2,0.2280,0.0784,5994,5794,cub_train_t300_P3_cfg0.0.pt
2026-08-16T15:30:26,cub,300,P3,0.0,none,cfg/mid,2,0.2280,0.0880,5994,5794,cub_train_t300_P3_cfg0.0.pt
2026-08-16T15:30:26,cub,300,P3,0.0,none,cfg/up_0,2,0.1847,0.0656,5994,5794,cub_train_t300_P3_cfg0.0.pt
2026-08-16T15:30:26,cub,300,P3,0.0,none,cfg/up_1,2,0.2080,0.0654,5994,5794,cub_train_t300_P3_cfg0.0.pt
2026-08-16T15:30:27,cub,300,P3,0.0,none,cfg/up_2,2,0.1336,0.0492,5994,5794,cub_train_t300_P3_cfg0.0.pt
2026-08-16T15:30:27,cub,300,P3,1.0,none,cond/down_2,2,0.9211,0.2342,5994,5794,cub_train_t300_P3_cfg1.0.pt
2026-08-16T15:30:28,cub,300,P3,1.0,none,cond/mid,2,0.9462,0.2741,5994,5794,cub_train_t300_P3_cfg1.0.pt
2026-08-16T15:30:28,cub,300,P3,1.0,none,cond/up_0,2,0.6912,0.1060,5994,5794,cub_train_t300_P3_cfg1.0.pt
2026-08-16T15:30:29,cub,300,P3,1.0,none,cond/up_1,2,0.6911,0.1086,5994,5794,cub_train_t300_P3_cfg1.0.pt
2026-08-16T15:30:29,cub,300,P3,1.0,none,cond/up_2,2,0.2159,0.0538,5994,5794,cub_train_t300_P3_cfg1.0.pt
2026-08-16T15:30:30,cub,300,P3,1.0,none,cfg/down_2,2,0.9211,0.2342,5994,5794,cub_train_t300_P3_cfg1.0.pt
2026-08-16T15:30:30,cub,300,P3,1.0,none,cfg/mid,2,0.9462,0.2741,5994,5794,cub_train_t300_P3_cfg1.0.pt
2026-08-16T15:30:31,cub,300,P3,1.0,none,cfg/up_0,2,0.6912,0.1060,5994,5794,cub_train_t300_P3_cfg1.0.pt
2026-08-16T15:30:31,cub,300,P3,1.0,none,cfg/up_1,2,0.6911,0.1086,5994,5794,cub_train_t300_P3_cfg1.0.pt
2026-08-16T15:30:32,cub,300,P3,1.0,none,cfg/up_2,2,0.2159,0.0538,5994,5794,cub_train_t300_P3_cfg1.0.pt
2026-08-16T15:30:32,cub,300,P3,2.0,none,cond/down_2,2,0.9208,0.2283,5994,5794,cub_train_t300_P3_cfg2.0.pt
2026-08-16T15:30:33,cub,300,P3,2.0,none,cond/mid,2,0.9468,0.2799,5994,5794,cub_train_t300_P3_cfg2.0.pt
2026-08-16T15:30:33,cub,300,P3,2.0,none,cond/up_0,2,0.6926,0.1094,5994,5794,cub_train_t300_P3_cfg2.0.pt
2026-08-16T15:30:34,cub,300,P3,2.0,none,cond/up_1,2,0.6940,0.1087,5994,5794,cub_train_t300_P3_cfg2.0.pt
2026-08-16T15:30:34,cub,300,P3,2.0,none,cond/up_2,2,0.2154,0.0537,5994,5794,cub_train_t300_P3_cfg2.0.pt
2026-08-16T15:30:35,cub,300,P3,2.0,none,cfg/down_2,2,0.9928,0.5865,5994,5794,cub_train_t300_P3_cfg2.0.pt
2026-08-16T15:30:35,cub,300,P3,2.0,none,cfg/mid,2,0.9941,0.6638,5994,5794,cub_train_t300_P3_cfg2.0.pt
2026-08-16T15:30:36,cub,300,P3,2.0,none,cfg/up_0,2,0.9239,0.2064,5994,5794,cub_train_t300_P3_cfg2.0.pt
2026-08-16T15:30:36,cub,300,P3,2.0,none,cfg/up_1,2,0.9071,0.2276,5994,5794,cub_train_t300_P3_cfg2.0.pt
2026-08-16T15:30:37,cub,300,P3,2.0,none,cfg/up_2,2,0.3813,0.0623,5994,5794,cub_train_t300_P3_cfg2.0.pt
2026-08-16T15:30:37,cub,300,P3,3.0,none,cond/down_2,2,0.9208,0.2283,5994,5794,cub_train_t300_P3_cfg3.0.pt
2026-08-16T15:30:38,cub,300,P3,3.0,none,cond/mid,2,0.9468,0.2799,5994,5794,cub_train_t300_P3_cfg3.0.pt
2026-08-16T15:30:38,cub,300,P3,3.0,none,cond/up_0,2,0.6926,0.1094,5994,5794,cub_train_t300_P3_cfg3.0.pt
2026-08-16T15:30:39,cub,300,P3,3.0,none,cond/up_1,2,0.6940,0.1087,5994,5794,cub_train_t300_P3_cfg3.0.pt
2026-08-16T15:30:39,cub,300,P3,3.0,none,cond/up_2,2,0.2154,0.0537,5994,5794,cub_train_t300_P3_cfg3.0.pt
2026-08-16T15:30:40,cub,300,P3,3.0,none,cfg/down_2,2,0.9972,0.7601,5994,5794,cub_train_t300_P3_cfg3.0.pt
2026-08-16T15:30:40,cub,300,P3,3.0,none,cfg/mid,2,0.9959,0.8158,5994,5794,cub_train_t300_P3_cfg3.0.pt
2026-08-16T15:30:41,cub,300,P3,3.0,none,cfg/up_0,2,0.9548,0.3105,5994,5794,cub_train_t300_P3_cfg3.0.pt
2026-08-16T15:30:41,cub,300,P3,3.0,none,cfg/up_1,2,0.9596,0.3894,5994,5794,cub_train_t300_P3_cfg3.0.pt
2026-08-16T15:30:42,cub,300,P3,3.0,none,cfg/up_2,2,0.5411,0.0782,5994,5794,cub_train_t300_P3_cfg3.0.pt
2026-08-16T15:30:42,cub,300,P3,5.0,none,cond/down_2,2,0.9208,0.2283,5994,5794,cub_train_t300_P3_cfg5.0.pt
2026-08-16T15:30:43,cub,300,P3,5.0,none,cond/mid,2,0.9468,0.2799,5994,5794,cub_train_t300_P3_cfg5.0.pt
2026-08-16T15:30:43,cub,300,P3,5.0,none,cond/up_0,2,0.6926,0.1094,5994,5794,cub_train_t300_P3_cfg5.0.pt
2026-08-16T15:30:44,cub,300,P3,5.0,none,cond/up_1,2,0.6940,0.1087,5994,5794,cub_train_t300_P3_cfg5.0.pt
2026-08-16T15:30:44,cub,300,P3,5.0,none,cond/up_2,2,0.2154,0.0537,5994,5794,cub_train_t300_P3_cfg5.0.pt
2026-08-16T15:30:44,cub,300,P3,5.0,none,cfg/down_2,2,0.9988,0.8619,5994,5794,cub_train_t300_P3_cfg5.0.pt
2026-08-16T15:30:45,cub,300,P3,5.0,none,cfg/mid,2,0.9974,0.8830,5994,5794,cub_train_t300_P3_cfg5.0.pt
2026-08-16T15:30:45,cub,300,P3,5.0,none,cfg/up_0,2,0.9648,0.4341,5994,5794,cub_train_t300_P3_cfg5.0.pt
2026-08-16T15:30:46,cub,300,P3,5.0,none,cfg/up_1,2,0.9812,0.6182,5994,5794,cub_train_t300_P3_cfg5.0.pt
2026-08-16T15:30:46,cub,300,P3,5.0,none,cfg/up_2,2,0.7088,0.1212,5994,5794,cub_train_t300_P3_cfg5.0.pt
2026-08-16T15:30:47,cub,300,P3,7.5,none,cond/down_2,2,0.9208,0.2283,5994,5794,cub_train_t300_P3_cfg7.5.pt
2026-08-16T15:30:47,cub,300,P3,7.5,none,cond/mid,2,0.9468,0.2799,5994,5794,cub_train_t300_P3_cfg7.5.pt
2026-08-16T15:30:48,cub,300,P3,7.5,none,cond/up_0,2,0.6926,0.1094,5994,5794,cub_train_t300_P3_cfg7.5.pt
2026-08-16T15:30:48,cub,300,P3,7.5,none,cond/up_1,2,0.6940,0.1087,5994,5794,cub_train_t300_P3_cfg7.5.pt
2026-08-16T15:30:49,cub,300,P3,7.5,none,cond/up_2,2,0.2154,0.0537,5994,5794,cub_train_t300_P3_cfg7.5.pt
2026-08-16T15:30:49,cub,300,P3,7.5,none,cfg/down_2,2,0.9991,0.8901,5994,5794,cub_train_t300_P3_cfg7.5.pt
2026-08-16T15:30:50,cub,300,P3,7.5,none,cfg/mid,2,0.9978,0.8939,5994,5794,cub_train_t300_P3_cfg7.5.pt
2026-08-16T15:30:50,cub,300,P3,7.5,none,cfg/up_0,2,0.9665,0.4800,5994,5794,cub_train_t300_P3_cfg7.5.pt
2026-08-16T15:30:51,cub,300,P3,7.5,none,cfg/up_1,2,0.9867,0.7601,5994,5794,cub_train_t300_P3_cfg7.5.pt
2026-08-16T15:30:51,cub,300,P3,7.5,none,cfg/up_2,2,0.7912,0.1833,5994,5794,cub_train_t300_P3_cfg7.5.pt
2026-08-16T15:30:52,cub,300,P3,off,none,down_2,2,0.9211,0.2342,5994,5794,cub_train_t300_P3_cfgoff.pt
2026-08-16T15:30:52,cub,300,P3,off,none,mid,2,0.9462,0.2741,5994,5794,cub_train_t300_P3_cfgoff.pt
2026-08-16T15:30:53,cub,300,P3,off,none,up_0,2,0.6912,0.1060,5994,5794,cub_train_t300_P3_cfgoff.pt
2026-08-16T15:30:53,cub,300,P3,off,none,up_1,2,0.6911,0.1086,5994,5794,cub_train_t300_P3_cfgoff.pt
2026-08-16T15:30:54,cub,300,P3,off,none,up_2,2,0.2159,0.0538,5994,5794,cub_train_t300_P3_cfgoff.pt
2026-08-16T15:30:54,cub,300,P3,off,/home/s4184343/lora/cub_r16/ckpt-5000,down_2,2,0.9035,0.2245,5994,5794,cub_train_t300_P3_cfgoff_lora.pt
2026-08-16T15:30:55,cub,300,P3,off,/home/s4184343/lora/cub_r16/ckpt-5000,mid,2,0.9353,0.2705,5994,5794,cub_train_t300_P3_cfgoff_lora.pt
2026-08-16T15:30:55,cub,300,P3,off,/home/s4184343/lora/cub_r16/ckpt-5000,up_0,2,0.6798,0.0989,5994,5794,cub_train_t300_P3_cfgoff_lora.pt
2026-08-16T15:30:56,cub,300,P3,off,/home/s4184343/lora/cub_r16/ckpt-5000,up_1,2,0.6904,0.1149,5994,5794,cub_train_t300_P3_cfgoff_lora.pt
2026-08-16T15:30:56,cub,300,P3,off,/home/s4184343/lora/cub_r16/ckpt-5000,up_2,2,0.2513,0.0559,5994,5794,cub_train_t300_P3_cfgoff_lora.pt
2026-08-16T15:30:57,cub,300,P4,off,none,down_2,2,0.9125,0.2185,5994,5794,cub_train_t300_P4_cfgoff.pt
2026-08-16T15:30:57,cub,300,P4,off,none,mid,2,0.9448,0.2774,5994,5794,cub_train_t300_P4_cfgoff.pt
2026-08-16T15:30:58,cub,300,P4,off,none,up_0,2,0.6900,0.1015,5994,5794,cub_train_t300_P4_cfgoff.pt
2026-08-16T15:30:58,cub,300,P4,off,none,up_1,2,0.6919,0.1075,5994,5794,cub_train_t300_P4_cfgoff.pt
2026-08-16T15:30:59,cub,300,P4,off,none,up_2,2,0.2178,0.0538,5994,5794,cub_train_t300_P4_cfgoff.pt
2026-08-16T15:30:59,cub,500,P0,off,none,down_2,2,0.1792,0.0654,5994,5794,cub_train_t500_P0_cfgoff.pt
2026-08-16T15:31:00,cub,500,P0,off,none,mid,2,0.1735,0.0701,5994,5794,cub_train_t500_P0_cfgoff.pt
2026-08-16T15:31:00,cub,500,P0,off,none,up_0,2,0.1319,0.0542,5994,5794,cub_train_t500_P0_cfgoff.pt
2026-08-16T15:31:01,cub,500,P0,off,none,up_1,2,0.1745,0.0642,5994,5794,cub_train_t500_P0_cfgoff.pt
2026-08-16T15:31:01,cub,500,P0,off,none,up_2,2,0.1144,0.0447,5994,5794,cub_train_t500_P0_cfgoff.pt
2026-08-16T15:31:02,cub,50,P0,off,none,down_2,2,0.2142,0.0737,5994,5794,cub_train_t50_P0_cfgoff.pt
2026-08-16T15:31:02,cub,50,P0,off,none,mid,2,0.2176,0.0851,5994,5794,cub_train_t50_P0_cfgoff.pt
2026-08-16T15:31:02,cub,50,P0,off,none,up_0,2,0.1648,0.0637,5994,5794,cub_train_t50_P0_cfgoff.pt
2026-08-16T15:31:03,cub,50,P0,off,none,up_1,2,0.1950,0.0645,5994,5794,cub_train_t50_P0_cfgoff.pt
2026-08-16T15:31:04,cub,50,P0,off,none,up_2,2,0.1250,0.0447,5994,5794,cub_train_t50_P0_cfgoff.pt
2026-08-16T15:31:04,pets,-,-,off,none,clip,2,0.9264,0.8247,3680,3669,pets_trainval_clip.pt
2026-08-16T15:31:04,pets,-,-,off,none,dinov2,2,0.9567,0.9389,3680,3669,pets_trainval_dinov2.pt
2026-08-16T15:31:04,pets,-,-,off,none,resnet50,2,0.9054,0.9062,3680,3669,pets_trainval_resnet50.pt
2026-08-16T15:31:05,pets,100,P0,off,none,down_2,2,0.5985,0.2919,3680,3669,pets_trainval_t100_P0_cfgoff.pt
2026-08-16T15:31:05,pets,100,P0,off,none,mid,2,0.5735,0.2175,3680,3669,pets_trainval_t100_P0_cfgoff.pt
2026-08-16T15:31:05,pets,100,P0,off,none,up_0,2,0.4977,0.1428,3680,3669,pets_trainval_t100_P0_cfgoff.pt
2026-08-16T15:31:06,pets,100,P0,off,none,up_1,2,0.6702,0.3159,3680,3669,pets_trainval_t100_P0_cfgoff.pt
2026-08-16T15:31:06,pets,100,P0,off,none,up_2,2,0.4361,0.1682,3680,3669,pets_trainval_t100_P0_cfgoff.pt
2026-08-16T15:31:06,pets,100,P1,off,none,down_2,2,0.5944,0.2927,3680,3669,pets_trainval_t100_P1_cfgoff.pt
2026-08-16T15:31:07,pets,100,P1,off,none,mid,2,0.5808,0.2131,3680,3669,pets_trainval_t100_P1_cfgoff.pt
2026-08-16T15:31:07,pets,100,P1,off,none,up_0,2,0.5029,0.1420,3680,3669,pets_trainval_t100_P1_cfgoff.pt
2026-08-16T15:31:07,pets,100,P1,off,none,up_1,2,0.6713,0.3140,3680,3669,pets_trainval_t100_P1_cfgoff.pt
2026-08-16T15:31:08,pets,100,P1,off,none,up_2,2,0.4355,0.1733,3680,3669,pets_trainval_t100_P1_cfgoff.pt
2026-08-16T15:31:08,pets,100,P2,off,none,down_2,2,0.5955,0.2933,3680,3669,pets_trainval_t100_P2_cfgoff.pt
2026-08-16T15:31:09,pets,100,P2,off,none,mid,2,0.5759,0.2066,3680,3669,pets_trainval_t100_P2_cfgoff.pt
2026-08-16T15:31:09,pets,100,P2,off,none,up_0,2,0.4985,0.1368,3680,3669,pets_trainval_t100_P2_cfgoff.pt
2026-08-16T15:31:09,pets,100,P2,off,none,up_1,2,0.6757,0.3137,3680,3669,pets_trainval_t100_P2_cfgoff.pt
2026-08-16T15:31:10,pets,100,P2,off,none,up_2,2,0.4369,0.1750,3680,3669,pets_trainval_t100_P2_cfgoff.pt
2026-08-16T15:31:10,pets,100,P3,off,none,down_2,2,0.9477,0.5271,3680,3669,pets_trainval_t100_P3_cfgoff.pt
2026-08-16T15:31:10,pets,100,P3,off,none,mid,2,0.9376,0.3598,3680,3669,pets_trainval_t100_P3_cfgoff.pt
2026-08-16T15:31:11,pets,100,P3,off,none,up_0,2,0.7806,0.1619,3680,3669,pets_trainval_t100_P3_cfgoff.pt
2026-08-16T15:31:11,pets,100,P3,off,none,up_1,2,0.8618,0.3996,3680,3669,pets_trainval_t100_P3_cfgoff.pt
2026-08-16T15:31:11,pets,100,P3,off,none,up_2,2,0.5124,0.1837,3680,3669,pets_trainval_t100_P3_cfgoff.pt
2026-08-16T15:31:12,pets,100,P4,off,none,down_2,2,0.9439,0.5121,3680,3669,pets_trainval_t100_P4_cfgoff.pt
2026-08-16T15:31:12,pets,100,P4,off,none,mid,2,0.9357,0.3655,3680,3669,pets_trainval_t100_P4_cfgoff.pt
2026-08-16T15:31:12,pets,100,P4,off,none,up_0,2,0.7765,0.1627,3680,3669,pets_trainval_t100_P4_cfgoff.pt
2026-08-16T15:31:13,pets,100,P4,off,none,up_1,2,0.8558,0.3949,3680,3669,pets_trainval_t100_P4_cfgoff.pt
2026-08-16T15:31:13,pets,100,P4,off,none,up_2,2,0.5127,0.1856,3680,3669,pets_trainval_t100_P4_cfgoff.pt
2026-08-16T15:31:13,pets,200,P0,off,none,down_2,2,0.5874,0.2908,3680,3669,pets_trainval_t200_P0_cfgoff.pt
2026-08-16T15:31:14,pets,200,P0,off,none,mid,2,0.5680,0.2194,3680,3669,pets_trainval_t200_P0_cfgoff.pt
2026-08-16T15:31:14,pets,200,P0,off,none,up_0,2,0.4868,0.1445,3680,3669,pets_trainval_t200_P0_cfgoff.pt
2026-08-16T15:31:14,pets,200,P0,off,none,up_1,2,0.6683,0.3241,3680,3669,pets_trainval_t200_P0_cfgoff.pt
2026-08-16T15:31:15,pets,200,P0,off,none,up_2,2,0.4421,0.1788,3680,3669,pets_trainval_t200_P0_cfgoff.pt
2026-08-16T15:31:15,pets,200,P0,off,/home/s4184343/lora/pets_r16/ckpt-5000,down_2,2,0.5713,0.2835,3680,3669,pets_trainval_t200_P0_cfgoff_lora.pt
2026-08-16T15:31:15,pets,200,P0,off,/home/s4184343/lora/pets_r16/ckpt-5000,mid,2,0.5688,0.2134,3680,3669,pets_trainval_t200_P0_cfgoff_lora.pt
2026-08-16T15:31:16,pets,200,P0,off,/home/s4184343/lora/pets_r16/ckpt-5000,up_0,2,0.4985,0.1494,3680,3669,pets_trainval_t200_P0_cfgoff_lora.pt
2026-08-16T15:31:16,pets,200,P0,off,/home/s4184343/lora/pets_r16/ckpt-5000,up_1,2,0.6765,0.3181,3680,3669,pets_trainval_t200_P0_cfgoff_lora.pt
2026-08-16T15:31:16,pets,200,P0,off,/home/s4184343/lora/pets_r16/ckpt-5000,up_2,2,0.4429,0.1758,3680,3669,pets_trainval_t200_P0_cfgoff_lora.pt
2026-08-16T15:31:17,pets,200,P1,off,none,down_2,2,0.5778,0.2938,3680,3669,pets_trainval_t200_P1_cfgoff.pt
2026-08-16T15:31:17,pets,200,P1,off,none,mid,2,0.5713,0.2137,3680,3669,pets_trainval_t200_P1_cfgoff.pt
2026-08-16T15:31:17,pets,200,P1,off,none,up_0,2,0.4980,0.1425,3680,3669,pets_trainval_t200_P1_cfgoff.pt
2026-08-16T15:31:18,pets,200,P1,off,none,up_1,2,0.6645,0.3219,3680,3669,pets_trainval_t200_P1_cfgoff.pt
2026-08-16T15:31:18,pets,200,P1,off,none,up_2,2,0.4424,0.1834,3680,3669,pets_trainval_t200_P1_cfgoff.pt
2026-08-16T15:31:18,pets,200,P2,10.0,none,cond/down_2,2,0.5803,0.2865,3680,3669,pets_trainval_t200_P2_cfg10.0.pt
2026-08-16T15:31:19,pets,200,P2,10.0,none,cond/mid,2,0.5647,0.2006,3680,3669,pets_trainval_t200_P2_cfg10.0.pt
2026-08-16T15:31:19,pets,200,P2,10.0,none,cond/up_0,2,0.4911,0.1341,3680,3669,pets_trainval_t200_P2_cfg10.0.pt
2026-08-16T15:31:20,pets,200,P2,10.0,none,cond/up_1,2,0.6751,0.3273,3680,3669,pets_trainval_t200_P2_cfg10.0.pt
2026-08-16T15:31:20,pets,200,P2,10.0,none,cond/up_2,2,0.4554,0.1823,3680,3669,pets_trainval_t200_P2_cfg10.0.pt
2026-08-16T15:31:20,pets,200,P2,10.0,none,cfg/down_2,2,0.5955,0.3617,3680,3669,pets_trainval_t200_P2_cfg10.0.pt
2026-08-16T15:31:21,pets,200,P2,10.0,none,cfg/mid,2,0.5388,0.2306,3680,3669,pets_trainval_t200_P2_cfg10.0.pt
2026-08-16T15:31:21,pets,200,P2,10.0,none,cfg/up_0,2,0.4762,0.1695,3680,3669,pets_trainval_t200_P2_cfg10.0.pt
2026-08-16T15:31:21,pets,200,P2,10.0,none,cfg/up_1,2,0.6787,0.4110,3680,3669,pets_trainval_t200_P2_cfg10.0.pt
2026-08-16T15:31:22,pets,200,P2,10.0,none,cfg/up_2,2,0.4947,0.1992,3680,3669,pets_trainval_t200_P2_cfg10.0.pt
2026-08-16T15:31:22,pets,200,P2,2.0,none,cond/down_2,2,0.5816,0.2892,3680,3669,pets_trainval_t200_P2_cfg2.0.pt
2026-08-16T15:31:22,pets,200,P2,2.0,none,cond/mid,2,0.5737,0.2058,3680,3669,pets_trainval_t200_P2_cfg2.0.pt
2026-08-16T15:31:23,pets,200,P2,2.0,none,cond/up_0,2,0.5037,0.1349,3680,3669,pets_trainval_t200_P2_cfg2.0.pt
2026-08-16T15:31:23,pets,200,P2,2.0,none,cond/up_1,2,0.6743,0.3339,3680,3669,pets_trainval_t200_P2_cfg2.0.pt
2026-08-16T15:31:23,pets,200,P2,2.0,none,cond/up_2,2,0.4462,0.1832,3680,3669,pets_trainval_t200_P2_cfg2.0.pt
2026-08-16T15:31:23,pets,200,P2,2.0,none,cfg/down_2,2,0.5808,0.2941,3680,3669,pets_trainval_t200_P2_cfg2.0.pt
2026-08-16T15:31:24,pets,200,P2,2.0,none,cfg/mid,2,0.5647,0.2069,3680,3669,pets_trainval_t200_P2_cfg2.0.pt
2026-08-16T15:31:24,pets,200,P2,2.0,none,cfg/up_0,2,0.5045,0.1316,3680,3669,pets_trainval_t200_P2_cfg2.0.pt
2026-08-16T15:31:25,pets,200,P2,2.0,none,cfg/up_1,2,0.6817,0.3388,3680,3669,pets_trainval_t200_P2_cfg2.0.pt
2026-08-16T15:31:25,pets,200,P2,2.0,none,cfg/up_2,2,0.4524,0.1859,3680,3669,pets_trainval_t200_P2_cfg2.0.pt
2026-08-16T15:31:25,pets,200,P2,5.0,none,cond/down_2,2,0.5874,0.2881,3680,3669,pets_trainval_t200_P2_cfg5.0.pt
2026-08-16T15:31:26,pets,200,P2,5.0,none,cond/mid,2,0.5683,0.2093,3680,3669,pets_trainval_t200_P2_cfg5.0.pt
2026-08-16T15:31:26,pets,200,P2,5.0,none,cond/up_0,2,0.5015,0.1322,3680,3669,pets_trainval_t200_P2_cfg5.0.pt
2026-08-16T15:31:26,pets,200,P2,5.0,none,cond/up_1,2,0.6740,0.3284,3680,3669,pets_trainval_t200_P2_cfg5.0.pt
2026-08-16T15:31:27,pets,200,P2,5.0,none,cond/up_2,2,0.4497,0.1823,3680,3669,pets_trainval_t200_P2_cfg5.0.pt
2026-08-16T15:31:27,pets,200,P2,5.0,none,cfg/down_2,2,0.5874,0.3238,3680,3669,pets_trainval_t200_P2_cfg5.0.pt
2026-08-16T15:31:27,pets,200,P2,5.0,none,cfg/mid,2,0.5429,0.2093,3680,3669,pets_trainval_t200_P2_cfg5.0.pt
2026-08-16T15:31:28,pets,200,P2,5.0,none,cfg/up_0,2,0.4715,0.1401,3680,3669,pets_trainval_t200_P2_cfg5.0.pt
2026-08-16T15:31:28,pets,200,P2,5.0,none,cfg/up_1,2,0.6748,0.3671,3680,3669,pets_trainval_t200_P2_cfg5.0.pt
2026-08-16T15:31:28,pets,200,P2,5.0,none,cfg/up_2,2,0.4682,0.1853,3680,3669,pets_trainval_t200_P2_cfg5.0.pt
2026-08-16T15:31:29,pets,200,P2,5.0,/home/s4184343/lora/pets_r16/ckpt-5000,cond/down_2,2,0.5745,0.2788,3680,3669,pets_trainval_t200_P2_cfg5.0_lora.pt
2026-08-16T15:31:29,pets,200,P2,5.0,/home/s4184343/lora/pets_r16/ckpt-5000,cond/mid,2,0.5762,0.2050,3680,3669,pets_trainval_t200_P2_cfg5.0_lora.pt
2026-08-16T15:31:29,pets,200,P2,5.0,/home/s4184343/lora/pets_r16/ckpt-5000,cond/up_0,2,0.5040,0.1319,3680,3669,pets_trainval_t200_P2_cfg5.0_lora.pt
2026-08-16T15:31:30,pets,200,P2,5.0,/home/s4184343/lora/pets_r16/ckpt-5000,cond/up_1,2,0.6776,0.3216,3680,3669,pets_trainval_t200_P2_cfg5.0_lora.pt
2026-08-16T15:31:30,pets,200,P2,5.0,/home/s4184343/lora/pets_r16/ckpt-5000,cond/up_2,2,0.4492,0.1788,3680,3669,pets_trainval_t200_P2_cfg5.0_lora.pt
2026-08-16T15:31:30,pets,200,P2,5.0,/home/s4184343/lora/pets_r16/ckpt-5000,cfg/down_2,2,0.5707,0.2963,3680,3669,pets_trainval_t200_P2_cfg5.0_lora.pt
2026-08-16T15:31:31,pets,200,P2,5.0,/home/s4184343/lora/pets_r16/ckpt-5000,cfg/mid,2,0.5536,0.2033,3680,3669,pets_trainval_t200_P2_cfg5.0_lora.pt
2026-08-16T15:31:31,pets,200,P2,5.0,/home/s4184343/lora/pets_r16/ckpt-5000,cfg/up_0,2,0.4742,0.1439,3680,3669,pets_trainval_t200_P2_cfg5.0_lora.pt
2026-08-16T15:31:31,pets,200,P2,5.0,/home/s4184343/lora/pets_r16/ckpt-5000,cfg/up_1,2,0.6702,0.3622,3680,3669,pets_trainval_t200_P2_cfg5.0_lora.pt
2026-08-16T15:31:32,pets,200,P2,5.0,/home/s4184343/lora/pets_r16/ckpt-5000,cfg/up_2,2,0.4715,0.1774,3680,3669,pets_trainval_t200_P2_cfg5.0_lora.pt
2026-08-16T15:31:32,pets,200,P2,7.5,none,cond/down_2,2,0.5874,0.2881,3680,3669,pets_trainval_t200_P2_cfg7.5.pt
2026-08-16T15:31:32,pets,200,P2,7.5,none,cond/mid,2,0.5683,0.2093,3680,3669,pets_trainval_t200_P2_cfg7.5.pt
2026-08-16T15:31:33,pets,200,P2,7.5,none,cond/up_0,2,0.5015,0.1322,3680,3669,pets_trainval_t200_P2_cfg7.5.pt
2026-08-16T15:31:33,pets,200,P2,7.5,none,cond/up_1,2,0.6740,0.3284,3680,3669,pets_trainval_t200_P2_cfg7.5.pt
2026-08-16T15:31:33,pets,200,P2,7.5,none,cond/up_2,2,0.4497,0.1823,3680,3669,pets_trainval_t200_P2_cfg7.5.pt
2026-08-16T15:31:34,pets,200,P2,7.5,none,cfg/down_2,2,0.5909,0.3513,3680,3669,pets_trainval_t200_P2_cfg7.5.pt
2026-08-16T15:31:34,pets,200,P2,7.5,none,cfg/mid,2,0.5405,0.2197,3680,3669,pets_trainval_t200_P2_cfg7.5.pt
2026-08-16T15:31:35,pets,200,P2,7.5,none,cfg/up_0,2,0.4682,0.1608,3680,3669,pets_trainval_t200_P2_cfg7.5.pt
2026-08-16T15:31:35,pets,200,P2,7.5,none,cfg/up_1,2,0.6738,0.3933,3680,3669,pets_trainval_t200_P2_cfg7.5.pt
2026-08-16T15:31:35,pets,200,P2,7.5,none,cfg/up_2,2,0.4808,0.1889,3680,3669,pets_trainval_t200_P2_cfg7.5.pt
2026-08-16T15:31:36,pets,200,P2,off,none,down_2,2,0.5816,0.2892,3680,3669,pets_trainval_t200_P2_cfgoff.pt
2026-08-16T15:31:36,pets,200,P2,off,none,mid,2,0.5737,0.2058,3680,3669,pets_trainval_t200_P2_cfgoff.pt
2026-08-16T15:31:36,pets,200,P2,off,none,up_0,2,0.5037,0.1349,3680,3669,pets_trainval_t200_P2_cfgoff.pt
2026-08-16T15:31:37,pets,200,P2,off,none,up_1,2,0.6743,0.3339,3680,3669,pets_trainval_t200_P2_cfgoff.pt
2026-08-16T15:31:37,pets,200,P2,off,none,up_2,2,0.4462,0.1832,3680,3669,pets_trainval_t200_P2_cfgoff.pt
2026-08-16T15:31:37,pets,200,P3,0.0,none,cond/down_2,2,0.9684,0.6141,3680,3669,pets_trainval_t200_P3_cfg0.0.pt
2026-08-16T15:31:38,pets,200,P3,0.0,none,cond/mid,2,0.9602,0.4189,3680,3669,pets_trainval_t200_P3_cfg0.0.pt
2026-08-16T15:31:38,pets,200,P3,0.0,none,cond/up_0,2,0.8204,0.1804,3680,3669,pets_trainval_t200_P3_cfg0.0.pt
2026-08-16T15:31:38,pets,200,P3,0.0,none,cond/up_1,2,0.8923,0.4334,3680,3669,pets_trainval_t200_P3_cfg0.0.pt
2026-08-16T15:31:39,pets,200,P3,0.0,none,cond/up_2,2,0.5533,0.2077,3680,3669,pets_trainval_t200_P3_cfg0.0.pt
2026-08-16T15:31:39,pets,200,P3,0.0,none,cfg/down_2,2,0.5781,0.2965,3680,3669,pets_trainval_t200_P3_cfg0.0.pt
2026-08-16T15:31:39,pets,200,P3,0.0,none,cfg/mid,2,0.5740,0.2150,3680,3669,pets_trainval_t200_P3_cfg0.0.pt
2026-08-16T15:31:40,pets,200,P3,0.0,none,cfg/up_0,2,0.4925,0.1477,3680,3669,pets_trainval_t200_P3_cfg0.0.pt
2026-08-16T15:31:40,pets,200,P3,0.0,none,cfg/up_1,2,0.6634,0.3282,3680,3669,pets_trainval_t200_P3_cfg0.0.pt
2026-08-16T15:31:40,pets,200,P3,0.0,none,cfg/up_2,2,0.4443,0.1832,3680,3669,pets_trainval_t200_P3_cfg0.0.pt
2026-08-16T15:31:41,pets,200,P3,1.0,none,cond/down_2,2,0.9684,0.6141,3680,3669,pets_trainval_t200_P3_cfg1.0.pt
2026-08-16T15:31:41,pets,200,P3,1.0,none,cond/mid,2,0.9602,0.4189,3680,3669,pets_trainval_t200_P3_cfg1.0.pt
2026-08-16T15:31:41,pets,200,P3,1.0,none,cond/up_0,2,0.8204,0.1804,3680,3669,pets_trainval_t200_P3_cfg1.0.pt
2026-08-16T15:31:42,pets,200,P3,1.0,none,cond/up_1,2,0.8923,0.4334,3680,3669,pets_trainval_t200_P3_cfg1.0.pt
2026-08-16T15:31:42,pets,200,P3,1.0,none,cond/up_2,2,0.5533,0.2077,3680,3669,pets_trainval_t200_P3_cfg1.0.pt
2026-08-16T15:31:42,pets,200,P3,1.0,none,cfg/down_2,2,0.9684,0.6141,3680,3669,pets_trainval_t200_P3_cfg1.0.pt
2026-08-16T15:31:43,pets,200,P3,1.0,none,cfg/mid,2,0.9602,0.4189,3680,3669,pets_trainval_t200_P3_cfg1.0.pt
2026-08-16T15:31:43,pets,200,P3,1.0,none,cfg/up_0,2,0.8204,0.1804,3680,3669,pets_trainval_t200_P3_cfg1.0.pt
2026-08-16T15:31:44,pets,200,P3,1.0,none,cfg/up_1,2,0.8923,0.4334,3680,3669,pets_trainval_t200_P3_cfg1.0.pt
2026-08-16T15:31:44,pets,200,P3,1.0,none,cfg/up_2,2,0.5533,0.2077,3680,3669,pets_trainval_t200_P3_cfg1.0.pt
2026-08-16T15:31:44,pets,200,P3,2.0,none,cond/down_2,2,0.9706,0.6228,3680,3669,pets_trainval_t200_P3_cfg2.0.pt
2026-08-16T15:31:45,pets,200,P3,2.0,none,cond/mid,2,0.9572,0.4238,3680,3669,pets_trainval_t200_P3_cfg2.0.pt
2026-08-16T15:31:45,pets,200,P3,2.0,none,cond/up_0,2,0.8253,0.1766,3680,3669,pets_trainval_t200_P3_cfg2.0.pt
2026-08-16T15:31:45,pets,200,P3,2.0,none,cond/up_1,2,0.8923,0.4374,3680,3669,pets_trainval_t200_P3_cfg2.0.pt
2026-08-16T15:31:46,pets,200,P3,2.0,none,cond/up_2,2,0.5541,0.2066,3680,3669,pets_trainval_t200_P3_cfg2.0.pt
2026-08-16T15:31:46,pets,200,P3,2.0,none,cfg/down_2,2,0.9981,0.8760,3680,3669,pets_trainval_t200_P3_cfg2.0.pt
2026-08-16T15:31:46,pets,200,P3,2.0,none,cfg/mid,2,0.9965,0.7479,3680,3669,pets_trainval_t200_P3_cfg2.0.pt
2026-08-16T15:31:47,pets,200,P3,2.0,none,cfg/up_0,2,0.9588,0.2881,3680,3669,pets_trainval_t200_P3_cfg2.0.pt
2026-08-16T15:31:47,pets,200,P3,2.0,none,cfg/up_1,2,0.9684,0.5988,3680,3669,pets_trainval_t200_P3_cfg2.0.pt
2026-08-16T15:31:47,pets,200,P3,2.0,none,cfg/up_2,2,0.6866,0.2505,3680,3669,pets_trainval_t200_P3_cfg2.0.pt
2026-08-16T15:31:48,pets,200,P3,3.0,none,cond/down_2,2,0.9706,0.6228,3680,3669,pets_trainval_t200_P3_cfg3.0.pt
2026-08-16T15:31:48,pets,200,P3,3.0,none,cond/mid,2,0.9572,0.4238,3680,3669,pets_trainval_t200_P3_cfg3.0.pt
2026-08-16T15:31:49,pets,200,P3,3.0,none,cond/up_0,2,0.8253,0.1766,3680,3669,pets_trainval_t200_P3_cfg3.0.pt
2026-08-16T15:31:49,pets,200,P3,3.0,none,cond/up_1,2,0.8923,0.4374,3680,3669,pets_trainval_t200_P3_cfg3.0.pt
2026-08-16T15:31:49,pets,200,P3,3.0,none,cond/up_2,2,0.5541,0.2066,3680,3669,pets_trainval_t200_P3_cfg3.0.pt
2026-08-16T15:31:50,pets,200,P3,3.0,none,cfg/down_2,2,0.9992,0.9488,3680,3669,pets_trainval_t200_P3_cfg3.0.pt
2026-08-16T15:31:50,pets,200,P3,3.0,none,cfg/mid,2,0.9992,0.9095,3680,3669,pets_trainval_t200_P3_cfg3.0.pt
2026-08-16T15:31:50,pets,200,P3,3.0,none,cfg/up_0,2,0.9831,0.4437,3680,3669,pets_trainval_t200_P3_cfg3.0.pt
2026-08-16T15:31:51,pets,200,P3,3.0,none,cfg/up_1,2,0.9856,0.7364,3680,3669,pets_trainval_t200_P3_cfg3.0.pt
2026-08-16T15:31:51,pets,200,P3,3.0,none,cfg/up_2,2,0.7822,0.2919,3680,3669,pets_trainval_t200_P3_cfg3.0.pt
2026-08-16T15:31:51,pets,200,P3,5.0,none,cond/down_2,2,0.9706,0.6228,3680,3669,pets_trainval_t200_P3_cfg5.0.pt
2026-08-16T15:31:52,pets,200,P3,5.0,none,cond/mid,2,0.9572,0.4238,3680,3669,pets_trainval_t200_P3_cfg5.0.pt
2026-08-16T15:31:52,pets,200,P3,5.0,none,cond/up_0,2,0.8253,0.1766,3680,3669,pets_trainval_t200_P3_cfg5.0.pt
2026-08-16T15:31:52,pets,200,P3,5.0,none,cond/up_1,2,0.8923,0.4374,3680,3669,pets_trainval_t200_P3_cfg5.0.pt
2026-08-16T15:31:53,pets,200,P3,5.0,none,cond/up_2,2,0.5541,0.2066,3680,3669,pets_trainval_t200_P3_cfg5.0.pt
2026-08-16T15:31:53,pets,200,P3,5.0,none,cfg/down_2,2,0.9997,0.9869,3680,3669,pets_trainval_t200_P3_cfg5.0.pt
2026-08-16T15:31:53,pets,200,P3,5.0,none,cfg/mid,2,0.9997,0.9738,3680,3669,pets_trainval_t200_P3_cfg5.0.pt
2026-08-16T15:31:54,pets,200,P3,5.0,none,cfg/up_0,2,0.9945,0.6936,3680,3669,pets_trainval_t200_P3_cfg5.0.pt
2026-08-16T15:31:54,pets,200,P3,5.0,none,cfg/up_1,2,0.9948,0.8842,3680,3669,pets_trainval_t200_P3_cfg5.0.pt
2026-08-16T15:31:54,pets,200,P3,5.0,none,cfg/up_2,2,0.8714,0.4047,3680,3669,pets_trainval_t200_P3_cfg5.0.pt
2026-08-16T15:31:55,pets,200,P3,7.5,none,cond/down_2,2,0.9706,0.6228,3680,3669,pets_trainval_t200_P3_cfg7.5.pt
2026-08-16T15:31:55,pets,200,P3,7.5,none,cond/mid,2,0.9572,0.4238,3680,3669,pets_trainval_t200_P3_cfg7.5.pt
2026-08-16T15:31:55,pets,200,P3,7.5,none,cond/up_0,2,0.8253,0.1766,3680,3669,pets_trainval_t200_P3_cfg7.5.pt
2026-08-16T15:31:56,pets,200,P3,7.5,none,cond/up_1,2,0.8923,0.4374,3680,3669,pets_trainval_t200_P3_cfg7.5.pt
2026-08-16T15:31:56,pets,200,P3,7.5,none,cond/up_2,2,0.5541,0.2066,3680,3669,pets_trainval_t200_P3_cfg7.5.pt
2026-08-16T15:31:56,pets,200,P3,7.5,none,cfg/down_2,2,1.0000,0.9951,3680,3669,pets_trainval_t200_P3_cfg7.5.pt
2026-08-16T15:31:57,pets,200,P3,7.5,none,cfg/mid,2,0.9997,0.9864,3680,3669,pets_trainval_t200_P3_cfg7.5.pt
2026-08-16T15:31:57,pets,200,P3,7.5,none,cfg/up_0,2,0.9965,0.8215,3680,3669,pets_trainval_t200_P3_cfg7.5.pt
2026-08-16T15:31:57,pets,200,P3,7.5,none,cfg/up_1,2,0.9973,0.9403,3680,3669,pets_trainval_t200_P3_cfg7.5.pt
2026-08-16T15:31:58,pets,200,P3,7.5,none,cfg/up_2,2,0.9207,0.5421,3680,3669,pets_trainval_t200_P3_cfg7.5.pt
2026-08-16T15:31:58,pets,200,P3,off,none,down_2,2,0.9684,0.6141,3680,3669,pets_trainval_t200_P3_cfgoff.pt
2026-08-16T15:31:58,pets,200,P3,off,none,mid,2,0.9602,0.4189,3680,3669,pets_trainval_t200_P3_cfgoff.pt
2026-08-16T15:31:59,pets,200,P3,off,none,up_0,2,0.8204,0.1804,3680,3669,pets_trainval_t200_P3_cfgoff.pt
2026-08-16T15:31:59,pets,200,P3,off,none,up_1,2,0.8923,0.4334,3680,3669,pets_trainval_t200_P3_cfgoff.pt
2026-08-16T15:31:59,pets,200,P3,off,none,up_2,2,0.5533,0.2077,3680,3669,pets_trainval_t200_P3_cfgoff.pt
2026-08-16T15:32:00,pets,200,P3,off,/home/s4184343/lora/pets_r16/ckpt-5000,down_2,2,0.9608,0.6176,3680,3669,pets_trainval_t200_P3_cfgoff_lora.pt
2026-08-16T15:32:00,pets,200,P3,off,/home/s4184343/lora/pets_r16/ckpt-5000,mid,2,0.9531,0.4336,3680,3669,pets_trainval_t200_P3_cfgoff_lora.pt
2026-08-16T15:32:01,pets,200,P3,off,/home/s4184343/lora/pets_r16/ckpt-5000,up_0,2,0.8267,0.1881,3680,3669,pets_trainval_t200_P3_cfgoff_lora.pt
2026-08-16T15:32:01,pets,200,P3,off,/home/s4184343/lora/pets_r16/ckpt-5000,up_1,2,0.9084,0.4781,3680,3669,pets_trainval_t200_P3_cfgoff_lora.pt
2026-08-16T15:32:01,pets,200,P3,off,/home/s4184343/lora/pets_r16/ckpt-5000,up_2,2,0.6094,0.2249,3680,3669,pets_trainval_t200_P3_cfgoff_lora.pt
2026-08-16T15:32:01,pets,200,P4,off,none,down_2,2,0.9632,0.5914,3680,3669,pets_trainval_t200_P4_cfgoff.pt
2026-08-16T15:32:02,pets,200,P4,off,none,mid,2,0.9605,0.4276,3680,3669,pets_trainval_t200_P4_cfgoff.pt
2026-08-16T15:32:02,pets,200,P4,off,none,up_0,2,0.8141,0.1780,3680,3669,pets_trainval_t200_P4_cfgoff.pt
2026-08-16T15:32:03,pets,200,P4,off,none,up_1,2,0.8883,0.4293,3680,3669,pets_trainval_t200_P4_cfgoff.pt
2026-08-16T15:32:03,pets,200,P4,off,none,up_2,2,0.5549,0.2090,3680,3669,pets_trainval_t200_P4_cfgoff.pt
2026-08-16T15:32:03,pets,300,P0,off,none,down_2,2,0.5435,0.2742,3680,3669,pets_trainval_t300_P0_cfgoff.pt
2026-08-16T15:32:04,pets,300,P0,off,none,mid,2,0.5478,0.2137,3680,3669,pets_trainval_t300_P0_cfgoff.pt
2026-08-16T15:32:04,pets,300,P0,off,none,up_0,2,0.4819,0.1472,3680,3669,pets_trainval_t300_P0_cfgoff.pt
2026-08-16T15:32:04,pets,300,P0,off,none,up_1,2,0.6479,0.3164,3680,3669,pets_trainval_t300_P0_cfgoff.pt
2026-08-16T15:32:05,pets,300,P0,off,none,up_2,2,0.4456,0.1810,3680,3669,pets_trainval_t300_P0_cfgoff.pt
2026-08-16T15:32:05,pets,500,P0,off,none,down_2,2,0.3977,0.2041,3680,3669,pets_trainval_t500_P0_cfgoff.pt
2026-08-16T15:32:05,pets,500,P0,off,none,mid,2,0.3968,0.1772,3680,3669,pets_trainval_t500_P0_cfgoff.pt
2026-08-16T15:32:06,pets,500,P0,off,none,up_0,2,0.3423,0.1085,3680,3669,pets_trainval_t500_P0_cfgoff.pt
2026-08-16T15:32:06,pets,500,P0,off,none,up_1,2,0.5075,0.2464,3680,3669,pets_trainval_t500_P0_cfgoff.pt
2026-08-16T15:32:06,pets,500,P0,off,none,up_2,2,0.3739,0.1578,3680,3669,pets_trainval_t500_P0_cfgoff.pt
2026-08-16T15:32:07,pets,50,P0,off,none,down_2,2,0.5985,0.2854,3680,3669,pets_trainval_t50_P0_cfgoff.pt
2026-08-16T15:32:07,pets,50,P0,off,none,mid,2,0.5680,0.2071,3680,3669,pets_trainval_t50_P0_cfgoff.pt
2026-08-16T15:32:07,pets,50,P0,off,none,up_0,2,0.4980,0.1360,3680,3669,pets_trainval_t50_P0_cfgoff.pt
2026-08-16T15:32:08,pets,50,P0,off,none,up_1,2,0.6634,0.3031,3680,3669,pets_trainval_t50_P0_cfgoff.pt
2026-08-16T15:32:08,pets,50,P0,off,none,up_2,2,0.4260,0.1671,3680,3669,pets_trainval_t50_P0_cfgoff.pt
